village_name,longitude,latitude,population
Malanville,3.4956274073602427,11.628546908715837,44
Location #7909,2.1697753242217095,7.3771393325960135,108
Dahè,1.9325910152253634,6.524082889587977,198
Kouarfa,1.5586842821886384,10.563093902021976,1297
Bopa,1.9440511093943416,6.62421124874698,281
Location #15653,2.926753243913305,10.172764228589013,41
Tchalinga,1.394359775879793,9.796801416355878,106
Illosso-Saharo,2.5937559977966984,6.733788767240612,101
Takotiéta,1.0263993419350763,10.291833642465008,72
Location #12525,2.8328698353886947,10.175550030034149,59
Location #13073,2.5844407017596938,6.677054107867888,54
Tchaourou,2.6940653737666884,8.977838544199697,64
Karhoum-Dora,1.4537420070645999,9.854968041899243,36
Kandérou,2.566676962891808,11.626510082909178,85
Ouenou,3.535980901721476,9.925461153226491,34
Location #17094,2.4157308155999653,11.517475407782582,21
Kalalé,3.307136961530691,10.393771731755354,268
Location #16590,2.780824084734482,10.858445164876537,31
Sori,2.756629687020131,10.742607179298476,49
Bopa,1.9463460222560114,6.629544640664873,67
Materi,1.0382747771250445,10.65372862978657,82
Tchaourou,2.5742261541866633,9.242981493620453,52
KORA SEKO KPAROU,3.418559134969444,9.935181288478052,39
Location #4166,2.8900634046258844,9.44007534442961,245
Banikoara,2.4937048627374114,11.222099994425372,31
Location #6753,0.8574190662726892,10.482932618152342,134
Kpinnou,1.7561031300396983,6.5995375901753,59
Wondou,2.992499362338726,9.571833314215963,121
Malanville,3.4567263071082115,11.63777757650122,376
Kouandé,1.7962183276973431,10.381618979293316,36
Location #11322,2.696942097293307,7.697532841548875,67
Location #12026,1.0971098627108493,10.307360442518387,62
Pénélan,1.475437203894228,9.254305237037872,57
Ahouango,2.0373263920825107,6.6758956809309025,54
Péhunco,2.009228372797443,10.243539471569765,80
Location #11997,2.381328659898924,11.117293311430931,62
Ahouango,2.02150570741579,6.650925588104354,332
Gninsy,3.021177531655637,9.583677906606784,57
Ougoubigo,2.4550633040452117,11.620738826144203,44
Djougou,1.7975461589523616,9.723753737285593,98
Location #14891,1.3908048544840599,10.107711394018946,46
Mlinkpin-Guingnin,2.1676278800621698,7.318538715969511,276
Zangnanado,2.401649334257169,7.208339405982533,307
Ouidah,2.0937332297821287,6.445809160162931,173
Ouèssè,2.4117774441111974,8.352241997726766,459
Ankouamon,2.437194004299012,11.650698671901669,52
Dogbo,1.7680813474809145,6.821298567403351,77
Bobéna,3.536293605326433,10.793405873517726,995
Location #14222,1.4891433798725082,10.383209975674362,49
Agbangnizoun,1.9861136521757945,7.095048452171043,544
TININGOU,1.3612856385766703,9.921591221821021,170
Bopa,2.0180455120919003,6.729197781871069,82
Location #10193,1.143236645923417,10.501882905499334,77
Location #16664,2.9310864409014807,10.998059036773862,31
Location #6695,1.7741811116909798,7.370384104923185,134
Location #14216,1.3618394689782134,9.594462185886147,49
Location #13556,2.280022877433167,7.266474539039218,52
Ichougbo,2.6031305264533713,7.030267928884986,70
Pobè,2.693325219791046,6.9356435960050336,67
Location #10516,2.6965712037529626,10.004473353293081,75
Kalalé,3.3589582813039254,10.312406592073575,101
Djougou,1.643355405328278,9.688467882811292,184
Pobè,2.7018301342918853,7.0728477215808425,36
Ojassa,2.7508822086092577,7.04002507786123,93
Kpénati,2.38559282386566,10.320621877634263,34
Taba,1.7558334375602414,9.233696846514125,77
Dassa-Zoumé,2.1875961471427634,7.852790144386102,106
Tchaourou,2.69572788898831,9.229257132482164,46
Keroukpogo,2.6457688154444083,10.06513463583872,106
Location #12099,2.0492059023974445,6.727556206860653,62
Banamè,2.3527476498083324,7.299061711557128,54
Sèmèrè II,1.3779181898704487,9.503610705786976,88
Papara,2.905183171781654,10.163873091152375,121
Location #7876,2.7397757915469665,6.894122904491251,111
Location #12666,1.879206240403235,7.514525952280987,57
Kongou,2.92950037798948,11.217883713770286,281
Ouaké,1.363640948792524,9.776980901532909,54
Dassa-Zoumé,2.130646644809909,7.861351630181708,433
Zoungou-Pantrossi,2.9750439294501145,10.78555147972787,67
Dassa-Zoumé,2.1658475137979174,7.611993068967047,52
Manigri,1.6941132877236174,8.98362878422398,46
Sekere,2.459430336343529,10.458905518149146,44
Gamia,2.7316635346970335,10.496759860113292,131
Savalou,1.8580072358654194,7.664626909078706,85
Location #12650,2.0640329663568164,11.032654922322466,59
Bagudo,3.5782792698111776,11.664313680335672,186
Za-Tanta,2.1774405000171457,7.261834254130587,209
Dassa-Zoumé,2.1105345666876327,7.6574128801588826,121
Toué,2.3278369883138827,7.2004272871385275,111
Ita-Djebou,2.6243413355797345,6.8157711096719185,64
Dipoli,1.0008915377887115,10.343799580037839,41
Doutou,1.8865548634082867,6.5823238474115975,64
Tori-Bossito,2.1849028947207962,6.564769690271141,80
Location #16277,2.6508906026704375,11.320390228894858,36
Tchaourou,2.5154837241857044,9.030063770734332,62
Djougou,1.5412389420109216,9.737480209172729,165
Location #2453,2.1300353099696436,6.763818265979155,469
Location #11358,2.6354512487235744,9.66388608996495,67
Gah Gbérou,2.9448994687655734,9.42045348760286,70
Gbéssaka,3.4039142046673967,10.97266942529013,137
Tayakou,1.2211485669556275,10.559309309746014,335
Natitingou,1.4140815391311918,10.360178664846638,70
Bopa,1.9497354722618174,6.715717015854236,72
Gamboré,2.1865504267350455,10.887327915966877,28
Tanguieta,1.278536673913947,10.674090304124363,111
Location #10149,3.543888412568047,10.666287975869043,77
BAANI,3.1228639136992276,10.0029000137541,116
Location #9162,0.8569988732712057,10.741184600724017,90
Location #1456,0.8794384866355669,10.58277212989819,840
Kpanroun,2.356044541019883,6.665889634510555,183
Igbo-Assan,2.557454366556435,6.827066881599019,139
Location #7666,2.4749828951803234,7.835212902321142,113
Location #8671,1.8454254054821695,9.871615644288662,95
Malanville,3.1705467603189263,11.720380602865985,149
Dogbo,1.8211264856444567,6.836128059921544,276
Djougou,1.6783588844030395,9.674668925362676,131
Djidja,1.8974386245667851,7.357292399093554,36
Parakou,2.6646937499229986,9.363149102141232,358
Kouaba,1.2361557296623944,10.241942582328967,77
Kétou,2.4495896358242155,7.386211880908117,41
Materi,1.0437149903978726,10.655851820169556,72
Allada,2.0521272536519906,6.671459665698123,49
Tchaourou,2.823131493607178,9.095296580331853,57
Boukombé,1.037124817620682,10.213317225613107,116
Bafounou,2.5156170962240845,11.374966598524429,54
Bopa,1.9531481160348714,6.6445443549220204,242
Bagou,2.6830121902730566,10.854916678224422,101
Location #15733,2.295158131595731,7.472065817408258,41
Massé,2.618525176580588,7.210604874463098,108
Agonvy,2.5907982203418407,6.870023656462858,54
Adido,2.5522183492320814,6.839702392170347,302
Ouaké,1.3749535427063075,9.641474108147584,52
Location #16677,2.648911976825846,11.290062147265441,31
Houéyogbé,1.835915215220103,6.588955467746892,232
Houéyogbé,1.8477793543538665,6.574781660539548,137
Lokossa,1.9005874391948456,6.767875270663514,59
Location #15473,2.62375201857217,11.615240332210984,41
Kouandé,1.7921384897841457,10.358335772818533,188
Dangazori,2.9820503346795264,12.279077879044248,62
Bopa,1.8355911066531447,6.673264177624749,64
Kalalé,3.491549324765959,10.223789988754486,260
Nalouhou 1,1.6201022333126869,9.762723341856116,64
Allada,2.1802849786440563,6.643693082341982,52
Kouporgou,1.0672829399654955,10.257359331998973,28
Kouandé,1.7429466845276818,10.560055169405798,36
Songorogougou,2.358801041630284,11.272338788365927,54
Dogbo,1.678471321195799,6.734170014375728,80
Ganoussirou,2.524810617609336,11.456437377024013,39
Malanville,3.575858335118477,11.671607480764965,485
Location #5446,1.8942482406480918,7.4279329965193694,175
Kpadé,2.9041997079545703,11.035675215692978,72
Location #1872,2.3020775170091445,11.310384283579136,634
Ouaké,1.509458816058553,9.459433482213822,93
Ita-Djebou,2.6562555039718525,6.849555358847112,93
Aledjo-Koura,1.4305277112791082,9.403505125533162,175
Tantéga,1.0172891173857355,10.83818513701625,161
Lokossa,1.8776547412621631,6.7529562082622885,198
Location #12016,2.04569076214186,6.759848433332127,62
Tagayé,1.2980260735098,10.309449400985068,57
Sakété,2.6783090592090804,6.781262903871886,101
Tchaourou,3.0359906920982516,9.157997566062642,54
Location #7503,1.670397515989483,8.880132186305168,116
Tchaourou,2.4818825039856365,9.288210899375372,44
Tantéga,0.9982897542839994,10.735197407286462,162
Location #10931,2.5190266479512227,11.580249572830304,72
Adjarawamè,2.561616445064557,6.832104368312607,75
Faranguédou,2.895525027628032,11.190923262861817,54
Malanville,3.2277703021571313,11.714282562257303,52
Kalalé,3.5351937965506663,10.245532936600881,126
Tchaourou,2.5955109498402322,9.030713904641578,67
Tchaourou,2.6253660616703454,9.20495682886329,59
Ouroumon,3.2475637592836986,9.922189963416638,77
Kalalé,3.491177788280904,10.216959355050756,93
Location #13915,2.5141507418399494,10.480805716129291,52
Location #604,2.2968139083960075,6.981381235487478,2067
Kodé-Gouké,2.463620206943282,6.7776039790396325,57
YARAMA,2.854881651825451,10.114140007757326,54
Location #6225,2.2468354253421414,6.732805044685104,147
Natta,1.1103566840260028,10.211818617415137,706
Location #5941,2.5636758005015103,11.634094349967228,157
GOURÈ TÉPEL,3.3712945665524043,9.899302702423544,44
Pobè,2.663067782905914,7.008140863166594,103
Location #16087,0.9684287895571586,10.331593518188825,39
Lokossa,1.6070850371464023,6.63302565701266,82
Kandi,2.8278865193889176,11.24600317909988,36
Bopa,1.9488633862050857,6.7017756597864695,173
Location #1835,2.3762155019141677,7.137647494950444,650
Location #6164,2.740056659985913,11.37756485962832,149
Anandana,1.3821212628322674,9.908934512876199,139
Faranguédou,2.8868106597132637,11.189329915519995,62
Location #14444,2.1957691773148333,11.114174425946096,49
Banamè,2.314983731235104,7.365824894381004,77
Pobè,2.7213100872663634,6.984764370801136,31
Location #16257,1.164933193772456,10.70311505738892,36
Kalalé,3.7343099229002616,10.540370276102367,554
Dassa-Zoumé,2.4194053271360727,7.54265258749046,322
Location #16502,2.6685019948469804,11.311785154365948,34
Location #9622,2.0322707025232742,9.78704218615177,82
Location #6002,1.1050455983993355,10.418480718139401,155
Location #8169,0.8835370891793641,10.419874428471289,106
Fafa,3.0121556982580886,11.2102987269575,44
Location #17160,2.153344856054114,11.166809693981726,15
Location #14621,2.6436467585702967,6.638030391037841,46
Domè,2.2468988511543193,7.101372861698513,113
Péhunco,2.0448141735927767,10.18278443816934,36
Tori-Bossito,2.047402594174298,6.5358377522020366,52
Ouroumon,3.3375549854133486,9.874966542654489,198
Kokey,2.5502990910363157,11.363041614784395,85
Ouèssè,2.5573141331165705,8.597583987264187,51
Awonou,2.556118536838916,6.729484749601178,191
Honhoué,1.9039948885294804,6.56358140123781,302
Tchaourou,2.904949250707763,9.236383435178599,36
Péhunco,1.9658608880049788,10.213536823038616,95
Savalou,1.7458449534227616,7.695273692351191,39
Kankoulga,1.5698814871511027,9.94206552236382,39
Location #16967,1.727836021358471,9.505831647573144,23
Location #8923,1.199962671900858,10.250122329233667,93
Zè,2.230142970234317,6.674686972477088,57
Djougou,1.679510325032239,9.73175830214901,682
Dassa-Zoumé,2.3962651157704986,7.630172839223631,46
Goumori,2.2912086040721986,11.117534891967612,44
Location #6454,2.6244075904547723,7.691730249531712,142
Manta,1.1340245219898508,10.33174886883501,52
Location #14876,1.0510624884455992,10.301350961771101,46
Savalou,2.108716370013981,7.903977740502302,28
Location #12692,2.4968418814409477,10.446617222546012,57
Lobogo,1.8887662505950218,6.701854766635991,72
Location #11496,2.2113280332433516,11.15727205237694,67
Banikoara,2.556412952826564,11.255047309587328,139
Location #6554,1.13891968494154,10.54038570547983,139
Dassa-Zoumé,2.375532628033629,7.603523965184727,356
Grand-Popo,1.8249051164376198,6.335714433462956,23
Location #15035,2.0937781002565297,8.426040043443805,44
Ita-Ègbèbi-Alakporou,2.729213480280281,6.907372898177456,90
Ouèssè,2.2346049739081377,8.516040794365809,64
Bohicon,2.107973826545269,7.18761644810539,57
Sori,2.798581660704829,10.746643660687635,80
Ouenou,3.276685948131236,9.81322725989113,183
Gougnirou,2.467676687822025,11.489651324121644,54
Kouandé,1.4962079191305442,10.006950489664476,70
Natitingou,1.3872014124980527,10.39318749750235,93
Savalou,1.9305330327312162,7.864090578285522,34
Bohicon,2.1563113084200136,7.165563019193759,95
Malanville,3.3716480588591717,11.766821393638105,41
Bopa,1.8919547689888285,6.729480336439305,75
Bopa,1.9181934383479686,6.773404322643307,108
Komiguea,2.5029438453542947,9.559720429175472,23
Location #12175,2.2528130332388603,6.803898408740598,62
Kandi,2.8247206780317162,11.22747180999064,34
Zoungou-Pantrossi,2.8516523402199225,10.817436649204295,332
Ouaké,1.3799005494463732,9.754165802090576,49
Partago,1.8985012496593494,9.549568542608899,183
Doga,2.3991363597879363,7.1978699696825235,234
Location #10063,2.010347733102281,7.470999515206766,80
Location #2244,2.553225099181803,6.717022482601537,521
Location #16703,2.4280525203635324,11.071417480463905,31
Tchakama,3.3114350303352307,10.89992625628109,39
Kongou,2.8989233188575496,11.211537617541861,54
Kpoulou-Itchougan,2.609806619208764,7.028771844675133,72
Location #10921,0.8279172952431166,10.352927954209061,72
Location #12620,1.853903447898714,7.442876269913145,59
Sampèto,2.419115156870174,11.583767737880333,28
Poto,2.559142948700824,11.320009606492052,39
Location #11246,2.2168842572166505,7.4881365982098,67
Kongou,2.9083441878262333,11.17929526937435,93
Kpomassè,2.0371348104291287,6.464598506611931,52
Za-Tanta,2.146813494678513,7.246949893098885,410
Savalou,1.6780612210132972,7.646286898097596,46
Pam-Pam,1.51720632995569,10.084468262607931,49
Location #4565,2.12385300078809,8.314902851505861,219
Location #8251,2.772583991596903,11.011816812035583,103
Zoungbonou,1.7951032782913419,6.606594336852805,296
Savalou,1.8281061156618648,7.731749509160806,70
Dassa-Zoumé,2.1670061830432075,7.668734709329977,193
Gounin,2.5463920564353,9.871833283721541,170
Takotiéta,1.10229027870288,10.335516395772586,229
Nikki,3.2186164595179894,9.84651555216998,642
Tchaourou,2.3863447484820015,8.855418200755967,39
Location #8797,1.3629012572699548,10.41030502517543,95
Mlinkpin-Guingnin,2.147525129456496,7.30986600968127,157
Location #11744,1.9607952586803432,6.755515161337494,64
Savalou,1.7517879943996149,7.662412731241855,180
Location #16518,2.154986080284557,7.493452967387232,34
Kouandé,1.4908227845224176,9.985616813094417,49
Houéyogbé,1.8721391307825965,6.480892372096238,103
Azowlissè,2.5203901848160153,6.691948965151801,492
Location #13805,1.9348597858897858,10.100651411472148,52
Nikki,3.181546784201155,9.871296051617957,62
Gogoro,2.645698325501595,8.324399761704512,46
Location #15613,0.9448431280679483,10.370240130523491,41
Yoko,2.6104031278000175,6.73124402133839,157
Porga,0.9678157361319805,11.043779179060882,407
Tayakou,1.1887265974754813,10.551825602125378,126
Lokossa,1.6881505930511511,6.708390214060712,126
Ouaké,1.4850893479886134,9.485784547876008,44
Ouoré,2.203406759255097,10.882105198557076,13
Bopa,1.8533045343703478,6.714392839759428,90
Kandi,2.9156108973839023,11.196189719999792,85
Allada,2.1959500506502705,6.771711808074557,49
Location #9135,3.088477308838593,9.768810261228777,90
Pèrèrè,3.135344811964587,9.685999110261411,75
Kouandé,1.7407063495738797,10.28819090842802,49
Location #7155,2.72433648238672,10.948387676559388,124
Location #7831,2.5786250171333487,6.8770618913412545,111
Kabagbèdè,3.073271831580147,11.344688803758967,44
Massi,2.2684085074227713,6.952643175040205,46
Takotiéta,1.078968135958982,10.30868730901214,39
Location #13692,1.1859292768090066,10.121153135983644,52
Location #9457,2.73385226944191,6.894363095105763,85
Zoungou-Pantrossi,2.9303847579280484,10.721907114163736,77
Banikoara,2.5185217117996688,11.231453277107905,52
Takon,2.5981340601531535,6.672356507668346,90
Agbangnizoun,1.8758939076254455,7.138949064644077,54
Location #13355,0.9711525509863868,10.8753323034469,54
Savalou,1.7318157474154006,7.520194071068306,59
Tantéga,1.015844163084805,10.797526486098256,64
Gbada,2.561110731967341,6.6614834707672905,36
Dassa-Zoumé,2.4045094603070254,7.690864279105663,80
Tchaourou,2.44503767562791,9.436045099332226,44
Awonou,2.5485594389378465,6.766057021911782,67
Location #6504,0.8802381056453665,10.478447196391073,142
Taberou,3.234008255912302,9.926446646276638,149
Dassa-Zoumé,2.357258606528546,7.394766376012701,57
Location #14803,2.5715704625383258,8.08299620918836,46
Location #10696,1.6553834255128022,9.353037426946827,72
ISSA KPAROU,3.1067466875011336,9.945071624885099,54
Agoua,1.9359929836935565,8.356860787233579,54
Location #16811,1.0510005111751821,10.291686667569712,28
Location #16716,2.1975305726961496,11.121366380182819,31
Location #11301,2.012351964980059,11.040645752388725,67
Glazoué,2.2784915891429396,7.976673159565883,222
Location #15868,2.6796664252472864,11.332187474495399,39
Malanville,3.125665401783719,11.497726808558864,44
Tchaourou,2.911431742803401,9.117302623745251,52
Aklampa,2.2629223492996635,8.260428716237799,23
Namoutiaga,0.9840775853310547,10.475677776728077,46
Location #13904,1.2004579908183608,10.316850003493423,52
Copargo,1.6253648531923692,9.850598431172568,113
Location #10432,2.123853530474823,7.457588001341446,75
Guéra-Nkali-Tassi,2.8683357911137373,10.338589318211023,34
Kalalé,3.607701135548789,10.45228245064716,46
Gounarou,2.946229920432539,10.943375088636012,52
Tchayagbangba,2.601533324414557,8.153146882882053,196
Location #13253,1.0758193222913537,10.430224000603094,54
Kerou Bagou,2.7069302926192154,10.750980988072381,39
Tchaourou,3.0653112918534045,9.171942541500885,46
Tantéga,1.0498598874028338,10.778749134380849,168
Goro,2.4856628124696343,8.91354680223464,95
Ita-Djebou,2.5997183928046614,6.80585365933348,52
Kouté,3.800813426672387,10.68421796382045,1539
Adjohoun,2.500881739996432,6.685890777157293,1183
Dassa-Zoumé,2.1844172986707435,7.653842689275963,70
Za-Tanta,2.2089631290670684,7.317319835836702,49
Koumagou,1.133078754510882,10.1279271193992,88
Tori-Bossito,2.1258122836443634,6.564229412454474,36
Kouandé,1.7943028903714187,10.197129391802378,31
Gounarou,2.9020238714065565,10.929074149793308,52
Kouandé,1.5854414554259988,9.96449373695049,119
Tabota,1.0544266794206094,10.407838179716787,72
Beket,1.9896924703669485,10.253886454945402,253
Location #10464,2.6536006408245663,6.627820904506404,75
Cobli,1.0094337966291809,10.525345689392063,52
Ita-Djebou,2.6024210624864437,6.8359331861990045,108
Kouandé,1.7517510028327063,10.407536802990863,98
Location #15588,1.7698504696344224,9.289067315001251,41
Kalalé,3.2843276752077526,10.159342072636301,165
Koutangou,1.0751208575928746,10.373366857265625,95
Lokossa,1.898543957851769,6.763775980569624,46
Agouna,1.7255125221710077,7.555872817019452,67
Kétou,2.436360586814992,7.377918977275347,59
Banamè,2.382409658130407,7.225148437985219,109
Dogbo,1.8053882563839998,6.8002457316704765,54
Tchayagbangba,2.616844414579315,8.165892448733697,155
Savalou,1.9870781665696653,7.643691923262379,54
Lobogo,1.8605788351400965,6.730421830726367,57
Location #13045,2.4683547671383934,9.83047496636429,57
Ahouango,2.0010328295287665,6.552741914390623,52
Location #14572,1.719138781628841,9.909476541244803,49
Pobè,2.716702005278326,7.0917759117256916,237
Parakou,2.6678185322718706,9.387303529267006,211
Kalalé,3.6347724801231815,10.444005663662697,235
Djantchè Bâtè,3.6792644202750364,10.663185340088953,41
Kalalé,3.2638642704487517,10.469165115508275,108
Location #6971,0.8516401531771329,10.49238898546586,129
Location #9068,2.419194779518492,11.509524565305036,90
Grand-Popo,1.7841105479337878,6.428035120577414,75
Boukombé,1.126707731183423,10.197111830111027,253
Location #12929,2.6344948255036056,8.07885653969572,57
Ten-Dora,2.3345615705067124,10.209244419403728,62
Aledjo-Koura,1.4563251741771233,9.313030582558534,62
Lobogo,1.9312324285853895,6.705755234946337,149
Bohicon,2.0667580273427184,7.134052645432201,278
Ouidah,2.0841466323850746,6.427965811953402,57
Oké-Olou-Ossin,2.6684159497685127,8.215377701113432,26
Location #14934,1.9223770419095463,7.452515275192269,46
Dassa-Zoumé,2.1602997420483154,7.569760904669018,119
Location #4502,1.7767247828982005,10.041344790486262,222
Kandérou,2.52771729568268,11.659986994145227,134
Comè,1.8808343654685356,6.369016166339714,93
Location #5097,2.168567286388551,7.227712492378572,193
Tchalinga,1.4141336804519171,9.797206861274661,188
Savalou,1.6840316669413768,8.125600835169003,317
Anandana,1.388325686486134,9.963740866786942,70
Location #15063,2.523275974901091,7.008780568207044,44
Pobè,2.689034089096405,7.024694653180463,62
Location #15895,1.6467220417609423,9.90903794440524,39
Ouenou,3.2745335933316664,9.809259869964329,90
Ouinhi,2.537148731165878,7.029442164700605,62
Coussi,2.1547822807855788,6.827380780571897,54
Location #6730,2.608006288787808,11.405097745814325,134
Location #15758,0.8493056048036105,10.348548524734463,41
Tchaourou,2.4951477424652873,9.427822969970478,57
Kouporgou,1.1556121908955224,10.238787107471229,72
Zè,2.244883277395802,6.678990972448642,144
Tchaourou,2.920839849947789,9.304122269059718,101
Bopa,1.8573067753505714,6.691837575180886,49
Sanson,2.3574466418938216,9.312398653362715,36
Manta,1.1162786954153123,10.382016178525225,46
Kétou,2.541447788898946,7.253145653319495,113
Malanville,3.1912636128298995,11.62650419517297,113
Location #6483,1.7616520644276377,9.9472675760048,142
Location #11875,0.8670667413786439,10.447419762375132,64
Kalalé,3.2560471376114863,10.37420219126982,217
Zoungou-Pantrossi,2.8529478521153973,10.825934186591558,44
Kpadé,2.9001236931774708,11.011627223002705,106
Sampèto,2.3697038288427974,11.655873529631723,116
Banikoara,2.3931214518017234,11.149405752653967,31
Kouaba,1.2086715984929488,10.19984041866316,46
Location #13750,2.625388798153829,11.597364685090879,52
Location #4223,2.006130791460438,8.432021732261695,240
Location #6962,1.9476262892069587,7.472358040532012,129
Location #12802,1.4445112730725649,9.943847310141514,57
Location #5113,1.7495432053886424,7.5960469813959515,191
Dogbo,1.831759598959798,6.81212287030268,62
Location #14105,1.4680405915001935,9.920777784322318,49
Tchaourou,2.3861886175138745,8.80507915485858,26
Allada,2.046107334357534,6.703890204462058,232
Tori-Bossito,2.0863813118949137,6.519104163455686,80
Tabota,1.0563748042839625,10.401441939491098,101
Kalalé,3.162127029503529,10.080547170977518,75
Location #13506,1.2535082695524054,10.151412982431651,54
Houègbo,2.174993622140422,6.833102587119239,49
Kikira,1.5559958602026325,9.87404275720272,80
Kouarfa,1.4769185292048397,10.491792637470152,108
Ouaké,1.4027053713267894,9.808467620079911,59
Itchanfan,2.6328142477533274,6.96626698296977,82
Tori-Bossito,2.141837261369448,6.569306508922154,134
Location #16165,1.7315111686720444,9.856502683524138,36
Location #7291,2.2650844314244774,7.119558756992485,121
Location #11701,2.87183917540801,11.282614945937867,64
Wanrarou,2.7382152262378647,10.10958154752538,23
Kalalé,3.2213832553690156,10.369409136825308,1626
Ounet,2.379155825049767,11.190857907795051,82
Tchaourou,2.380808224970779,9.212679952337517,54
Oké-Olou-Ossin,2.6711476631914013,8.20783169383899,214
Tchaourou,2.522536854599457,9.123657552209012,137
Kpadé,2.90552720814595,11.025478229765273,26
Nikki,3.3539561437364878,10.033563177673306,49
Location #15925,2.092245536963787,6.436447493851688,55
Tchaourou,3.045092692699449,9.2800715857986,108
Boukombé,1.0405762332083868,10.229693681292213,34
Agbohougoton,2.06867088378534,7.337695029915756,325
El Hadj Halidou Kparou,3.103928881243633,9.369784391314328,77
Doutou,1.9133779880258408,6.580658089237255,72
Zè,2.332889991856751,6.708048692035736,490
Sèmèrè I,1.450119632783112,9.584630237661385,46
Location #12094,1.890975741861223,7.416975001091336,62
Location #16823,3.5465596240365835,10.664049132787918,28
Ouidah,2.074921956157345,6.436415110876209,82
Location #8972,2.1977596672262223,7.3694706036095035,93
Kouandé,1.5750107334702925,10.221895445105135,26
Tchaourou,2.5240425548353977,8.84789469595132,44
Ita-Djebou,2.5875292950127844,6.854819410487565,67
Location #12142,1.7894188277614007,9.152936679146006,62
Kalalé,3.666193403826283,10.587823483799326,80
Savalou,2.017355572454545,7.950563905613604,95
Location #11282,2.4119431418597124,11.475875050935421,67
Kouandé,1.73974534014799,10.4831595182711,64
Bopa,1.9314852166052958,6.626861894882291,49
Cobli,1.1435227497373879,10.525480854127988,28
Houyin-Sègbèya,2.341493385257448,8.151402763734534,121
Kétou,2.6381394131096583,7.436885852851428,41
Ifangni,2.735819481398295,6.676705889904312,59
Houéyogbé,1.8844345378957803,6.469083422637686,144
Location #14732,2.0196308834111116,8.463651664733682,46
Lobogo,1.8870730006806693,6.697462148795158,103
Djidja,1.8619793958860262,7.351684871949955,67
Dassa-Zoumé,2.141625186515421,7.856764809335203,387
Houéyogbé,1.894183055367922,6.458079556736611,62
Cotiakou,1.2706136820989458,10.589867345620108,85
Location #15383,2.3781811830654873,11.597465078069554,44
Ouèssè,2.383041492850077,8.545003702749952,67
Korontière,0.9523383351634424,10.308170080182304,137
Location #14590,0.8278325522181686,10.360026485437908,46
Tchaourou,2.479424144133785,9.079204942785921,52
Tchaourou,2.4607190111217836,9.017977144723364,52
Wassa,1.6385999859931049,9.608610460558346,46
Ifangni,2.733964419011069,6.665641372431138,126
Ayélawadjè,2.587957037877065,6.923199435758246,149
Gogounou,2.9103171869773106,10.84225936860316,59
Ouèssè,2.7340582837460525,8.678617254969716,52
Location #10096,2.7381211777576895,6.898385326719958,77
Location #16921,2.721515913416907,10.611327174808709,26
Kouandé,1.7273312844849307,10.0668555286544,34
Malanville,3.2225871706745215,11.873645592451972,44
Tabota,1.0148846667781237,10.41915420918194,67
Zoungou-Pantrossi,2.9326599697299245,10.72774055046143,44
Kouandé,1.7111340269868094,10.310657904329497,75
Bagou,2.7446119592405367,10.826854700363349,28
Dérassi,3.2991096302439047,10.117701645747628,59
Kandi,2.8249662731341707,11.225036591119759,75
Savalou,1.6840792317958726,8.026958033432615,304
Location #3619,2.592342023354299,11.370974619141984,294
Kandi,2.88182517549943,11.238383120441402,72
Dipoli,0.9953005758333126,10.372480187335535,131
Lobogo,1.926572660736522,6.6841710291374286,54
Natitingou,1.3558415559717722,10.228785331116912,49
Location #11344,2.174198869907442,7.5206335176506,67
Songorogougou,2.3681993338011385,11.257672497423288,31
Lokossa,1.8420580430751763,6.753793617026454,338
Dogbo,1.6974957105857038,6.764379591339401,211
Lohoungbôdjè,2.508491880538372,6.948346657625432,39
Gonri,2.060979597863343,10.224949047084381,46
Location #8334,0.9077820524788229,10.622208982976087,103
Location #16606,2.1877933307648743,11.172520906392418,31
Honhoué,1.8980687883592935,6.529127243546181,75
Okédjia,2.6708929839993663,6.855609294178059,82
Djougou,1.6987101376987004,9.780310383595868,521
Materi,1.1004154462605684,10.688024121031352,54
Pobè,2.6372347085245518,7.096828484842619,82
Location #10262,0.9982747052468562,10.63660224051266,77
Bohicon,2.1541062166629916,7.153019256342158,155
Grand-Popo,1.8436677790677243,6.290788987721659,70
Location #15032,2.691156562290389,10.988953868522321,44
Somè,2.129745022468393,7.2655576333745495,82
Tchaourou,2.552441764889952,9.18110005876807,52
Location #14038,2.801567889348055,10.990640502767132,52
Location #12766,2.094307886630952,8.235050071760687,57
Tori-Bossito,2.1130776472600714,6.51746533523816,384
Donwari,2.8163547943822262,11.214120613741285,36
Gogoro,2.6923888711865245,8.300182603780048,46
Sèmè-Kpodji,2.644096558674026,6.41710818259826,52
Location #15768,2.426150864047579,10.936359812354828,41
Natitingou,1.2591474217872758,10.30179577418587,64
Kandi,2.9569691066100883,11.181716439901095,59
Location #15904,2.73469574147874,10.662683958783246,39
Kétou,2.6727763397250413,7.544201148591968,75
Location #14674,2.2452873597956553,11.137320775015336,46
Location #15551,1.6426882138925007,8.863745518683471,41
Sonon,2.878136600463509,9.568618640100594,44
Tagayé,1.2954915388712538,10.323353233403079,116
Location #16554,2.4322645114364883,11.08306431172402,34
Location #13673,1.9265712702715008,9.144887467249934,52
Dassari,1.199412055889599,10.7471292001338,253
Kpebera,2.704550786470882,10.434760231126601,62
Ounet,2.450742819840286,11.2181666545139,46
Gomparou,2.4615327830933147,11.335290650621168,36
Gbèzounmè,2.01615112615177,6.337817960089133,113
Malanville,3.230967174654215,11.921176054830338,59
Dassa-Zoumé,2.1717798540244173,7.624437665867262,44
Pouya,1.4688160132804795,10.266529632925154,90
Sanrin-Kpinlè,2.563820909750843,6.70609224851145,598
Gah Bouay,2.745302188294751,10.286537491916343,36
Donwari,2.8551243630516536,11.142991047438214,39
Location #14422,1.949497731017849,9.94949022376763,49
Location #13788,1.6396605196549823,9.867697463642513,52
FO DAROU,3.250458509393997,9.68701667702504,39
Yarra,2.508517019965355,10.515360999593732,52
Location #11452,3.0136187680456006,9.367027701791471,67
Location #15128,2.0848844016381602,6.487659849944323,44
Location #6518,1.856965808454243,7.287232769973497,139
Location #4657,0.8756826549116543,10.490341278205719,214
Agatogbo,1.9181807143237302,6.382853894637702,446
Location #16763,1.6894551351536446,9.136751222126927,28
GBÉGOUROU,2.9989880259100135,9.967412546183258,72
Goumori,2.314316499744492,11.111366839317427,85
Kouandé,1.7525428841463817,10.413118051980806,36
Kandi,2.822958035527677,11.035714854709116,39
Sèmèrè II,1.4059094516100488,9.51150845425577,54
Location #12426,2.8486549539068067,11.021621493412022,59
Soroko,2.399818052590486,11.332076263169236,44
Location #16333,2.7175471451714976,11.434973941621699,36
Savalou,1.8942086239042282,7.683494473911922,31
Location #14275,1.6430934744598487,9.816081911690373,49
Boussoura,2.9130118846485704,10.32929060120061,75
Location #14150,1.6800490369829213,9.452909486823827,49
Zè,2.2495340316081456,6.69026978782666,31
Massoupouna,3.654729057877173,11.136728477413904,101
Tchaourou,2.914713854146096,9.268073500696323,85
Location #9081,2.616881048987272,11.520753582478644,90
Lokossa,1.8267386721295555,6.706741656642022,1732
Manigri,1.6917515519518294,8.956489599886572,46
Tchaourou,2.8792743958552767,9.323759392835987,44
Location #15931,1.6151250794735554,9.952124286522087,39
Koutangou,1.074382786881945,10.367881083453707,26
Location #15092,2.961032342487067,10.79530802840846,44
Kandérou,2.527675328586631,11.52017134336493,28
Location #16814,1.8516309144004042,7.552727821853317,28
Location #15328,1.6677945618740115,9.91295084004709,44
Tchaourou,2.718867625283031,8.827760855622751,36
Ouinhi,2.502344865762667,7.067663728599515,13
Soroko,2.3966549743925136,11.349688679646874,39
Natitingou,1.3343967391134912,10.41893265379029,44
Kalalé,3.2189596143545702,10.411494810691288,72
Kalalé,3.1933276920587397,10.204935092044838,131
Location #10092,1.91932128551025,7.5266904809724,77
Kabo,3.0400632323663928,9.153103280725425,57
Location #11955,2.320677504954026,11.148752591237749,62
Founougo,2.5093709171378467,11.50032701320445,57
Location #14413,2.611761206054138,11.380094045979483,49
Kofounon,2.5847270596832392,11.608034846165324,62
Location #5592,1.370162638652269,10.618528037179543,170
Dassa-Zoumé,2.411113331614646,7.599961769177624,222
Agoua,1.9434409706973463,8.332642307038629,204
Kérou,2.1420898508432513,10.812257851205425,64
Tanta,2.2182794868267717,6.70531451299806,237
Goro,2.511636603345655,8.992818265227841,57
Location #14546,1.6286053300456527,9.228508636044351,49
Ouenou,3.516241068011346,9.874224275350244,59
Location #5976,1.851340862864419,9.73838314952057,157
Kétou,2.5159895755059396,7.194749123170421,52
Ouèssè,2.548488109032072,8.699197411553964,54
Banikoara,2.434063199382204,11.149615867962314,21
Nikki,3.416050399651224,10.050912309511665,21
Savalou,1.7665541921047538,7.678320703923063,82
Sonsoro,2.722758255290815,11.079261247887672,41
Location #15523,0.8725408895305079,10.331530073678143,41
Savalou,2.1011024716669238,7.566274495767788,72
Kandi-Fô,2.993743455254693,11.088706978197555,250
Gnanro,2.3925606236127965,10.379759862032763,44
Location #8288,2.056774026368619,6.418121172604876,103
Tantéga,1.0048407217811723,10.847247124012185,70
Pobè,2.66175472373046,7.086144078891802,46
Location #16922,2.5838516685860053,11.179546151409541,26
Location #9616,1.3878620566372428,10.404820100753097,82
Location #13858,1.449806636612756,9.924211808290597,52
Bopa,1.939887250428542,6.688336516048946,57
Location #13350,2.173024222932637,11.120411669463369,54
Location #10015,2.6428228470265474,11.423918121635669,80
Lokossa,1.9076866447061185,6.767460862252858,49
Parakou,2.5409572975687245,9.331344379880397,142
Kouandé,1.7360462780452044,10.316210749789393,113
Kalalé,3.2659926695037442,10.26165743527108,245
Atchabita,2.4663112107636413,6.924371092499124,77
Sé,2.112335328089238,6.791286239634787,52
Tchaourou,2.4535922471206097,9.482583582344848,95
Location #12428,2.3225418774113495,10.970492996017729,59
Location #5868,1.1217979169969035,10.397796614054347,160
Savalou,1.9684980770847342,7.752935507973613,75
Gandobou,2.6559143354478736,10.771502514367693,160
Location #8445,2.125583222393,11.099178475910177,101
Pira,1.8157402545593189,8.473235553476052,70
Pobè,2.641315622313188,7.086337804927332,281
Comè,1.8882013905098713,6.428513809975685,84
Location #15754,2.4739651945684833,11.043021732130331,41
Materi,1.0868826498354354,10.647943465363541,39
Ouaké,1.4693622712935206,9.484242280927365,75
Location #13332,2.5759983634258945,11.424100363708758,54
Ouaké,1.5456607884915998,9.582621199182347,41
Béroubouay,2.7701203113589314,10.557686315479598,59
Location #17098,2.706218268922556,11.010749506286375,21
Location #6009,1.811152799633904,8.109567308736784,155
Location #16663,2.7706468003367415,10.943592560785445,31
Tchaourou,2.8752719375166396,9.09797796935058,44
Kikira,1.5458396713245846,9.877876094498134,54
Djougou,1.786527131410324,9.68793225107882,34
Boukombé,1.0578758247792428,10.236557263328825,144
Location #8960,2.9756866142534375,10.438825807375006,93
Gnonkourakali,2.9681954249636986,9.968748606410447,44
Location #3702,2.0761803453599508,6.464340799687085,286
Wonsiô,2.8812104967877485,9.621246969161072,121
Sontou,2.8843785595517986,9.72671972456386,52
Location #11515,2.206722891830034,7.1501880483921205,67
Location #15591,2.669306627848157,11.443814781865454,41
Nikki,3.397532978204396,10.037887711301693,124
Copargo,1.6057037855471095,9.757380661848536,678
Kalalé,3.274394583627429,10.408840993429507,1088
Location #9916,1.092877131515749,10.559392410995853,80
Location #10370,2.6262348984271666,11.5858601850405,75
Location #15491,2.678460450128906,11.447710440355277,41
Lobogo,1.930777152352305,6.6152280240607775,227
Ouidah,2.078394667501837,6.420670910007059,72
Natitingou,1.4166604306438944,10.305686263744462,54
Boubou,2.4741983521424724,8.098973393905519,46
Dassa-Zoumé,2.369185312933203,7.584579702262676,101
Aledjo-Koura,1.4411575738812235,9.380717125999565,49
Ouèssè,2.7566665664758974,8.512819546712738,36
Location #4758,2.5593158241382814,11.648903730735938,209
Gnonkourakali,2.9409269504607685,10.005299025624307,49
Location #5716,1.6712716364058708,9.17879685123725,165
Location #15644,1.6781192352154968,9.187604380733024,41
Kokey,2.5602463707430716,11.41558294535892,44
Location #17013,2.0341163785608893,10.43525542530691,23
Location #5728,1.9177330451249142,7.434472510623423,165
Nikki,3.3139646083645085,9.98690182447432,46
Location #16976,2.4299084535997384,11.454171130409614,23
Location #14646,2.5855009898680597,11.343198323974036,46
Tchaourou,2.7246937558411717,9.146595254435894,188
Zinkanme,1.9659329766652287,7.3398761067944145,289
Location #6619,2.261622425025555,6.722497417541745,137
Location #17000,2.7668319312505965,10.660644393459153,23
Savalou,2.031561927914021,7.691648981514318,126
Za-Kpota,2.207822608891476,7.160640045477063,144
Location #10468,2.0987542437990387,8.305372422146096,75
Damè-Centre,2.2003683176638105,6.876151353564846,18
Ita-Djebou,2.6516495824727278,6.845027331105722,52
Tagayé,1.3090145083823943,10.29848570305314,44
Sakété,2.716016034837522,6.871128418015209,338
Location #12968,1.3592085713598265,10.002661507139596,57
Basso,3.6234297731052694,10.560198639684788,52
Ouèssè,2.122415251033223,6.392315376253714,95
Dassa-Zoumé,2.0624663164048274,7.739424119727027,23
Allada,2.0409969970905206,6.702229891702976,116
Location #16353,1.6436498116131,9.164115451847008,34
Location #2653,2.140232424547958,6.779874104619595,428
Karunji,3.5928373298049108,10.004870319098474,46
Location #6060,2.1904901592445976,7.200454206786376,155
Djougou,1.758329436951949,9.733991404602419,271
Banhoun-Kpo,2.6549779557878614,9.652327107326423,52
Gouka,1.9514264655880598,8.13219411974476,75
Pobè,2.6344644784544693,7.067029272925188,90
Tchagarana,2.91885630332155,12.33791837775255,57
Tiélé,1.2189190899404028,10.70211432359819,57
Agouna,1.6961006186099614,7.5986275531078045,67
Gbégourou,2.7190708205013956,9.4740202849779,36
Avlamè,2.124407297943692,7.108703245744156,73
Tchaourou,2.7129371029112357,9.059429750079044,52
Sori,2.7873716724814104,10.70317687431805,49
Kokourogou,2.2480326850639765,11.254458715149681,34
Djougou,1.753860760454805,9.855474594994579,67
Location #6412,2.5742353481164666,11.53500414413617,144
Savalou,1.8967320997064312,7.850373803801006,39
Location #7331,1.6198579723289295,9.39533508292489,121
Savalou,1.7245689978003507,7.68339300384533,85
Igba,2.580255907729752,7.003344617188557,23
Djidja,1.9437709373722445,7.378674656368712,1015
Banikoara,2.531076617791593,11.252868702767865,54
Bembéréké,2.701779316331797,10.24114327506279,101
Location #15060,2.2815903861253943,6.996853693007365,44
Kétou,2.7065010212750424,7.6499368124598845,142
Tchaourou,2.7044259488890616,8.955318653690192,98
Kori,2.42320070916413,9.979863385147308,98
Dogbo,1.6430918026557844,6.740198948468182,82
Igbèrè,1.9659338083852136,8.994591611035554,62
Kouandé,1.724723958284184,10.039123519181661,49
Kouandé,1.6766481319268691,10.154303716521335,72
Malanville,3.1729079633098753,11.573652381948161,34
Tchaourou,2.894124527519237,9.222914992524187,52
Kerou Bagou,2.7035196931974466,10.746979224783523,49
Materi,1.0112359578775048,10.641905063100074,77
Savalou,1.7575701635342058,7.905554750120799,52
Kouandé,1.6833755567424757,10.059557158100652,44
Location #16887,2.3689686313914464,10.908000368079035,26
Founougo,2.6110443567096637,11.543038711330754,52
Tchaourou,2.5319984413082985,9.237313964821302,75
Ouaké,1.42372233913303,9.726135033686974,101
Setto,2.0546471027498505,7.515807142634808,49
Banikoara,2.534224087583782,11.204356969131505,85
Location #15139,1.4655537337963302,9.93774259900912,44
Location #13191,1.922604114776247,7.186913347790564,54
Tchakama,3.302625275440149,10.92402870547145,34
Kalalé,3.4724092737246512,10.309500382646593,39
Pobè,2.6987838247113287,7.070999051572928,46
Tchaourou,2.581647478759183,9.241249796726029,39
Banikoara,2.536255581749869,11.223525614974568,39
Kouporgou,1.1217319135178065,10.262580346191825,82
Location #15658,2.7180060034874964,11.346672645234404,41
Yingnimpogou,2.47801206297994,11.533613943925898,49
Banikoara,2.4350754211473795,11.1423392174168,34
Kalalé,3.30096104054401,10.16326120141581,70
Ouidah,2.0701411763979287,6.436283453494356,124
Kanyi,3.675815304764784,10.821671964670701,46
Natitingou,1.4797352818491125,10.335811387693486,54
Nikki,3.1633951993211133,10.014391542026058,44
Kouandé,1.6408929167840693,9.987501777046033,41
Pobè,2.6838975772261366,7.064178560818971,62
Ifangni,2.7228024377629936,6.613481062047581,67
Ouara,2.6171780433620393,10.70146961347158,36
Savalou,1.9166317104170818,7.898003103933022,637
Nikki,3.454052682406176,10.050495656884634,101
Location #13472,2.0733150971057253,6.514695381527022,54
Natitingou,1.5076905076501372,10.246292630497521,253
Pèrèrè,3.1392766432750787,9.691028035900503,90
Ouara,2.6746183230976004,10.649817098760405,28
Tanguieta,1.2477647088989092,10.67832280059509,54
Location #15022,1.3931976485622672,9.905157524969818,46
Location #7244,2.7196025827316577,10.65781875031016,121
Dogbo,1.7324303870529774,6.789417458353668,222
Location #16855,1.587637780010857,9.56418281753979,28
Location #15681,1.7349964173751171,9.602080479517925,41
Seyigbé,2.035447922437884,6.3318979794429096,72
Ouara,2.6351301555627233,10.592789770825004,57
Nikki,3.214262675772978,9.98336545730005,101
Savalou,2.1436162526811775,8.156710175933588,34
Location #6545,2.0455048486033016,8.19149224063759,139
Karunji,3.5868011865222384,9.972249782082903,59
Tchaourou,2.927806419178721,9.203722626863996,28
Location #8827,2.381786355408517,6.65513149087913,95
Bopa,1.939429704126248,6.641558798701936,72
Location #4763,1.9740474256733211,7.2250546726375315,209
Location #16615,2.796804574845574,10.621427766618027,31
Location #14559,1.2285171544572007,10.087409098920515,49
Tounga Dambaka,3.3563283153507473,11.336122927510173,44
Wassa,1.6353852953786108,9.543338699554347,160
Ounet,2.429170416682654,11.129806551680398,34
Kétou,2.6531494158768156,7.558322641539248,64
Kpebera,2.7016484809192796,10.435961248465336,77
Ouèssè,2.4758979985159955,8.136878901972723,72
Kouandé,1.6027085427628722,9.969151268273741,64
Takotiéta,1.09962326752305,10.330658472677415,137
Location #5612,2.4157029291663186,6.982487183575593,170
Kouandé,1.6143924727784151,10.283822482993884,52
Bonhanrou,2.460167418190268,11.429083416524948,139
Location #15226,2.8129049541663784,10.641502604101849,44
Location #14397,1.7579701372419885,7.595537633865578,49
Setto,2.0505414533000526,7.540145396795485,75
Ouaké,1.400799153216521,9.594525358257247,85
Tchaourou,3.0218101253254868,9.313723646010413,52
Yossinandé,2.494014117613918,11.402853767252921,34
Tchaourou,2.8309210783271186,9.156538040382907,46
Location #17015,2.815651470864823,10.951330662588912,23
Location #13738,1.6513380603999095,7.578429569102346,52
Konarou,2.84998584615016,10.312374065413922,41
Location #7111,1.405535718130685,9.890168578784882,124
Dassa-Zoumé,2.420043763164395,7.668935456370066,34
Location #16696,2.07002617374534,11.023520995950124,31
Toura,3.113246918758527,12.162087350138341,72
Tchaourou,2.9045399005599113,9.331468478958213,82
Location #9272,2.6122508893671523,10.596830116468428,88
Tchaourou,2.391556345061733,9.367850671911464,46
Location #16230,1.8600788383790137,7.522184523756458,36
Location #16389,2.692290996966448,9.536538183031867,34
Savalou,1.732167006992313,7.732272864153381,1083
Location #14740,2.8090925380283966,10.998816485521713,46
Ichaagba Adoundoun,2.600637820657481,7.130208844052905,57
Location #1476,2.057633542905386,6.537047091068593,830
Poto,2.558878245870532,11.31341904175444,28
Gougnirou,2.4513440633807257,11.455986364392478,49
Sikouro,2.812839749428249,10.072078059649671,36
Kalalé,3.506570135357653,10.449736768039001,62
Sinkparou,2.9163961597986967,11.154117626130224,39
Location #2192,2.0747932739243806,10.154986119050196,534
Location #13104,1.1501249344526794,10.157498651558178,54
Location #9623,2.5369504200082975,11.138018739456218,82
Comè,1.859083784302494,6.379212231480131,183
Location #14899,2.2062415969328395,7.45656834702686,46
Kouandé,1.5456879073762098,10.031232814108874,704
Abidomey,2.5674751423672597,6.709196877405142,98
Dassa-Zoumé,2.433740676652863,7.563515006632388,307
Location #15046,2.6242722830492466,11.423341109001862,44
Dassa-Zoumé,2.406097258080641,7.669675558384343,59
Location #13227,2.6345747505049943,11.478391475330152,54
Malanville,3.515838987403802,11.787337661160675,985
Location #16022,1.7378408098265816,9.914993464321116,39
GNEL DJAOUGA,3.384011928422817,10.061792049288734,49
Kori,2.6167166578718066,9.900903308146814,137
Djougou,1.7071435590904773,9.615652582457823,34
Donwari,2.832707399110912,11.108366886722749,39
Wassa-Maro,2.1028971167333874,10.239469277601604,54
Pobè,2.7158093532277667,7.104693156211857,67
Location #2228,2.013267301554643,6.980326389966589,523
Kalalé,3.479743640757076,10.256910839121401,552
Location #6856,1.9743659624517162,7.236461441808247,131
Sakété,2.7268702154906133,6.841456864277261,240
Location #8833,2.0909547591990463,8.25095605562702,93
Damè-Centre,2.1941690704204686,6.822976384624653,263
Kandi,2.819578261020847,11.040343545489847,85
Dagbla,2.5620206311128078,7.096185859899986,108
Kwara Tégui,3.1032104216465615,12.138905011142961,387
Lobogo,1.9354474338102936,6.680823416536576,59
Ouaké,1.4643808064212434,9.652774960230678,54
Location #14342,2.17758705527243,7.021611131194513,49
Kandi,2.882806746779839,11.256704296268342,165
Allada,2.1277195524067007,6.646491971375864,186
Location #13730,2.576379873673391,6.653789446448511,52
Location #7748,1.76000058317232,6.494780105398148,113
Tchaourou,2.633826637451043,9.016385128860849,70
Dassari,1.167437611785434,10.778378107715762,405
Nikki,3.255736800825358,10.105511268982534,240
Location #7036,2.248934840063023,6.797731188262817,126
Location #9731,2.4075789168945927,11.009149186097378,82
Location #6197,2.6884825053606227,10.63545477325665,149
Grand-Popo,1.9443759071090096,6.302220819697892,52
Location #5114,1.7511776170864037,7.411244723967632,191
Location #10796,1.52341667300907,10.358168578671675,72
Bambaga,2.5057760764943775,11.567902220104928,124
Tisserou,2.8651578073413533,11.134745609589919,98
Kalalé,3.3799564147184697,10.263062391891706,85
Location #7888,1.019344161970951,10.221396053609665,108
Bopa,1.9283890537190338,6.743809006973014,299
Location #7017,2.398595201470036,11.115542742891096,126
Koumagou,1.1362814954434193,10.151201039243237,103
Goumori,2.316323971492015,11.104290853620855,54
Location #14327,2.6799127581851976,11.043092426561609,49
Location #14769,2.8166278651800267,10.972096638096147,46
Bouanri,2.8596607565164063,10.16392220173721,173
Lokossa,1.794804191554186,6.616855892873865,72
Location #17011,2.48366935471455,10.973377928492127,23
Nikki,3.3846644864536586,10.08690879099037,67
Kalalé,3.167487308689795,10.199868287124904,351
Djougou,1.8092595686369208,9.918194232395102,1085
Bembéréké,2.7179975464946877,10.20560358594475,31
Natitingou,1.273074009212333,10.366014169316554,28
Korowi,3.6958440535606343,10.823163965729329,245
Domè,2.241089985048969,7.109683290136409,75
Bopa,1.9850893971704306,6.6815635873451535,52
Dassa-Zoumé,2.333330804348465,7.636453754943742,88
Iboto,2.4720757740695625,11.418221188006822,93
Location #7834,2.522303692166371,6.879508502139023,111
Location #8264,1.430789212744535,9.98276946605923,103
Gouandé,0.9225060959873099,10.813532297415788,52
Location #9606,1.7258088892722794,9.985731663057347,82
Dasso,2.4493212140065337,7.012315309568668,134
Bohicon,2.140463532682422,7.131668097587874,54
Tchaourou,2.412891276830225,9.340588460964284,353
Lokossa,1.778769256366791,6.6438854825391855,106
Godomey,2.3742510227081333,6.406443031061006,137
Manta,1.1161272117510264,10.353204647153337,46
Sè,1.81257791361729,6.505039423369922,113
Savalou,2.0553455928835906,7.548452818092575,34
Location #15592,2.320413144807666,10.940416992473423,41
Location #8767,1.1034733223589939,10.538241748350188,95
Kalalé,3.341483188961582,10.173523595669934,54
Kouarfa,1.549461498990979,10.555551542809239,528
Houègbo,2.13146408314693,6.826416135023424,698
Tatonnonkon,2.5237189871228716,6.923796668555657,80
Manta,1.1417743443100694,10.354639128134194,52
Location #15599,2.1680240887420457,7.407206751394194,41
Wavina,3.4248171678441146,10.751791855025644,70
Lokossa,1.7353718753373402,6.705710838967084,1719
Keroukpogo,2.6905978001992565,10.25814827311665,224
Tchaourou,2.900934143670682,9.242587873332194,67
Ita-Djebou,2.6719449445442067,6.83407279669049,119
Doussou Goungoun,2.8857355993432816,12.358999929861284,77
Pobè,2.687550401736628,6.982606832142508,351
Kalalé,3.120488977208752,10.075110812704088,59
Location #13953,2.2234062543331183,11.331067948758086,52
Savè,2.4824984633950176,8.091869846685823,46
Agbohougoton,2.0274013968031777,7.430944983474988,858
Allada,2.1560316627261367,6.7417032174161555,106
Tchaourou,2.8773263125874893,9.138500318024409,80
Agouna,1.7549905439486544,7.545274117566338,139
Kétou,2.6491303854772497,7.1656096436576915,52
Kofounon,2.581177175841122,11.56049237455882,196
Kétou,2.6852947100181286,7.549836876567402,152
Location #11890,2.6147702615575277,11.348688537638656,64
Za-Gohoumé,2.2247575271189772,7.201058511990606,1168
Dogbo,1.8543879376151953,6.792419994460807,134
Location #2346,1.9263323601899989,7.184498559005346,492
Aklampa,2.161012837171165,8.192021281969664,52
Location #13820,1.0484536051644935,10.313057284800156,52
Goumori,2.3276767220423986,11.12897776558132,75
Pobè,2.7211205191179966,7.086578956735544,325
Pobè,2.6650768550527277,7.065141997706015,41
Tabota,1.068441241532809,10.401105615566777,157
Lobogo,1.9095466691779628,6.593271324815178,101
Tchaourou,2.512414206287355,9.156304541748975,271
Berecingou,1.4189564914863557,10.24732092730339,82
Kokey-Sinkparou,2.5178126136889007,11.390605893186395,75
Agonlin,2.052132231124224,6.990257923434108,204
Malanville,3.3538992620412227,11.73145483261875,15
Gbassè,3.391324022705109,10.959728151391717,49
Malanville,3.161062079094025,11.744575672900206,70
Location #10602,1.7908289590828188,7.397430840260525,75
Sayakrou,1.9725701375655318,10.305543943318808,64
Lobogo,1.90543967397304,6.6843235179635085,67
Location #6215,1.0161940621166032,10.424954677779981,149
Wavina,3.4037765644839864,10.748156967282906,64
Location #13390,1.8472888357793802,7.42899670411221,54
Djougou,1.5555688780504582,9.747021095232263,59
Kokodè,3.2564670204896067,11.945758580409382,312
Location #9007,2.522545647430517,6.856077249620392,90
Bopa,1.9277447249099493,6.736735373356764,227
Location #8405,2.258302311158453,6.751663922727095,101
Location #11005,1.722567393322779,9.923662165884206,70
Bopa,1.8680341887179956,6.721234826532412,95
Kavé,1.9002028090165366,6.3691803628333705,374
Location #10375,2.553076560283065,11.355653188070598,75
Djougou,1.61513212069049,9.709962648261374,144
Ouaké,1.4287316994447297,9.56882918847108,46
Kalalé,3.363478022785717,10.247208606321744,90
Tchaourou,2.548874867905725,9.09943141463822,46
Location #11554,2.0435168196394176,8.114970367549772,67
Saramanga,1.768621069425966,9.259557392901453,49
Location #3326,2.31166818762703,8.313811313456293,325
Kokey,2.5674616972275603,11.398123787915834,152
Dassa-Zoumé,2.1412037372365367,7.927737550451385,54
Djougou,1.8217738032623665,9.700406380543473,198
Kétou,2.654189879098366,7.251556031745774,204
Location #2033,2.3738457136149766,6.7788679162046925,577
Location #2705,1.6784886055791344,9.39714901613624,420
Dérassi,3.3016053010462474,10.119847209729395,211
Dassari,1.1201082661272526,10.812906153829603,134
Location #15725,2.9754359686991942,10.802841650995449,41
Bopa,1.8553888539810928,6.711080004472815,49
Zè,2.2489417367692033,6.73908720080051,149
Anandana,1.491201986435766,9.861919068479155,232
Kétou,2.5225196663961555,7.34833992259368,64
Djougou,1.5394081298881395,9.624708565872435,116
Bayakou,1.7231565999113878,9.357206331500105,31
Location #4942,2.4751599416125063,7.942926401245134,198
Gogounou,2.804135617030933,10.826798084739137,36
Location #4227,1.3909299559277102,10.569323145230683,240
Location #16197,2.2821836075312354,7.270404314054049,36
Saltimbara,3.749008167287718,10.957942682281905,44
Tchaourou,2.5744634344198047,9.232377406462343,46
Location #8598,1.9008873343335935,7.554886821659851,98
SORIA KPA,3.141513408986479,9.761111726519049,240
Savalou,1.776848087654603,7.858576462909718,116
Pobè,2.618550112389489,7.051951317863933,75
Allahé,2.2871659513818723,7.170359330858148,77
Location #8873,1.4199878140992814,10.07247777508048,93
Location #5150,1.8118157161816202,7.250722405073728,191
Location #6892,0.8412803949623655,10.45108960754656,129
Houéyogbé,1.8669645724735615,6.495742161536425,206
Kotopounga,1.5467368842387816,10.260430023760478,101
Sé,2.0807320695936573,6.781761531568962,49
Lokossa,1.6510557249433104,6.652940186025471,108
Dédomè,2.043272916682806,6.550670390482387,70
Hlagba-Lanmè,2.190819642289178,6.966024150128311,75
Location #6716,2.029970732676437,6.9526156138554205,134
Location #4243,2.0826499943552013,10.131044642085284,240
Banikoara,2.421360927976437,11.324531950957976,34
Za-Gohoumé,2.1612196755891904,7.178688267507756,335
Location #5524,2.0009917183930557,6.951463596591578,173
Dassa-Zoumé,2.2870201414907227,7.615773808511641,41
Tantéga,1.0138839662825814,10.832748639995906,141
Location #5239,2.1522483488387634,7.371926085853444,186
Tchaourou,2.1723995475918323,9.274431797619702,72
Ounet,2.3878108377182814,11.153244614814312,36
Tiélé,1.2033617599827622,10.727167455522872,1064
Ita Kparokè,2.5401704068236977,7.000479862565604,191
Savè,2.5046653490316553,7.965662369902082,26
Location #11599,1.789260540484114,7.408764571139418,64
Kouporgou,1.0909739836889685,10.265026242138896,67
Gnonkourakali,2.913379734548523,10.021222571744678,28
Libantè,3.7644579456832528,10.699955563500627,59
Gbian,2.854775283150674,10.144963939136115,41
Ibadin,2.979147578419251,11.281177758197074,41
Location #3485,2.4769065126106486,11.136371259110527,307
Toviklin,1.8037846213034257,6.841818304535355,247
Location #6960,1.5117482758486738,9.778642096857787,129
Dakounou,2.4924459582734206,11.455339398428213,57
Adido,2.530818388932732,6.839498852300038,93
Kétou,2.6440946194656876,7.34373497757127,49
Dangbo,2.553848663758978,6.609255950562526,554
Tchaourou,2.416622362518563,9.456295476687972,34
Location #14703,2.3639935312346134,10.984514596108763,46
Location #10321,2.475072255295309,11.113538691105855,77
Kokiborou,2.1375374487255128,10.850333506929186,168
Location #3707,2.0267046669330298,6.512146845535862,284
Piami,3.618834371781254,10.951300505565198,52
Lètè,3.5483548314082,11.030631835936658,786
Ouaké,1.3596916332444156,9.746875962980756,59
Dassa-Zoumé,2.0615258196100252,7.714412841310902,70
Pobè,2.625937395825512,7.08344871577416,750
Dogbo,1.8153631432045059,6.808959369773568,82
Nikki,3.259306158486085,10.01844105311019,237
Location #14452,1.7127378348877271,9.989420278735109,49
DANON Gando,3.0994131409821217,9.773022255664616,206
Takotiéta,1.0385218552533253,10.35329129686118,64
Location #15597,2.7334763828810043,11.210400960085726,41
Location #15410,2.5455407597226847,7.012466682931646,44
Kouandé,1.424084429350839,9.967505817457216,67
Ogamoin,3.0215851785430194,9.406210948142244,54
Kokey,2.5708272521161435,11.395745464869574,72
Kpanroun,2.3648885554225045,6.66116807702281,75
Djougou,1.82022043978619,9.924373692452724,34
Tabota,1.0321037024385957,10.366390911158916,98
Location #4194,2.260529030539134,8.1688244394348,242
Boubou,2.433988351895908,8.114315419270588,52
Location #13016,1.4010296107479996,9.844660867977462,57
Location #5640,2.3718380015551643,6.69275058947206,168
Pobè,2.7082300619328685,7.140423942557906,173
Location #12806,2.760619178480115,11.16041241680148,57
Location #15101,2.4562399516303515,9.827445147264923,44
Location #9054,2.5882638699692815,8.077620221500917,90
Korowi,3.6802835775124474,10.859840066751,49
GASSOUNON KPAROU (BAI BAI),2.854181917490031,10.088729560210988,64
Location #15103,0.8479697141771647,10.3961589756342,44
Location #16099,1.795477044570296,8.444784477550815,36
Location #14663,2.1312910201721023,8.074360537755398,46
Location #16971,2.7311043407526774,10.700217282988493,23
Zoungou-Pantrossi,2.9795697620048696,10.782448006881333,67
Yossinandé,2.4886833108726254,11.411786716646619,126
Kandi,2.796942969066609,11.179078797370636,41
Location #14686,1.7081833122448344,9.927108178561102,46
Tchaourou,2.764653189280816,9.066879998199337,317
Location #14211,3.043179780775501,10.30731321910472,49
Atchonsa,2.4803328351474048,6.839009812410961,255
Allada,2.1195416533510456,6.704407270934992,59
Kétou,2.6331944758650585,7.18253344999617,46
Kpakpanin,2.5157690776303956,8.790859738071235,101
Location #2088,2.695839188562757,11.399248321407308,559
Kouandé,1.46401006850143,9.989698409826946,75
Founougo,2.578357170652065,11.459784924921854,64
Boukombé,1.0754530917802771,10.213273034161977,101
Gnonkourakali,2.916355470268089,10.019000204765085,85
Location #10685,1.0571957346625167,10.25874818004209,72
Sé,2.088056533423539,6.735483947561323,242
Ouaké,1.369191059378071,9.71532274261449,232
Allada,2.0472111543960367,6.676927190898318,67
Korontière,1.0046583695899634,10.284916055795986,75
Location #16207,2.164451906670871,11.01620395411394,36
Temé,2.8982423401566146,10.198390763903415,3416
Lokossa,1.7493708974379178,6.712771144653571,2949
Doutou,1.916675985245388,6.57484778718498,41
Ferme Wawarou,2.082777423932087,10.887433442421697,85
Kokey,2.54709296061143,11.360116776994722,46
Location #2276,2.560550282452612,11.342153097486994,513
Kouandé,1.9782333370305192,10.757483576832986,72
Kérou,2.148665932415556,10.830194760770672,98
Grand-Popo,1.9212525707288914,6.316205651111294,77
Koutangou,1.0790055705911015,10.3558928498776,36
Hinzounmè,2.024287476039068,6.504339168059657,101
Ouidah,2.1169669372497406,6.349900010222336,108
Koussoucoingou,1.1876945114614392,10.156583826811318,49
Barei,1.5133825860723775,9.6437392073787,113
Allada,2.056617282819549,6.722335969306008,82
Location #9469,2.88868031320597,10.804515735173725,85
Location #14090,2.7791726549686673,11.415227075164914,49
Location #13463,2.178133497856425,11.162269392119148,54
Location #5440,2.609736335992513,11.19634147896384,175
Abidomey,2.55987315102374,6.743960389475273,52
Savalou,1.8981154420494384,7.845916749926006,492
Kérou,2.0823354644471745,10.789455353695725,124
Lokossa,1.8047570306849354,6.712925669871969,67
Kokourogou,2.1866614601443572,11.288633506676415,49
Attan Idjé,2.6472958408184395,6.930933093320033,49
Kinninkou,2.598489857119546,10.15395273779975,173
Tchaourou,2.494727095494838,9.21592837752912,52
BOWO,3.0598766553142913,10.055920993009591,85
Gbékandji,2.5373064276407455,6.679779641809699,54
Location #16756,2.6248992647354688,9.965054298841958,28
Lobogo,1.836257738623851,6.715681292263697,46
Illosso-Saharo,2.5922481064968914,6.761001424495787,70
Za-Gohoumé,2.231415458914884,7.17764273550995,52
Tokpadomè,2.011771091117827,6.5121882740708585,75
Location #5516,2.6596210787032253,9.420689955609152,173
Kouandé,1.446642072553093,10.002039159729662,46
Location #16944,1.9213758682332325,7.507657488275009,26
Location #5129,1.6580087556737706,7.664067528980298,191
Ita Kparokè,2.5358430218181414,7.004750310844277,49
Aklampa,2.188164810189579,8.257662394108563,54
Kérou,2.075978607463496,10.845259032284913,67
Location #15468,2.116086021634658,10.271131189696048,41
Ganoussirou,2.5112619614047755,11.422384441713314,67
Location #12917,2.0008364629013142,9.561693227857305,57
Dérassi,3.24322591596355,10.134712040767557,124
Kamanan,3.458004621600547,11.241967369747075,59
Tchaourou,2.537415594518267,9.070663973493467,39
Ifangni,2.7767997264472233,6.699702764063798,1397
Djondji,2.029573692021094,6.312177256576849,54
Location #16298,1.4702661506603207,10.621637777751543,36
Djoléni,2.044001662550183,11.05532815509765,57
Gnonkourakali,2.9655433610264774,10.083488619390694,46
Kerou Bagou,2.719347595358882,10.78850982143387,85
Location #6787,2.1673733470902308,11.211864062866418,131
Sobourarou,1.998513311141089,10.333935568259818,54
Kouandé,1.9089655986954175,10.774628887357638,44
Hio Houta,2.124607817265346,6.330302003014113,634
Grand-Popo,1.8223046869979098,6.327217874207739,15
Parakou,2.585458946416129,9.31897314413205,101
Savi,2.1196219516653594,6.428958702359996,170
Kétou,2.6231503595554124,7.226219326372911,103
Nikki,3.209848318549095,10.006648625861706,93
Houédamè,2.5379857248168687,6.9346661275542,64
Douroubé,2.6652897540672082,9.437784993243792,165
Location #12750,0.9097526708994629,10.441257225788473,57
Allada,2.0459892942838707,6.735673362234045,327
Savalou,2.0073103992820758,7.7903183658665585,49
Kpomassè,2.0336989884330534,6.429589425550177,134
Location #11071,1.0474172617641901,10.30287663235828,70
Dannou,2.4706165716233044,6.636199646615767,126
Location #14036,2.4115090966713724,6.815386814092572,52
Agbangnizoun,1.932491273177316,7.0420352656048415,46
Location #7987,2.345416448405261,6.752692401527852,108
Iboto,2.497315278493552,11.427539982988973,72
Dédomè,2.0381716805756613,6.552011387285643,366
Malanville,3.3987248963719012,11.784259195040141,3049
Tchaourou,2.7617186175453066,9.215918273170473,90
Location #5736,1.8824033274458865,7.563342985996926,165
Houédamè,2.545689923104234,6.936645625558956,149
Ounet,2.459131881105889,11.182564901786755,57
Kouandé,1.6961255576324301,10.05251383851391,72
Sandilo,3.141173287664549,9.543889825676265,28
Kandi,2.846807343508415,11.029878277009807,85
MASSIAGOUROU,2.9346937350206304,9.87007209220985,273
Gandobou,2.695568205375612,10.804071549708707,36
Location #10219,1.992122505020507,10.269829830614478,77
Location #16242,2.622569641130497,11.390060064010711,36
Location #2166,1.7304290105600308,9.901490752558747,541
Kouandé,1.6922756293383296,10.008526069026274,124
Ouénou,2.6627488774787005,9.818176428964673,82
Wavina,3.3811339939596436,10.745488189313555,34
Parakou,2.5832976045770977,9.301080624661884,46
Basso,3.627515743911699,10.53223805239954,39
Tchatchou,2.6153714273002078,9.179408875883748,39
Location #13633,1.852305702414015,7.245252035987124,52
Adjaha,2.2617909780179115,7.005085508187028,64
Nikki,3.210438055336432,10.003641976018773,54
Bembéréké,2.7176772728182517,10.200852524109083,67
Parakou,2.615164364030131,9.302405128291008,26
Gandobou,2.697686301171015,10.79866698701452,593
Malanville,3.194781462607317,11.456193153251311,18
Location #7383,2.732412039983459,6.889276237960583,119
Toroubou,1.327833975904447,10.351207972866172,72
Cobli,1.0655422989540682,10.48708631873485,72
Location #13712,1.369562450629791,9.982692746270684,52
Location #3879,1.7577554292297357,9.879997011880885,268
Djougou,1.7694019510091994,9.87923162498255,103
Location #995,2.0758312298914983,7.267261036965988,1253
Location #10202,2.3517207467184833,7.400816325630508,77
Dassa-Zoumé,2.4489265524076225,7.61110638761793,80
Gakpe,2.1199141543401514,6.468712983130124,62
Kouandé,1.618661832396203,10.137675748711558,62
Location #15737,1.9948740443263768,9.786303492275012,41
Location #9988,2.337282687035358,11.139830960708666,80
Tounga-Délégué,3.600588429744909,11.075989002394872,521
Location #9819,2.5098622048041075,6.8741795132201,82
Tchaourou,2.7242646410609064,9.204724940399785,152
Location #14610,2.8057708898876608,10.9674792970122,46
Zalimey,2.1876308388204024,6.970747859969831,70
Kétou,2.6826678680241716,7.632235874817715,77
Location #17161,1.512262039874404,10.636857726093398,15
Dérassi,3.194345566172446,10.185633757661142,106
Ita-Djebou,2.6437473551234114,6.844031377570885,508
Djidja,1.885192056921645,7.3512981780355435,103
Ouoré,2.2131473763678096,10.888306760401042,21
Hlagba-Ouassa,2.2418766131370194,7.001371387489462,214
Kouandé,1.6666047164522118,10.53093564185209,34
Tchaourou,2.894084147991201,9.157808171985293,23
Location #9466,2.6636055182008396,11.398308746669901,85
Kétou,2.51877446335773,7.308502222460548,57
Pobè,2.5951522191468883,7.166600343440424,652
Guéra-Nkali,2.919337466954874,10.262090762284233,606
Location #4382,2.0222984543074607,6.530848861386639,229
Location #11581,2.7418668907908534,11.400769114229792,64
Sakété,2.679075362949913,6.64598295913547,119
Sakété,2.6598829152385264,6.66851030599328,64
Bambaga,2.477458344649807,11.536906676458806,36
Dassa-Zoumé,2.064444158724921,7.743804317670472,15
Toucountouna,1.3513792013795904,10.486889622984947,67
Lobogo,1.9367056188983107,6.612939135041095,325
Lobogo,1.8628088052177456,6.682975977224991,64
Location #12034,2.5833357478209225,7.712667657348487,62
Location #7713,2.3788713776943635,6.630473706398307,113
Alfa-Kpara,1.7821286462530757,9.642963945960643,59
Location #7964,2.8100489812851044,11.338337286829683,108
Banikoara,2.494842644503725,11.231997444015537,31
Wadrjèroum,1.4305991672311007,9.77864413144878,52
Savalou,2.0665924688120296,7.55683131137215,108
Location #7756,0.9530034981748023,10.424064727083712,113
Bâbô,3.6554759871719695,10.670749416181025,21
Ouara,2.710684212950368,10.733305564132234,271
Ounet,2.3924035202883656,11.193465602340476,44
Gnanro,2.386037872320005,10.37280974375884,34
Location #12986,2.448470098535182,7.043154270538922,57
Sègbohouè,1.976607505990623,6.423308587830112,54
Ouèssè,2.490506092966762,8.186703145762847,103
Location #12268,1.9328862945243872,9.675753406332184,62
Kalalé,3.0381519322180246,10.126915550480032,101
Location #6809,0.8179813711155322,10.359777486049241,131
Djondji,1.9599700513703198,6.34433925235114,443
Kalalé,3.1785167669888628,10.077217875574746,116
Bounin,2.7588506876227012,9.636794916386213,46
Location #16206,2.857780664217807,11.01082009281625,36
Lagbè,2.6891847005752294,6.687169919798685,95
Tchaourou,2.147093634905724,9.188280320138118,70
Parakou,2.5723738830385883,9.367180321042408,124
Materi,1.0403795518342291,10.648608815085359,52
Location #14639,2.6266916753375966,11.463320165512902,46
Location #16315,2.029977665107123,9.892893669135928,36
Tchaourou,2.6807094034075045,9.040860819529046,165
Wassa,1.6215937137667085,9.615064557645303,67
Kandi,2.828596309187482,11.041764185325333,70
Cobli,1.0577370506023838,10.465590298773842,85
Ounet,2.414276786211798,11.175879550863776,15
GBÉGOUROU,3.055272807923482,10.010785291613608,57
Malanville,3.22038124874723,11.839454701286796,98
Béroubouay,2.7720742121755153,10.5621770729282,57
Tchaourou,2.5106776806140116,8.874049632790538,302
Béroubouay,2.7177222535273877,10.491365787506506,31
Tabira,2.9694537647334394,9.119931680266834,278
Location #14085,2.125285293603606,7.199381906271165,69
Dododawa,2.8704441614816973,11.085287403275492,26
Prékété,1.6585604968650853,8.594564070657693,54
Location #13545,2.456574344405197,11.129807606368791,54
Yingnimpogou,2.4649368790401347,11.531635526991783,46
Toffo,2.0954393354467986,6.83140004519972,95
Allahé,2.231265352637698,7.14270843453991,237
Location #17030,2.7398087262944344,10.624612918405841,23
Lobogo,1.8509661192597429,6.660704372430579,62
Massé,2.5452378827212545,7.1723480894170955,3364
Djougou,1.8064181741171788,9.662195637774543,39
Assanté,2.187544780483407,8.205367509377236,52
Setto,2.1133068484814412,7.435749441085005,113
Pobè,2.6875993476560844,7.134039359542757,98
Bopa,1.8595229233984862,6.696650276385088,57
Kouporgou,1.1029758907535425,10.260053381694952,147
Savalou,1.7584199481217586,7.679222108229198,70
Location #12836,1.1616784242548495,10.657680394677621,57
Onklou 1,2.054749242866697,9.438765105891337,59
Savalou,1.7175379171465517,7.693858286440236,85
Datori,0.8185983531740223,10.38380017459725,31
Bossa,2.4293111678959423,7.025814745296167,67
Lokossa,1.7348430568312712,6.674828379356271,152
Location #11281,0.945252155386158,10.543146015126196,67
Location #1514,2.3629437484127176,6.855627606150153,809
Wassa,1.6318861115093597,9.516939813191566,394
Materi,1.1138435933120552,10.715034724485392,62
Location #3535,2.6062863119659863,11.257001299528865,304
Kétou,2.672042003766256,7.464120869124903,75
Zè,2.281599190953644,6.736536230268578,242
Allada,2.1408313105906167,6.634990983110301,168
Cobli,1.0038883399160723,10.542500691068867,64
Bouroubourou,2.389563896476393,11.458875153574665,152
Location #17159,2.2967337133037358,7.380185472500868,15
Pobè,2.667607072676763,7.085305497322752,62
Location #11086,1.7169970704301416,7.503349874917545,70
Biguina 3,1.6462089164541691,8.750989402235009,2296
Sori,2.77320814529888,10.742748103468811,88
BOWO,3.059070187150098,10.07198330920535,124
Location #13728,2.7269273814946318,11.447106101524838,52
Grand-Popo,1.9657972008148477,6.31781058507269,82
Igbo Ougouchi,2.503235766974316,6.931019623788538,59
GOURÈ TÉPEL,3.339497063353629,9.917206465935735,113
Kétou,2.6509731934677094,7.575355632385833,67
Tchaourou,2.5843328556228116,9.115928873563687,137
Bâbô,3.6457254782734188,10.671293637477982,13
Materi,1.0748096909240101,10.649830080714821,54
Godonoutin Calvaire,2.0105049198422704,6.3979290485630065,101
Tori-Bossito,2.052275378622128,6.545378814673771,52
Location #5351,2.4387337658064205,6.594085096273778,180
Location #2267,2.5375390710150043,6.502532724790952,513
Guinagourou-Gah,2.938684033233748,9.605763985755946,72
Grand-Popo,1.942343953444129,6.316768379385536,67
Kalalé,3.7060559427349786,10.565925992802509,59
Location #9584,2.2623160507621716,6.760450738232,85
Lokossa,1.790696947507531,6.620526115146427,253
Ouaké,1.500765652844492,9.542720983545614,116
Location #12384,2.5553963099848214,11.648802495051992,59
Kalalé,3.146121364820434,10.053709694474122,201
Mongo,2.868056329133595,11.158971272791819,59
Location #13170,0.9882888430353309,10.372947270023545,54
FANI DARI,3.352941455366684,10.076520938434562,237
Dogbo,1.87481139139613,6.786155721262099,39
Tantéga,1.0055631351069139,10.782967954710402,147
Dassa-Zoumé,2.136676689023981,7.874459034930603,155
Location #17108,2.4044505704694448,7.825993307880529,21
Wometo,2.4297087322415925,7.292360028348394,250
Location #8152,2.0545756470493104,6.372860045729393,106
Péonga,3.2423427667856726,10.329884701076212,90
Dovi-Dizigo,2.3815561062148993,7.1623292273378425,706
Lobogo,1.8725104501562706,6.683394398048843,52
Malanville,3.223968718401393,11.76673442592171,111
Boukabo Kparou,3.1200872809578777,9.51915994574811,36
Banikoara,2.493085955952224,11.207369128377456,90
Timbouré,2.616101808137543,10.433808333034214,54
Location #16323,1.421801339049762,9.367890321756665,36
Location #16662,2.056765679168236,11.01459397979386,31
Location #16746,2.0595059403282168,10.444785108197953,28
Location #13083,2.2342433990151123,6.741240013859227,54
Location #11316,2.8344436348293955,10.168535155170947,67
Location #485,1.9969244322543094,6.538195572771343,2492
Kalalé,3.521097311244551,10.3505938680209,490
Kandi,2.8484320256747537,10.994954054568518,149
Natitingou,1.3650609634364494,10.253685057307997,44
Dassa-Zoumé,2.397302734861745,7.667080943767538,44
Tchaourou,2.85850625999134,9.254207391272562,82
Founougo,2.597375690658352,11.458074452627228,116
Banikoara,2.4875682700585835,11.246888287099228,152
Allada,2.0418355533486183,6.733148657263531,1861
Location #10138,2.1785644649583626,7.061271368835835,77
Location #7034,0.9783778114380735,10.257056855307544,126
Zalimey,2.1937850928979175,6.95446259279775,67
Location #12479,2.795660744133091,10.615746056353359,59
Nikki,3.297720713428989,10.005131640192724,134
Djougou,1.6691260294640362,9.630893986262139,119
Ouenou,3.3174356624966914,9.920608438276556,276
Materi,1.04228023039279,10.661172860195096,381
Akouka,1.635508595546633,9.012317361609819,82
Location #6538,2.36614958191036,7.1265190023938345,139
Adido,2.5405680319727306,6.841028851834063,108
Location #7502,2.590701373666681,11.612330718518491,116
Location #4733,2.0792487843280547,6.779221271325327,211
Location #15621,2.6512470742866223,11.35577451003559,41
Boukombé,1.0369626666218288,10.26358835781433,49
Kalalé,3.289803312523065,10.269714761610706,49
Goro,2.495906020399145,9.033688701911055,186
GBABA,2.842740418143865,9.847613092171644,258
Location #15643,2.7586020806391094,10.94473619317578,41
Location #4151,2.400150399815519,6.998462774757043,245
Awonou,2.532198865239148,6.758517931798624,717
Location #14224,1.9739846181124163,10.660460152657468,49
Gorouwon,3.716329403585417,10.64710401997323,49
Goro,2.5234203496526395,8.921717678629127,77
Djantchè Bâtè,3.6821458836696994,10.655142522829903,34
Kouandé,1.8857266204340895,10.481802796822016,57
N'Dali,2.7456438726012413,9.830761228578533,64
Kountori,0.9537121135631702,10.437413801424658,204
Kouandé,1.8563385186708734,10.592188667993714,54
Zè,2.292183931368413,6.735389502606348,838
Location #15184,2.7214036610522694,10.981512088148525,44
Location #5172,0.9493047876691529,10.845363934241288,188
Houéyogbé,1.826137358321498,6.476759104704387,103
Gbèssarè,3.7350868764030025,10.986391769270055,124
Ouenou,3.33696065093041,9.96001037895938,31
Location #5674,2.152950071513915,8.13194472247321,168
Sonon,2.8165136651182765,9.504524851446092,64
Attan-Éwé,2.61791696931308,6.855966134887032,59
Location #14107,2.397196571068629,11.489736553717911,49
Sègbénouhoué,2.5905394433304822,6.723238941787827,121
Kouandé,1.7329185967896874,10.448802467922752,26
Houéyogbé,1.909131062168351,6.506431645161725,59
Location #15462,2.4458612703922387,11.089365338367589,41
Allada,2.0881703806866607,6.649578641303894,62
Poto,2.5035766043141474,11.334118474017075,106
Location #3579,1.8944303604610546,9.502022551943924,296
Tchaourou,2.4367035570945887,9.15253135108026,72
Kalalé,3.255254859905371,10.086786636125995,219
Kokey,2.5846406325056397,11.41762336723285,46
Ahicon,2.5313667636644532,7.056261575128022,62
Location #3955,1.9066114657447506,10.049599939801972,260
Koutangou,1.0792819483572695,10.373363252492739,75
Location #5900,2.758683716355635,11.008781898464553,160
Tchaourou,2.552251105950763,9.157718637507505,90
Berecingou,1.3756328492120995,10.204490038300605,44
Malanville,3.409140686768182,11.745547068183852,39
Dagourou,3.0261612591941978,10.878106945002276,26
Kalalé,3.5757157303344678,10.143080397748976,219
Yoko,2.596098794611996,6.7704004994430225,46
Abidomey,2.562912931647126,6.7445311736726525,49
Saah,3.0605016997132024,11.227808005421817,88
Location #14480,2.3663916463675183,7.03640276452555,49
Location #16283,2.2993619024764733,11.029411475162307,36
Dodji-Bata,2.249550995973511,6.6548500291564485,286
Location #11389,2.27995249194802,11.002065097751201,67
Ayélawadjè,2.583836942647041,6.934315132761415,191
Kouté,3.8001330632686683,10.69652371121783,36
Location #9036,2.542951789911499,11.566964115767554,90
Ouadjito,2.000179368523582,6.515164579553094,93
Kalalé,3.2810466398953366,10.436645116683987,13
Allada,2.1072633896749062,6.687744763239153,562
SOLLA,1.3598512770949587,9.904601000659827,57
Bopa,1.916566605915046,6.598442325428726,229
Location #16083,2.366242517979626,11.115131289870474,39
Kalalé,3.2389670672770148,10.137444913621895,49
Pobè,2.7031078626180185,7.170284991987704,85
Houéyogbé,1.8832048310462575,6.533391793429214,183
Boko,2.5988672137455273,9.514272428767166,41
Lokossa,1.790651460493644,6.615335972926597,103
Location #9913,2.0509300262437447,8.162427943091352,80
Manta,1.1479645218393444,10.364448754271503,108
Location #14319,0.8489460677472872,10.339883351267469,49
Location #16164,2.455027035911696,10.871392897980616,36
Kouandé,1.5667966407144613,10.14479757499601,49
Banikoara,2.5166404328123013,11.246151528809241,64
Gah Gbérou,2.9246130743433585,9.420983866452733,23
Sakété,2.6696917966588884,6.653673877230972,46
Location #7030,1.1951163805265999,10.67274700606593,126
Tchaourou,2.8309288460675353,9.456677197321342,54
Igbo-Assan,2.5656776907414005,6.7847970767645505,237
Location #15125,2.206985276070589,10.832077850472498,44
Ounet,2.4436666510376353,11.226792399191881,34
Dassa-Zoumé,2.147416671636357,7.71380534429173,80
Kouandé,1.7302720599572103,10.0346114661874,52
Location #7116,1.134407544537096,10.541131119111764,124
Savalou,1.719528968269303,7.901799268708499,57
Tchaourou,2.898996384483553,9.300673634334075,80
Nikki,3.39011146590235,10.123215589805389,90
Djougou,1.5778789542354652,9.610305711340288,72
Location #11484,3.6210297440824903,10.879136540492956,67
Onklou,1.9797843703869376,9.482615732710624,44
Location #4297,1.7315087482647897,7.606246055357709,235
Location #8307,2.546144097509302,6.872530886323158,103
Location #2518,2.4498149368591173,6.62809657141665,456
Mouné,3.1057701366376786,11.167818781390334,52
Dassa-Zoumé,2.373244999800811,7.807450867204496,62
Location #11177,2.564437169300706,6.66724763936192,70
Ouèssè,2.6047912320579605,8.733862985047722,93
Ina,2.779287208790146,9.996762595392434,41
Wavina,3.378671218959166,10.739225338161877,41
Korontière,0.9848230485685158,10.238478720758689,62
Location #16232,2.4004014691455,11.582141512729981,36
Location #15966,2.558614098227557,9.48274106757384,39
Aklampa,2.0706790308716463,8.271895676170093,52
Location #15165,2.06549893806802,6.406108515036161,44
Ouaké,1.3894020097005584,9.826172199966571,49
Sontou,2.8515963150164265,9.694183703409676,70
Location #13828,1.9349752953184487,10.119453190833934,52
Sampèto-Angaradébou,2.476134094648324,11.580096605639929,26
Kouandé,1.8957769578991766,10.70257257475973,44
Kétou,2.6315486558154793,7.2224418519766855,54
Aledjo-Koura,1.4770142523517935,9.362614573053374,157
Location #16139,1.7486865626709667,7.558496226496484,36
Savalou,1.8995897907526755,7.850603594028731,36
Bambaga,2.4730776264507086,11.54962745463888,52
Lokossa,1.602386112398832,6.723660444030838,70
Kalalé,3.763739385836657,10.49789217000791,67
Location #15211,2.108401950709586,10.997977564731572,44
Ounet,2.3928524723662754,11.167539508005042,82
Savalou,2.130230368975003,8.13959526845786,49
Pobè,2.7305051562339253,7.073187294763893,72
Simpérou,2.498327280991842,11.274261924517432,44
Hinzounmè,2.0249319698182853,6.476295001414243,108
Ouaké,1.4315115998121732,9.565531953150328,222
Kétou,2.6420698871563824,7.287504359684804,88
Zounge,2.4805616634745196,7.054931375520713,72
Gnonkourakali,2.926150652572998,10.004365282596384,39
Location #3425,1.8869116093324265,7.517233855053008,314
Location #6766,1.3559552102162022,9.580600287951238,134
Location #2754,1.4086194393820504,10.063970004420074,412
Kalalé,3.2404705707529846,10.362802842473599,52
Tchaourou,2.9049109320019357,9.216172634365122,31
Bopa,1.9497452670985371,6.70596363084966,59
Natta,1.0986658930372528,10.221498695609919,39
Kalalé,3.8173639314472676,10.5827344977726,28
Bafounou,2.5324978878105386,11.41089963565633,142
Kétou,2.693713662492392,7.230330321111115,54
Kouandé,1.4594415996175711,9.98382707398207,49
Location #9598,1.1215750273524736,10.560231042976486,85
Location #9961,1.1162909228043725,10.55316812074632,80
Ouèssè,2.321753166764904,8.541178631327151,209
name unknown,3.0156386458864275,10.182638263151814,62
Location #8501,2.43633538069311,6.963939577171279,101
Location #5650,2.6025620434189283,11.384815216420554,168
Location #8052,2.064028410225031,7.248041785864398,106
Kalalé,3.044788138402407,10.105965275268124,59
Sè,1.8324973123601807,6.498574516164077,46
Location #5738,2.66042419349498,8.10971290149218,165
Location #7106,2.1429226503130585,6.7602752085031526,126
Sakété,2.7124257600274415,6.77901222255301,332
Féliciengon,2.0653635009493643,7.395136328690495,142
Gah-Guessou,2.432714431740538,10.341640037660776,54
Obé Gah,3.1315960345802005,9.54536602695932,41
Lalo,2.1187708354598804,7.347619485344909,54
Kalalé,3.504520484123875,10.431628202747694,44
Pobè,2.65385225014334,7.054122736139119,64
Pobè,2.686763982257562,6.965566060203645,59
Bopa,1.9039098982932159,6.734474040873118,41
Kpota,2.0297515214476523,6.37273695712553,358
Location #12401,1.1812750696030996,10.47179107708292,59
Namoutiaga,0.9509964375229405,10.47730775827148,49
Banikoara,2.513134525218052,11.220969096445264,64
Kalalé,2.946318840533106,10.111388899559937,85
Location #8576,1.2186868267299393,10.332205407806248,98
Kassèhlo,2.0353320154901478,7.424644929094396,52
Sirarou,2.685658757256229,9.587276442870289,23
Location #10284,1.6962102154370697,7.540711869163408,77
Dovi-Dovè,2.4000578430515285,7.1836768929697845,296
Simpérou,2.45737563966758,11.323091703452851,28
Goumori,2.2950136081578623,11.121398330116106,49
Worokpo,2.9734208454037336,9.860637723421524,1575
Boutou,1.512269937978249,9.432181417796455,44
Gantodo,2.183864375327262,10.861526770277525,36
Sanrou,2.8734519300383075,11.187478493046314,85
Location #14359,1.0103150140622617,10.636494228738306,49
Towi,2.5329583307155668,6.901895406990815,188
Dassa-Zoumé,2.2305540523173537,7.57187297483261,28
Alfa-Kpara,1.7776444317077131,9.621502806260708,36
Dabou,2.7410460362133278,10.184956953454627,34
Lokossa,1.8017966145351745,6.699737251207006,206
Bopa,1.8919827733814036,6.736172819488327,111
Savalou,1.9192264143400906,7.66007630137922,34
Pédé,2.9725612142522806,11.20916674197472,260
Tori-Bossito,2.1654092032003773,6.5169077570710865,77
Dogbo,1.6959366389563524,6.78520265832896,49
Ichaagba Adoundoun,2.637629351633493,7.085224316751142,59
Sakété,2.6293109338315537,6.81350216075566,152
Location #8248,2.670737696594731,10.54968667367759,103
Igoïssi,2.5973331569208313,6.969284592979803,21
Manigri,1.6723842390019856,8.931462865960983,82
Korontière,1.0018575934538094,10.294861083518418,41
Village de Detekpa Adjinangon,2.2188264461764957,7.261769113199386,544
Sakété,2.6766613297487836,6.7777810109048575,80
Savalou,2.091520928283088,8.099714643809138,477
Agatogbo,1.9171999516248432,6.391389446527058,113
Kalalé,3.2020973334355665,10.292165112359466,44
Tchaourou,2.4337413475902228,9.10911282931706,57
Location #11883,2.739715686613909,6.887652906762651,64
Location #9895,2.218107335651422,7.122798844730992,80
Founougo,2.5954050453988353,11.511186493044974,46
Kalalé,3.424080258596975,10.236519032813408,70
Grand-Popo,1.943486718724703,6.299354398323501,80
Dunkassa,3.181429714319192,10.34289472810258,119
Location #8341,1.706995176862101,9.46939859974427,103
Mininkouri,1.4859219746716492,9.82682158830383,232
Copargo,1.538675891735562,9.857963913560532,142
Location #6200,2.2772736309689754,7.128292249679782,149
Malanville,3.4911677595676878,11.540702420490124,49
Location #12808,1.0045319887952022,10.21792513323084,57
Location #9696,2.3097044194551395,6.7543023469140895,82
Location #6458,1.7509234783437793,7.5104560491102115,142
Location #6718,1.0886807403424874,10.48909552474727,134
Location #3148,2.8075592856303984,10.538144991471766,348
Location #6526,0.9343956863778595,10.4280444152756,139
Location #2614,1.9497495978885322,9.712426288843858,436
Dassa-Zoumé,2.4078361157784904,7.683920632880235,464
Savalou,1.9456423043069857,7.758156640563934,39
Ajentemei,1.694287646068459,6.801665979751541,490
Dunkassa,3.1617175581303942,10.33955564129516,90
Location #15087,1.8455893814245425,9.88963990190619,44
Lokossa,1.7498640737618387,6.728746036099852,201
Banamè,2.3759419020341133,7.26519652984567,51
Wonsiô,2.879735322792233,9.610938039606074,825
Nalouhou 2,1.6182573769648887,9.792714068926538,101
Kangourou,2.071746105477287,10.785563595231606,36
Allahé,2.2293521837345147,7.162510742664673,139
Natitingou,1.3064789263741248,10.216753895148917,90
Poto,2.5648428551369338,11.31982205276564,54
Cobli,1.0721215383548006,10.479935772510416,52
GBABA,2.8525145724740884,9.88028202481852,170
KORA SEKO KPAROU,3.417009778910078,9.933239197365074,175
Sori,2.8052328649483393,10.698241630543574,28
Baako,2.723625503758242,8.20653207229896,39
Location #8785,2.3649595830073484,11.131107707982247,95
Malanville,3.205563621974344,11.76598023777704,255
Aklampa,2.0997939343617955,8.216977684086675,72
Location #12250,2.411462321400166,6.799737074993654,62
Tchaourou,2.6263685720636554,9.032166432604454,90
Saah,3.062693946165221,11.230501331398079,93
Kokourogou,2.2822479102318094,11.25892904749327,46
Dogbo,1.8884748442732369,6.781745634961149,149
Location #4862,2.298807696456764,7.1445575167925295,204
Banikoara,2.5232218594440488,11.209954785749291,49
Location #6672,1.0825094248904623,10.563906864411893,137
Hounssagoudo,2.298311856833009,6.628979206546353,75
Tchaourou,2.4609086582597537,9.296729552763429,54
Kalalé,3.311338853663852,10.248325257751313,64
Djougou,1.7239128827014385,9.629590130198086,149
Dassa-Zoumé,2.1228807159695013,7.840808404865253,72
Ouaké,1.3947098986038087,9.785801204952262,119
Location #4347,1.4214662424531426,10.09778236545373,232
Savalou,1.7287922537977523,7.874163660674989,719
Location #9288,2.3192118624733373,7.500138195418597,88
Djougou,1.7482288514974313,9.715287372920706,57
Location #12197,2.3860162262238878,6.626649810652734,62
Location #3254,2.2579221598554233,6.772826284489921,332
Wodora,2.7210226380806835,9.924212888778573,794
Tchaourou,2.0681174492063197,9.362880370233833,52
Djanglanmey,1.8016735123111398,6.423763912734855,936
Houéyogbé,1.814469590007809,6.483643966913468,67
Location #3742,1.5821802209613436,9.402562337405644,281
Location #2271,1.4567960595508813,10.801523888801507,513
Location #9782,1.7599775811583847,6.4848428125833975,82
Djougou,1.6936674514865504,9.616876766527275,67
Location #6897,1.882236135521587,7.582315763419124,129
Location #16587,2.3601942066486044,11.138536256286642,31
Touko,2.8327596429640987,11.072351166227202,644
Location #14367,2.1241204401568283,8.47855951395389,49
Tchaourou,2.9957551043930466,9.093669579606864,54
Ouinhi,2.5095432682339998,7.143385241969102,647
Kouandé,1.815906012284379,10.120096180861877,34
Sakété,2.656403068034286,6.68697163947101,52
Savalou,2.008689021876226,7.99394358429613,77
Location #7679,1.0949663384420605,10.4567253732786,113
Location #2585,1.5584599091192521,9.906584235690355,441
Tori-Bossito,2.2586765237006547,6.516004360216536,175
Location #16600,2.191912567415823,11.097651279939136,31
Lobogo,1.9286314857156048,6.663866937692048,75
Galouzi,3.686797642441258,10.81672667011224,116
Awonou,2.539857497411147,6.755616985245807,85
Batran,2.3606960125591887,11.373539895885097,85
Boukombé,1.080841846549508,10.181082778578222,328
Location #14011,1.7593805134238933,8.24580648959613,52
Dimari,1.3314837000510555,10.343436696642533,106
Sèhouè,2.253187413773798,6.9012230672646915,90
Manta,1.0721334934727789,10.419835719685103,139
Kokiborou,2.3373434485118922,11.188553002281314,95
Tchakama,3.2934226421881396,10.925531017144088,611
Kalalé,3.256364881672954,10.239376922320583,273
Kpakpanin,2.506506143504021,8.782640152940445,691
Location #6978,2.7289627497378586,10.970330539470451,126
Ouenou,3.5142498344365998,9.996834681108107,52
Tayakou,1.1454604119817409,10.586527889914976,57
Bopa,1.9501424253668322,6.582437985572263,49
Bopa,1.9018432747093703,6.5991057638376365,180
Location #9725,1.2027777263381194,10.564866453136613,82
Kétou,2.714924894930282,7.39606635047432,101
Kodowari,1.5636477265881124,9.208731329712405,144
unknown hamlet,1.751025534411116,9.225287046943958,36
Malanville,3.4541108829687954,11.613123900983036,64
Kalalé,3.6137036739084816,10.56295487158237,28
Location #6711,2.688119723094905,11.383391352819157,134
Tori-Bossito,2.1171399099632957,6.579856010877714,80
Location #14074,2.8304182984650437,10.966759858054806,49
Location #16712,1.842850877882721,7.449937761180276,31
Location #5821,1.8255718753330834,9.484380197530717,162
Parakou,2.5736588857352913,9.270673115352032,57
Gbérou-Daba,2.947066106962323,10.22113336870572,62
Allada,2.0557448978527617,6.638801206962933,62
Datori,0.9016114316321132,10.361191577981637,75
Location #1021,0.9464043329013756,10.522322353202698,1229
Location #14942,2.593578810025822,11.565048296431813,46
Location #13595,1.134583833263806,10.638864933814302,52
Location #10577,1.6250234603125993,9.388207033822708,75
Location #1408,2.372440758400937,6.655238021220822,874
Gossorogui,3.016290433709153,9.503561710148972,52
Toumé,2.561626566561044,10.023412321469184,1278
Ko-Anagodo,2.6744076031316273,6.593232698452748,70
Malanville,3.231610192282771,11.639840391287432,44
Location #6166,2.7724299451801078,10.971001969194774,149
Kalalé,3.521805432593792,10.355233539198835,57
Location #15718,2.6036628734433545,11.292054572707006,41
Yékéna,3.1344710602625363,10.030878957529579,198
Setto,2.0070670469499636,7.491506240794947,345
Affèssèda,2.5964646744133923,6.925752233878773,111
Lafiarou,2.9942302354254475,11.176355431749972,180
Kandérou,2.5337744347551237,11.658763317617858,211
Kossou,2.0547978380966976,10.528099943481314,36
Pobè,2.6850384274021577,7.090268574205567,57
Erokoya,2.2987472159682336,7.819978311393267,224
Manta,1.110626178510114,10.368316615656848,41
Location #6384,2.27188145106994,7.491739545749484,144
Location #7721,2.1791223109899116,7.521513632360871,113
Location #17194,1.5504452900336891,10.74219492368792,10
Donwari,2.9079703417444107,11.142371133459438,77
Tchaourou,2.741763268196565,9.232509707503539,407
Kassakou,2.9166190204366407,11.086384504457964,206
Nikki,3.2776608578840056,10.00710117841374,59
Parakou,2.6399951438933864,9.277415885931479,796
Adjohoun,2.5086805350612225,6.651175286041629,188
Location #17173,2.1524420896365855,11.211317035232264,15
Djougou,1.6934436009475358,9.769797390865591,137
Za-Gohoumé,2.2481169223800053,7.202249484828218,44
Tchaourou,2.469953145031927,9.349400335278709,70
Natitingou,1.3572840358875382,10.306500897568057,126
Banikoara,2.292995982983536,11.319578154186232,31
Location #12073,1.7382261371003618,9.859395170129934,62
Location #10909,1.2243995753648715,10.4667950866171,72
Kétou,2.520742448331487,7.568241338681324,59
Savalou,1.9714680846159949,7.874913408507611,70
Location #5296,1.5810806360994405,9.926168127316704,183
Kambolé,1.636852288076285,8.774437412114732,168
Gambané,2.835898832546985,11.090998680286354,41
Kandi,2.8218496362781216,11.029477893235144,46
Location #5444,2.6183021605682995,8.129229454060797,175
Malanville,3.227694479540196,11.735711997605655,126
Location #14472,2.6547037225276653,11.292680338456185,49
Abidomey,2.535082303939289,6.740290684325441,57
Tchaourou,2.87345343147176,9.399711965455605,88
Location #5148,1.7574489578489783,7.397650514408144,191
Kountori,0.9814991389586885,10.410115372984148,276
Lobogo,1.9056960861330845,6.665032920434201,54
Donwari,2.8593182547906886,11.157597980872124,34
Kalalé,3.338051701556227,10.282724708101737,44
Ouenou,3.4102022373863563,9.984577898595639,345
Tanguieta,1.3393946882023133,10.683477630488477,142
Tagayé,1.3026629425470524,10.27841812580133,59
Pobè,2.6398497133626373,7.093123374810024,204
Nikki,3.3188949110960797,10.209369326364506,616
Pobè,2.642289492090485,7.100207577596068,103
Towi,2.5501311484324987,6.91513822663776,121
Location #3568,2.5232348654074297,6.865351993293949,299
Toumé,2.523466448935506,10.03772290662265,1858
Kandi,2.9791607474239283,11.194920814012807,106
Kalalé,3.3552646422898813,10.392307542017607,116
Location #14785,1.7786918782085295,8.56104059474684,46
Sakété,2.699801118793295,6.79856111416136,64
Simpérou,2.479139429352791,11.308160910381583,178
Location #12630,0.9849713087162884,10.48001072333831,59
Parakou,2.723267863646124,9.365143114196151,31
Location #15649,2.450274389563308,11.073283176427799,41
Houéyogbé,1.8736657728001926,6.483645537147818,155
Location #6723,1.9697263215495695,7.479166617164699,134
Mondara,2.0429287954453703,10.858437369383738,85
Location #9217,2.04699649456294,6.465809524446726,88
Démè,2.431787038868027,6.689802858395506,144
Sakété,2.6769840317292806,6.67075385275662,265
Founougo,2.541897070459376,11.553868675292673,139
Location #7835,2.401943360412205,6.80071202932548,111
Cobli,1.0261091516828655,10.541927668359314,255
Lokossa,1.750676736432786,6.598584826523674,77
Kandérou,2.5526075439152818,11.654470094255668,134
Cobli,1.0405584742544305,10.490525609379239,137
Basso,3.616832448011638,10.493508362861707,44
Korowi,3.6982847671508585,10.80445933489672,26
BANTERE,3.046749967516474,9.835318368307144,351
Kouandé,1.6115551008957232,9.996350102900783,90
Agbangnizoun,1.9804218142316685,6.997212178620909,407
Kandi,2.815940503780423,11.219662685054342,168
Location #14163,1.0255007158407239,10.45700697796322,49
Donwari,2.826076163383238,11.044976372445912,46
Kassèhlo,2.028219263615105,7.305016616019644,93
Adogbé,2.256722770536871,7.0155300666097915,546
Tchaourou,2.07696175710795,9.338347947184198,75
Location #6132,2.0668634629121674,6.475513952766636,152
Location #15298,2.279432726627436,10.307322764923477,44
Kouandé,1.85220185237424,10.488032784593193,67
Allada,2.120425306683699,6.6188039583889475,72
Lobogo,1.8833544604276067,6.693601301432873,214
Adjan,2.223300244288055,6.72833494482714,204
Ouèssè,2.6468688825080298,8.315218264078716,1827
Kokey-Sinkparou,2.5261942809505316,11.357261147401685,348
Ouaké,1.4911401531110449,9.563170104824968,152
Dipoli,1.0116823721826464,10.455605910148533,95
Location #9351,0.9652729246293456,10.896458156469237,88
Sèhouè,2.1980877275215285,6.919106675581844,54
Tchaourou,2.1106565726637343,9.342151218671672,59
Oko-Akaré,2.6677998474253313,6.913937570452552,77
Location #3624,1.6273885885066188,6.775120967312298,294
Kouandé,1.6570135898091196,10.163473314880948,80
Kérou,2.166050337810278,10.807308604650741,28
Kalalé,3.5198740203652905,10.410239665895073,165
Bohicon,2.1993308025815166,7.153139564200561,211
Location #6092,0.9546705458485774,10.85365981573951,152
Vanhoui,1.8499417335938617,9.552993060965065,121
Kétou,2.677508724206436,7.417398250366463,106
Location #14175,2.071825566165495,10.985583008214727,49
Location #15335,2.475232081022259,10.83596222605603,44
Kétou,2.5729424081251793,7.411938232217984,77
Angarédébou,3.057710698390019,10.022015248284987,134
Savalou,2.1082543995745056,7.909378575860689,98
Narerou,2.3237995323547684,10.115794822629116,1987
Location #11587,2.958372234281439,10.828852983892359,64
Location #2648,2.316501447708499,6.727242311574347,430
Kalalé,3.3474505462138455,10.365812695275016,168
Djègbamè,1.9819674817347455,6.3206806167273175,75
Lobogo,1.921579728210958,6.639841225689823,93
Kétou,2.68809278647499,7.200360218568637,77
Location #8553,0.8625648999561901,10.482713955311455,98
Natitingou,1.3197931003373036,10.323797736497292,41
Kaobagou,1.9529316871523656,11.006840114355688,825
Location #12730,0.9071433072238089,10.531905500124163,57
Boussoura,2.9026618246132045,10.364313937638041,299
Savalou,1.989863601660421,7.571040564976445,67
Sèmèrè II,1.4114487938629123,9.504399480818588,49
Nikki,3.4374993080100116,10.101431908470992,113
Akodeha,1.908459103076329,6.450467860285831,1421
N'Dali,2.6139610970625564,9.869479338344934,75
Kétou,2.6535858564004458,7.193559949936371,126
Tanta,2.2248757129634464,6.689262948420644,1276
Tchaourou,3.1514357074883814,9.306984652145255,126
GOURÈ TÉPEL,3.3502692307081574,9.924589135486718,178
Location #12148,2.514651994755611,9.909947029989592,62
Location #9435,2.749488743277498,11.173248294734233,85
Datori,0.8440090170227945,10.371095290379655,412
Sonsoro,2.782363390099621,11.092102037816595,54
Bagou,2.6869241116429383,10.753811036430772,39
Location #9173,1.3720209146116202,10.454175401588842,90
Location #13582,1.8956471237486598,7.433698451173325,52
Allada,2.192918908669623,6.626359326384615,518
Hio Houta,2.152928275078528,6.333630681478196,186
Dassa-Zoumé,2.1638474051648817,7.6972658135051155,191
Gouandé,0.9615239964004023,10.800729287516491,80
Tori-Bossito,2.193598714937309,6.482355410751361,119
Location #11792,2.179896409466323,11.315381805668034,64
Location #13411,2.5736840612238345,6.6293332081282585,54
Kalalé,3.6664931151256557,10.581129351209086,90
Parakou,2.5813334490910442,9.364745298418688,62
Lokossa,1.7806026478405894,6.650909870496097,858
Nikki,3.496431024923651,10.034954835515748,62
Manta,1.1239575759531597,10.327856954948661,88
Toura,2.366640507919578,11.199926217040833,88
Kokey,2.5725504190991795,11.406747354427953,232
Location #15604,1.3930891558496301,10.598420176482136,41
DANNON,3.089441837486035,9.785556414878714,265
Founougo,2.5726536075767052,11.526688574491672,139
Location #12732,2.25759552971755,6.731515588904631,57
Boutou,1.5249567047665378,9.403113367351073,62
Sakété,2.6789285139369,6.650672036908913,52
Sakété,2.6101102921017887,6.677173625327215,121
Pira,1.64633573178411,8.63648753640334,124
Kandi,2.901427474153604,11.147867525718437,62
Location #5244,1.6805413370550812,9.412888896765539,186
Allada,2.092334274559405,6.678034514520537,62
Location #15779,1.7902532715511554,9.08170204925439,41
Kpanla,2.6543650620234156,8.055527450936603,363
Location #5218,1.0485562383913412,10.435208820302755,186
Dassa-Zoumé,2.104927851525385,7.816678351043326,59
Gouandé,0.9388987327837718,10.77391933975074,95
Pobè,2.623340253205902,7.072851826023694,59
Savalou,1.664779881048967,7.6792675508146635,1495
Partago,1.5113751855931359,9.333967502163398,80
Gbékandji,2.547879180510721,6.6827087289551335,2188
Tchaourou,2.775335308252988,9.21190543937253,392
Location #6230,2.3402635276390678,6.697061657119357,147
Dogbo,1.8851419364871749,6.796867817265131,80
Location #2642,2.4498502369578397,7.230262213517644,430
Tori-Bossito,2.1928556865493882,6.489187701765888,149
Location #5390,2.598266809670203,11.378086091470937,178
Location #3950,1.3683044946467642,10.685711773827618,260
Takon,2.6337078530254265,6.680378200100798,116
Souarou,2.4511925314254466,9.798681952960495,39
Location #5357,1.8997647444604937,9.804467723602803,180
Koutangou,1.0824531892910998,10.36111082600565,54
Beket,1.9326696032558743,10.293078732626057,131
Location #11673,1.6389498585813869,9.894712400058257,64
Gounarou,2.9371423253653663,10.935918596270842,41
Binassi,2.7746701321145397,9.482900375964741,1585
Tchaourou,2.8591390969525943,9.282450912827201,601
Ouaké,1.4364566526800266,9.450273381409602,101
Iboto,2.4937305524190165,11.417302866748193,70
Location #8416,2.4878073806233294,6.873593415952186,101
Boukombé,1.0513115652258453,10.232223232444532,134
Kétou,2.4853891169338573,7.508755098034327,142
Location #11630,1.0219549091330324,10.582291967010436,64
Location #6997,2.329904060827307,6.814896776255905,126
Ouaké,1.3933669614346897,9.760352299501477,70
Igoïssi,2.6152691290822463,6.966697838871481,75
Houyin-Sègbèya,2.355368117554949,8.16562677025399,977
Sinkparou,2.901230830943588,11.152239869752995,64
Kassaguinin 2,2.977838500847425,9.491090834338605,103
Kokiborou,2.246432278855021,11.101824406326491,149
Tchaourou,2.145006776339479,9.17613289180988,72
Mondara,2.0383909539718474,10.83456621897685,168
Location #15062,2.6130842293617818,11.283214366567234,44
Tangbo,2.2781673906358004,6.581917948064144,193
Za-Tanta,2.154385171678093,7.256135958552491,389
Manta,1.0353243982772378,10.425017541718306,155
Ichaagba Adoundoun,2.6258232887872364,7.140451716391695,157
Dogué,1.9139172271791904,9.082091134511806,46
Location #17163,2.226783361615515,10.855006801269608,15
Location #7027,2.192341708339124,7.41422532062384,126
Location #13168,2.0480957025965325,6.484083606191706,54
Takotiéta,1.0812223539201373,10.306787793738659,44
Kpomassè,2.026471971606624,6.423963233711234,52
Natitingou,1.3483992200826327,10.189034745397684,49
Ouroumon,3.315072159308683,9.883165516306484,57
Pèrèrè,3.1940356911306282,9.674787300756083,1294
Location #10523,2.8546571328376182,9.578369751150298,75
Location #10246,2.5430818541445834,6.658599992924306,77
Tchaourou,2.339303522318153,9.226149535320754,72
Kalalé,3.56157217511749,10.430960877025525,178
Sakété,2.6745504238202336,6.814822127886605,376
Boutou,1.5363514025320961,9.434548098717913,70
Natitingou,1.2695840534323797,10.382550539536096,49
Savalou,1.694336757539446,7.934652812272355,155
Malanville,3.194354212783392,11.626176797068425,88
Tchaourou,2.8272433521502727,9.09498666024764,265
Ouèssè,2.5575636850510395,8.384253908390841,443
Location #5352,2.2874376371637366,8.234717434943942,180
Sakété,2.711199048060656,6.774028139704141,204
Kétou,2.6239210953488423,7.303394659423267,72
Founougo,2.6118490194672153,11.506510946810014,224
Dogué,1.8887771576249928,9.084458998658214,147
Location #5417,1.7457692144067054,9.566336730725007,178
Location #13824,2.8800009156721624,11.299165256920972,52
Location #12123,1.7238206262235227,9.983874258667834,62
Allahé,2.2242681807784486,7.149495162488193,67
Location #16253,2.060027260313942,10.50882927411506,36
Kouandé,1.7409968933423792,10.480638395712566,49
Savalou,1.972529529334545,7.7275440890207845,80
Tchaourou,2.4321193472677227,9.341088658804408,1750
Allada,2.098883789147131,6.6592720889971035,165
Gorouwon,3.7121203513194407,10.651591486756406,119
Allada,2.187259756370932,6.685174383274675,152
Kalalé,3.6082511540061213,10.48638644530701,52
Zoungou-Pantrossi,2.9704928382507214,10.786249336021458,106
Tchaourou,2.824764022628984,9.463762149578296,80
Location #15227,1.9383649379766166,7.403077939226861,44
Tchaourou,2.705397827826825,8.792248312377405,15
Houéyogbé,1.8993437939616513,6.481116967520517,345
Athiémé,1.6929153759174724,6.587789811315195,387
Location #1748,2.486020475392129,6.889577687031469,686
Tchaourou,2.564335432699368,8.8803746963822,147
FO DAROU,3.2458539828872053,9.69695732035677,420
Location #17017,1.848648544224249,9.882439406016575,23
Kandérou-Kotchéra,2.5523810495639188,11.632008896235348,88
Sakété,2.660868545921772,6.828948495144593,70
Materi,1.030840429703155,10.664336483540163,62
Kalalé,3.303104817644869,10.417761923738553,70
Tchaourou,2.8136091642888488,9.134239370829164,62
Location #13053,2.5766860851136655,10.594133968776486,57
Savalou,2.0156797034070952,8.027823047981494,44
Tèrampo,2.4103107507602903,11.617149090517184,454
Sissigourou,2.870938159579077,10.259598210115676,173
Location #3874,1.0675908929662397,10.300516845490854,271
Location #5945,1.404133671759567,10.657636692373794,157
Tchaourou,2.8755673542025586,9.118990552324865,119
Tchaourou,2.0669031301085465,9.338840732117294,90
Cobli,1.0090878172333289,10.460081465345034,191
Allada,2.013357249933171,6.595326789280171,235
Kétou,2.5276157746952954,7.304397821199409,93
Touko,2.8534535571283994,11.05463509634879,124
Koukoua,1.0994932806097706,10.225099729093575,70
Location #1233,2.267984790131163,6.771454516163109,1013
Savalou,1.6873196733879197,7.916950126316683,495
Kpomassè,2.031838532833979,6.459675360152389,358
Ouara,2.6814760411678398,10.654729802520528,23
Tchaourou,2.931959959732904,9.20744437273406,77
Dassa-Zoumé,2.316260969686505,7.777541404392318,39
Djougou,1.7300682490943124,9.726074191993622,142
Gbahouété Kpota,2.5732077594293035,6.975978931155501,1224
Tchaourou,2.733536080847901,9.099148742393716,39
Lobogo,1.9352644965198111,6.608322908980843,57
Dangbo,2.520101451882236,6.576850165652391,5441
Savalou,2.0341924126500115,7.838348235688493,95
Atindomè,2.316202236019521,6.706899287669191,183
Malanville,3.337996746040196,11.870266478778058,147
Gougnirou,2.44829787490896,11.419343665052747,39
Mougnon,1.9904410300212765,7.2447161779734675,90
Gnambèrè,2.570790996997616,9.747075657062915,41
Tchaourou,2.323046669749685,9.260004025084886,21
Lobogo,1.8651587781105041,6.730876421804487,72
Tanougou,1.3774646190349809,10.72388130222258,296
Savalou,2.1158315514220614,8.098007241305346,224
Sakété,2.640346418037011,6.810131868223031,70
Location #5887,2.7259832207362793,11.386513015014176,160
Dunkassa,3.138020860355466,10.311064529333615,343
Location #5699,1.951822912182076,9.672797001402564,168
Agonvy,2.5642020136199286,6.895397533983155,95
Tchaourou,2.4446137495313875,9.423005988465922,36
Kalalé,3.3644947003613432,10.223738938781842,1085
Yingnimpogou,2.4417980695978345,11.54026499395459,46
Tounga-Yacoubou,3.711175073581073,11.095520595912074,273
Location #8662,2.0976092197649168,9.764992773180461,95
Ifangni,2.721349712887238,6.737602131853447,64
Songorogougou,2.3635235671819044,11.261574142013206,101
Location #1810,0.9263273716042508,10.478493489204967,657
Yoko,2.6050544408403864,6.733765362294959,54
Kouandé,1.6158962699290398,9.984066353516056,139
Location #8860,1.3831517616571818,9.863546398472845,93
Kandérou,2.5212219284770327,11.565708348036612,52
Tchayagbangba,2.6386208766563652,8.211243251681998,72
Kpakpanin,2.4938950037568612,8.78351836790617,80
Location #15635,1.0486039226149726,10.486442947178627,41
Kétou,2.594357859174762,7.300997920544033,44
Kountori,0.911717490639473,10.39178386182048,46
Goumori,2.1844531369801596,11.142831878719063,142
Kouandé,1.5439640137167943,10.025200164264483,39
Location #5999,1.3631001495182595,9.840931093082759,155
Location #14778,2.544790461744154,11.579090783511718,46
Somè,2.127273544050113,7.271012017546108,1686
Location #8363,2.204763920650365,11.230518919047691,101
Simpérou,2.515444320462114,11.294623806210131,144
Allada,2.059754413854731,6.729332142722365,31
Gakpe,2.126187871954073,6.457802179134239,80
Dassa-Zoumé,2.1082391456259244,7.784717209506863,456
Bopa,1.9494265015600774,6.627493378824173,101
Kouandé,1.5521894746927776,9.986650987211094,106
Dassa-Zoumé,2.1929558347163924,7.585985056159558,41
Bopa,1.9613915189011895,6.609889642533525,175
BACOUBÉ,3.0574761523869047,10.093372196547307,281
Lolo,3.0354648554513943,11.283366527134284,23
Parakou,2.7377983121258738,9.351878028603686,46
Savalou,1.845619904394643,7.820243370530234,165
Location #16074,2.187010430141071,11.12499199496425,39
Sakété,2.669547692591383,6.800203313117069,67
Location #8241,2.604379498983719,9.62729748570405,103
Angaradébou,3.1795937357910953,11.307882682900823,41
Location #16331,1.9995386134631643,9.607193411986227,36
Location #9344,2.291390559230529,8.297746103579744,88
Allada,2.0291187505400776,6.687904393554671,309
Balouma,3.643839964059601,11.167492789203962,397
Gnanro,2.3870155363465133,10.368960400464498,36
Location #4738,2.0790420329817096,6.451805050714085,211
Location #1682,1.1701217402384871,10.481708637540992,714
Sèmèrè I,1.39313093952249,9.59797441164688,696
Ouèssè,2.730760006239733,8.63985379914453,52
Kalalé,3.530623564258786,10.465535277953594,1160
Goumori,2.191691053515792,11.21291508128421,39
Tanguieta,1.2568718891431732,10.605566331712081,62
Tchaourou,2.7985586749873614,9.11364222643712,41
Za-Gohoumé,2.226728704569724,7.1713415409749,209
Kalalé,3.0740267796744702,10.137370633225725,57
Pobè,2.652329883944556,7.098402319804531,131
Location #10955,1.152179577272267,10.151642284392413,70
Location #6946,2.6983703420959286,9.6176030952605,129
Location #3696,1.7666818658866192,7.419639382727548,286
Waranzi,3.4579286176630464,10.945047398493355,446
Angaradébou,3.163193471321239,11.302553457054957,41
Location #2687,2.49065391097029,11.49514342801268,425
Maga,3.3556966836170887,10.863177350326149,41
Goungbè,3.716846659777605,10.68445833644075,41
Kétou,2.556883796989181,7.2702270091575985,211
Kpoulou-Itchougan,2.579397978432535,7.029213508813377,34
Location #5111,2.1871486826241986,11.129580883475777,191
Onklou 1,2.015976231107728,9.467527042934266,129
Location #9201,1.8430072018403902,7.5576006249707754,88
Agbohougoton,2.0375167862045536,7.393251095214083,335
Batin,3.005237282839594,10.459509116659246,75
Kokiborou,2.2220386044610287,11.028250110232971,54
Abomey,1.9126269334731365,7.139893727826019,90
Toviklin,1.7862862472250838,6.830890128279744,814
Location #7528,2.2788356289422045,11.088217470227164,116
CHEIN TASSO,3.2418668875884524,9.75519904692236,88
Location #12497,1.0906276937731294,10.41997583962762,59
Location #4429,1.3430659861619612,10.552555601020616,227
Lokossa,1.812705781822607,6.6926577421900175,191
Diho,2.533252689789511,8.09065062562017,57
Sirarou,2.6563203322991824,9.57205892228399,62
Agbangnizoun,1.9356278158205371,7.05058691975238,52
Kétou,2.5167884690593456,7.2481030293011655,144
Tinhourè,2.2281344600535706,11.016361510860058,49
Location #13372,2.55750044319102,11.135035839873538,54
Songorogougou,2.3713864243743106,11.276453841044905,1201
Parakou,2.524583206424515,9.35851809974097,70
Manigri,1.7022035538232383,8.939917775116207,67
Malanville,3.4982008169679166,11.60403795937084,412
Sé,2.081366861623971,6.73143348193921,49
Materi,1.0344932408133471,10.714363105840613,245
Kalalé,3.246282992117961,10.093090873769512,178
Kandi,3.084607230449815,11.08423884891669,31
Location #6380,1.1397776298037365,10.598712603217225,144
Location #16426,2.727635266873149,10.976627519771698,34
Location #9491,2.315074764951176,6.786150845578945,85
Obanigbé-Fouditi,2.6481280143205166,6.896567651946798,1454
Igbo-Assan,2.590290777850385,6.828021868337463,59
Djidja,2.0032546450263995,7.365588873187618,64
Sompérekou,2.5017337485348774,11.289325322197357,80
Location #15013,2.49561331787845,10.443809175445047,46
Kandi,2.989929776361886,11.210813323271372,95
Dassa-Zoumé,2.393637973087841,7.640641331583293,170
Kétou,2.6572219970505704,7.654220610888169,214
Location #17106,2.2711641870017276,10.582441933323825,21
Kokiborou,2.306527710902925,11.222946477470908,44
Location #14615,1.6680751738030273,9.89111620731997,46
Location #14623,2.369389725677273,10.86088705373216,46
Dassa-Zoumé,2.455824093744596,7.611421968225937,46
Location #2588,1.6825370700208782,9.85118494689927,441
Location #9005,2.406723771746061,11.667017667294218,90
Tchaourou,2.0948554109822495,9.093009276057307,237
Houéyogbé,1.9032779902580494,6.513041412588362,46
Béroubouay,2.692111223694055,10.481329961892156,180
Copargo,1.5411050666631978,9.851252712142987,90
Location #5638,0.8209721924934823,10.494348874848123,168
Location #8287,1.024556678664667,10.876216655998737,103
Bohicon,2.151919367673457,7.126506155128057,464
Location #473,2.1417309554716435,7.202779337007666,3339
Sourou Tawi,1.678649454117348,9.045970225350795,64
Ouèssè,2.6504589899518303,8.73195254811272,1090
Adido,2.5288113274137656,6.854792934689043,124
Parakou,2.529704829711553,9.47788930459596,160
Location #14075,2.6849034193294883,10.588968493311393,49
Location #14553,2.8274965082523607,10.602416451388956,49
Dassa-Zoumé,2.344053152635757,7.377940030545443,407
Savalou,1.6752921761342194,7.758518199370483,425
Manta,1.0911984032275326,10.383405601616923,64
Tchaourou,3.018823092072132,9.296980042700762,168
Gbékandji,2.5416560588014683,6.692398363383459,155
Kpébié,2.9966201818905938,9.685726743895232,62
Djougou,1.5732853631318515,9.611747725038668,98
Location #10983,2.566836636318986,6.614453335291509,70
Gando Namoni,0.7760790040048103,10.382046908363355,39
Pobè,2.723525121206911,7.1153460503455195,101
Atchonsa,2.4959769201218838,6.862580758920606,77
Tori-Bossito,2.10388772788957,6.489791727140442,44
Dérassi,3.209400651133329,10.227236555373144,160
Tchaourou,2.6935151199178757,9.121793323649184,49
Kalalé,3.540721023769246,10.47768642689462,54
Ouadjito,2.0139814746465605,6.554717105021413,52
Kouandé,1.8307627187364575,10.413434631471373,624
Location #5986,2.6995510268182814,9.597857763498238,155
Gbéré,2.624810167183206,8.0413200223857,379
Gninsy,3.031030874986785,9.624595636087166,36
Lokossa,1.6733975594068762,6.665098312775497,116
Banamè,2.3092166769277296,7.398863463542926,307
Ferme Wawarou,2.0711139742103217,10.882653511208547,46
Ouaké,1.3926683561402213,9.62020348271257,95
GORÉ,3.1691189528187467,9.81075479004295,1126
Adounko Daho,2.270826379012631,6.353894566919069,2385
Location #13877,1.365780406147267,10.18806990728149,52
Ouèssè,2.6098988223336406,8.488340417088164,2201
Tori-Bossito,2.073918122280509,6.5742373661746685,54
Natitingou,1.3175342083470556,10.308149747578538,62
Location #14047,2.055509035643398,6.432674687392334,52
Location #11994,2.4286425036964,11.460788293959018,62
Ouaké,1.5240393192322452,9.59109141644339,168
Location #9225,2.1308925836134023,7.369104511477804,88
Sompérekou,2.5789761392176196,11.281681197766655,57
Sé,2.1245186533836247,6.754008004611346,121
Awonou,2.525358420561417,6.750325932338433,126
Ouinhi,2.462740329757392,7.15226655933608,103
Lobogo,1.9181271441958232,6.698797562575078,77
Igbo Ougouchi,2.48015690098399,6.9382223559193665,70
Location #7249,1.3222801436702831,10.435086059108837,121
Boukombé,1.1184752191106093,10.215758858965874,204
Kouandé,1.6401102127182308,10.24273799281825,39
Késsounou,2.495675476079083,6.50996175675619,2423
Darnon,2.7191214861244455,9.466982415157176,39
Location #5983,2.1700265921383575,11.087921118741944,157
Location #4600,1.4293946807691311,10.63746981738222,217
Ouèssè,2.7577425505761575,8.507273712729699,44
Location #6263,0.9001211731001623,10.8912728796408,147
Savalou,1.6979174412686906,7.752553132376822,358
Location #9812,2.3867839406259606,11.544598754667536,82
Location #13924,1.465320071505673,10.70825724326558,52
Malanville,3.3257023367544187,11.685126133045928,23
Tchaourou,2.562572666221673,9.235702057818537,46
Djougou,1.7967629402398038,9.706695203716317,67
Tchaourou,2.392721662981356,9.045767717737087,410
Location #2993,1.795769897419865,7.637303018407737,371
Gambané,2.8037248134341755,11.055528523617967,242
Location #6429,1.644007696169087,9.900344715492226,142
Kalalé,3.4070447492948164,10.182506663539776,54
Parakou,2.6629585152286,9.297362666500591,67
Location #9608,2.4446549751216002,7.0490201450968515,82
Location #3367,1.871288696006857,7.6125076809646925,320
Location #14570,0.8964828434546691,10.536251842809746,49
Natitingou,1.2701646059139564,10.341685735294533,103
Sakété,2.737129691536731,6.731576587789493,345
Hio Houta,2.2437531767800984,6.344381179515439,1124
Kassèhlo,2.0230258137841632,7.328207584106121,152
Bambaga,2.4712039470870297,11.564762923321261,278
Location #9194,1.8927561375019912,9.37375891288381,88
Houéyogbé,1.845578791599959,6.646987431053209,85
Location #1969,2.1425707339855906,6.807752183308882,601
Location #5039,2.2762305110623338,6.763801402488803,196
Location #1820,1.8108730762064909,9.75823918728951,655
Founougo,2.621679916722894,11.554132438343819,98
Ita-Djebou,2.611593295054464,6.808491055211363,80
Batran,2.3862847475183724,11.40462460987977,397
Cobli,0.9986247154075716,10.561629735500004,46
Savalou,1.8960829497139977,7.678771928747712,64
Houéyogbé,1.9059788537130298,6.51256539807578,49
Tchaourou,2.7812359142612544,9.048739956131396,59
Location #4959,2.346464585912098,6.693581299887574,198
Kétou,2.572167087628986,7.321253328105336,232
Kouaba,1.219846289988352,10.248511481820742,93
Location #5070,2.0949877787855176,6.4871771400191305,193
Location #13587,2.8154402931060787,10.641522453314707,52
Dantcha,2.621739749764408,10.458002269458216,41
Dassa-Zoumé,2.3015449692529253,7.697843774768007,294
Location #12652,2.602541474980133,9.703929621131868,57
Savalou,1.981154352969146,7.638708483587977,95
Location #16308,1.697911243666364,9.350565952542826,36
Location #1516,2.278007071946868,6.73192846767625,809
Kalalé,3.220101224273175,10.298606755934141,2284
Location #16723,2.1761364760093183,11.314592290198991,31
Akodeha,1.8776994164636025,6.478592831905658,80
Agonlin-Houégbo,2.4336071957838903,7.229308901156938,379
Location #12981,2.0655977839564628,6.420636124153389,57
Grand-Popo,1.7947616923141634,6.387653252816367,101
Manta,1.1448989839380543,10.367200354553496,57
Kandérou,2.5360906517456607,11.656105048455125,34
Kouandé,1.6303285494000832,10.23252125972432,631
Location #6407,2.3642667090994642,11.578207596198085,144
Location #13561,2.02303925330314,7.480493875045111,52
Location #2826,2.6363563794932507,7.895072284771556,399
Location #7524,2.2428457046174346,7.127791895091471,116
Anandana,1.424837678048281,9.94222071615298,75
Location #17072,2.2712422598420603,10.777624626355697,21
Kalalé,3.3078096614662265,10.250408650017725,265
Allada,2.230662068185821,6.756831122724239,152
Biguina 1,1.6503532377761312,8.804623840198548,85
Location #14522,2.393240068399009,6.657751311681497,49
Lobogo,1.9391788311283042,6.758010781141837,64
Taba,1.6418326474264529,9.26858995576143,59
Location #5544,2.591533084548178,7.798451252483679,173
Narerou,2.33755246552673,10.120429730133393,36
Kalalé,3.479562583989869,10.201869352024124,52
Ouadjito,2.0117100785808177,6.541354249480856,77
Location #7181,2.3598175468518,7.146160173871639,124
Location #15527,1.1570619758119076,10.661773585392526,41
Ko-Anagodo,2.663429377124427,6.610370468478074,52
Location #10264,1.8735764131776609,7.521374340973676,77
Location #11722,2.698273703002574,10.598771509132858,64
Kalalé,3.501058114643565,10.279776574809237,101
Location #8700,2.4824990208858946,9.615893539299028,95
Sagabannou,2.455812961882366,11.606915937982007,39
N'Dali,2.6606220535715006,9.846736932619566,54
Boko,2.6051097057365915,9.511242245128544,93
Location #2874,2.5676938519195502,11.444824640537542,392
Tomi,1.5271563441254972,9.78922908479303,497
Dogbo,1.702753817400937,6.790835348702199,222
Malanville,3.18265628394215,11.722493043350086,72
Basso,3.697629267724697,10.574998718613244,46
Location #7177,2.3810040403386856,11.147341697400238,124
Location #15572,2.0233992443246738,9.934091143621652,41
Pobè,2.697987438108454,7.11652467336683,108
Djougou,1.56480057238745,9.612970900984331,59
Goumori,2.2788519295954472,11.106183967046379,54
Location #8321,2.3131770620600225,6.672811899335294,103
Pira,1.6595425079611488,8.627611113996961,381
Boukombé,1.1455192779975152,10.193844214601468,180
Location #5112,2.7176602485615327,6.843048940465835,191
Ita-Djebou,2.604553749197236,6.799335481404891,168
Location #4822,2.0398157894407567,6.392253930920849,206
Tasso,3.3190715077699924,9.811173009184651,54
Location #12251,0.9023161507738442,10.833709177365499,62
Agbangnizoun,1.907654763295658,7.111999894653675,57
Location #9421,1.9602000217411837,9.635146810242473,85
Location #729,2.409588161703781,6.61907783916385,1717
Location #16525,1.8295104136568823,8.61056670864409,34
Location #9765,2.0104481293704914,7.42858249835309,82
Donwari,2.8296421146295385,11.130205707998522,59
Ouaké,1.4397068078903918,9.733704916017915,443
Kouandé,1.7976646779259626,10.112912476216033,44
Kouandé,1.7050661166906473,10.044831255658071,46
Kétou,2.7339998570084587,7.432310667970695,46
Yoko,2.5970840073902766,6.7410413366631285,196
Domè,2.206549897756859,7.093470799460057,131
Location #14233,2.8455450416502814,10.981460405601112,49
Sakété,2.6590387179891746,6.792115756689617,46
Tchaourou,2.8427978037809845,9.096126887445516,106
Sèmèrè I,1.3723532670480179,9.58740998958049,624
Saah,3.06624485870818,11.173710228302811,1737
Tabota,1.0206719706479273,10.425509446333894,101
KORA SEKO KPAROU,3.4181454641889073,9.94017255405028,54
Savi,2.11300901876175,6.419109586496146,85
Location #13928,2.643091334856471,11.5298189373769,52
Location #7063,2.655135717036297,8.174535875872422,126
GBÉGOUROU,3.0253129782535533,9.97192384579337,26
Location #6382,2.1754747613907597,11.24644640066197,144
Lokossa,1.8144626513193856,6.721402506846491,72
Ouenou,3.296345245597943,9.928984954041782,129
Location #4182,0.9055828382583826,10.891023432603017,242
Parakou,2.6997991519530617,9.339508498646529,325
Location #541,1.0016407514493244,10.901106142974307,2268
Mamatchoke,1.9653403371586096,8.261729639234863,62
Tchaourou,2.3856876404397163,9.355238457894174,44
Alfa-Kpara,1.7441381133720617,9.594426797222614,299
Ouèssè,2.6043725271723543,8.642782541191439,72
Doutou,1.9180421019979779,6.57965979023866,219
Sani Poutapouta,2.875818354993437,11.307907303435524,59
Location #8853,2.3301036165532656,11.144427807134344,93
Location #2508,0.9067193942220968,10.435272880311222,456
Tintinmou,2.3151444157270498,11.2318393208198,31
Location #16819,2.2082932595839653,11.244344047946639,28
Tagayé,1.2777241804910808,10.256890684114316,88
Dassa-Zoumé,2.3314686130477322,7.577606486137002,1611
Location #3931,2.1973015192500323,7.424377353976847,263
Takotiéta,1.071932414763041,10.333652253560103,253
Travo,2.6716230675610104,9.826313783613259,340
Materi,1.0988417200159546,10.767716784422154,286
Location #15018,1.4610621312708656,10.71657074665858,46
Waranzi,3.419229277653321,10.96041631069509,64
Kofounon,2.56757157591526,11.536466995281135,327
Location #13708,2.144101495672653,8.263325347198167,52
Malanville,3.199826126040046,11.671032394475073,469
Kandi-Fô-Gah,2.9840926925845164,11.01872784560117,62
Djougou,1.7191409814160894,9.71466193623515,196
Location #14802,2.449306948920638,9.516125886731835,46
Location #8547,1.7501006732661673,7.564179883979053,98
Dassa-Zoumé,2.136935462992859,7.566470346452649,951
Djèrègbé,2.634591160012262,6.412058757293639,915
Dogbo,1.6271032914007124,6.723557250432195,186
Boko,2.6268839590774915,9.51709434918794,95
Banikoara,2.465330564056719,11.15849495305125,67
Kandérou,2.5320558392326253,11.488284196405594,211
Location #11323,2.557057826003827,11.643263024248343,67
Nikki,3.2033605242233083,9.867437677473916,57
Tchaourou,2.6957155098258867,9.145026298677417,54
Location #7132,2.527534487367462,11.169365856212051,124
Location #17148,2.5889371755965533,10.982304342435956,18
Savalou,2.1324650459090075,7.526531792342107,52
Tchaourou,3.091336247761015,9.141934497363218,34
Kangourou,2.082636790141083,10.770266449735624,54
Onklou,1.9790528828149065,9.451851808707534,160
Location #14886,2.746878549093833,11.290735180671081,46
Pèrèrè,3.0196851640456934,9.760028807243277,98
Pobè,2.672801896033074,7.173053111267119,284
Location #1520,1.8360519208801032,7.632433475538182,807
Kouandé,1.7881134712097462,10.340036251114384,142
Tchaourou,2.481877457854491,9.24552270925251,85
Sèmè-Kpodji,2.6906806048037133,6.415881587008755,910
Location #12714,2.540116117372524,11.56492737313239,57
Lokossa,1.6909997741129112,6.639140306946729,300
Tori-Bossito,2.1021133125426004,6.513899530931884,57
Donwari,2.882609434748499,11.170395789655219,62
Djougou,1.7465036142928272,9.78521394102856,588
Toucountouna,1.302950972539072,10.52499147011601,131
Location #6542,2.3696003316176784,6.845890790164831,139
Location #16927,2.1403937138838893,9.766735600499853,26
Tchaourou,2.4124548027213124,9.048465934846103,85
Nikki,3.4357560148612234,10.106739998598936,175
GONNAN,3.323120791230429,9.941484556353382,64
Location #7305,2.297674568424282,6.783012954457801,121
Biguina 3,1.6384891228981537,8.75031819459242,67
Bérékossou,2.0880370586540558,10.702225971142497,28
Location #6233,1.7781558458389959,7.309959897423799,147
Tori-Bossito,2.098785397495885,6.52511734488193,1845
Natitingou,1.2715994768643748,10.368004910948521,34
Location #11434,2.2359720678011015,11.322782727823588,67
Location #5081,0.8112768461781658,10.567651573993603,193
Location #8748,2.3954476374528593,11.049412552801675,95
Kandérou,2.518208358648242,11.568773891251386,101
Aplahoué,1.8334931288839564,7.205088950353046,75
Location #11361,2.331714414533675,6.728272054919546,67
Cobli,1.0146200891426702,10.434588155701286,704
Simpérou,2.4833052071653077,11.30983219424882,54
Tori-Bossito,2.1771605824826334,6.532273934308285,361
Serekali,3.1456974214472724,9.928594611631437,149
Libantè,3.7560742251076196,10.695652839593297,77
Location #3638,2.308727312055626,6.767891078398127,291
Ouidah,2.1298199803159936,6.381249354621718,106
Gbanbanga,2.276610431268263,11.159371357919323,44
Djougou,1.7290568991476984,9.643302463597445,46
Location #12113,2.3277838559982253,7.009665656165719,62
Location #14698,2.634948177114096,9.647296764219803,46
BOWO,3.0561374062314037,10.070048337435052,23
Location #7687,0.9634350269809339,10.858590854342271,113
Ikpinlè,2.6762183492850617,6.888670067731223,152
Tchaourou,2.5820725240658096,9.397914975137853,701
Location #8674,2.055906978340815,6.470413499647511,95
Tchaourou,2.572538763252239,9.110138944808826,217
Allahé,2.2884503883883927,7.158234484710462,119
Ouinhi,2.4993612905559033,7.1418238422377005,85
Sado,2.7181825970490716,6.542763806008641,119
Ouaké,1.4170141089861372,9.729387022465803,237
Location #16556,1.3710617758166455,9.970377950839678,34
Kouandé,1.778889480650657,10.767848669636757,52
Tori-Bossito,2.2029894191897625,6.547494294051338,75
Location #13181,2.003775570043295,8.218779885328598,54
Lobogo,1.904789921133319,6.687818010819073,93
Mongo,2.8692717241144123,11.148040083972896,34
Kalalé,3.0219261678963774,10.100669307743594,34
Bopa,1.9238058948233894,6.739715160129487,64
Doutou,1.9336135230003284,6.575557888745661,897
Savalou,2.067616648299219,7.53655686488252,75
Itchèdè,2.571411679504422,6.885015727548809,106
Location #5973,1.870078931870907,7.545817279664013,157
Tchaourou,2.3946819183001424,9.176054650774903,49
Gnémasson,2.0664457105801106,10.302851515310447,36
Tori-Bossito,2.121532674130033,6.53939548292161,72
Ouenou,3.5455404061053954,9.91894162834454,278
Ouinhi,2.503966306589782,7.148730390994223,255
Nalouhou 2,1.5824708846078983,9.734939308358655,62
Sampèto-Angaradébou,2.4703633857767477,11.582724114735345,44
Lokossa,1.6498636428659703,6.621770740683746,211
Kalalé,3.1693649586910047,10.096028239991892,57
Tori-Bossito,2.1087207146169438,6.52362221909986,57
Boukombé,1.0816667375684612,10.213048362814387,31
Djougou,1.7021274658423893,9.684242696187496,54
Location #14846,2.3062389567869004,6.774099757695289,46
Tchaourou,2.409619095779344,9.39274677940017,93
Tanta,2.224297758337953,6.705580464720849,126
Mongo,2.8932384790625783,11.143514330140672,106
Goumori,2.2864338691485604,11.201219289195642,41
Kétou,2.4966391072836522,7.261827548947233,265
Tchaourou,2.868946679457846,9.39190176854994,80
Location #2559,2.384893124597128,6.866714207042564,446
Location #4117,1.6342510324713526,7.821202834990277,250
Sédjè,2.389940724910729,6.728748261601775,113
Kouandé,1.6807769903052752,10.50779048162932,82
Dan,2.0712229179942105,7.307100377998533,77
Location #4646,2.1394417408022464,10.257309496141888,214
Location #16699,2.6059394011551498,11.274886493180599,31
Toucountouna,1.397279964187135,10.460642661251383,119
Atchonsa,2.4819397282483835,6.855358374839772,106
Sakété,2.668960797630894,6.649520047044119,116
Igbo-Assan,2.568694351848406,6.8298426976556215,75
Covè,2.287851082250885,7.2847619206298075,54
Ouèssè,2.4490691060722516,8.653043594981535,88
Tchaourou,2.543968698432067,9.065624792036719,126
Djougou,1.8087557315639875,9.739639178924454,44
Setto,2.044234526778594,7.520844983457934,54
Location #6537,3.0401915627611764,11.071430573444214,139
Kassiassa,2.176158138474221,6.857370659603671,317
Kountori,0.9609471876492413,10.45830004995422,1083
Tori-Bossito,2.1291788865828725,6.530436054596542,67
Tchaourou,2.3877574153513494,9.351199701090474,284
Angaradébou,2.982970546585107,11.356970266613105,1018
Tchaourou,2.026752569246594,9.1298611667588,258
Location #5055,2.6531475747985196,6.636227037166047,193
Tantéga,0.9867462839628119,10.816119611123355,62
Ouèssè,2.5832760214470696,8.494516658320068,52
Location #10677,2.6143705294160804,11.51757974490791,72
Allada,2.0688820791325733,6.681138343713278,1371
Kountori,0.9512370437999216,10.382551196260891,420
Kandi,2.853006912201064,10.995089594445517,67
Diguidirou,3.2362740921369633,9.622545799716633,137
GAMBO KPAROU,3.195180533633514,9.712633877364839,90
Location #16481,2.8635276601979327,10.755035292075153,34
Takon,2.638716027667221,6.639095476288147,67
Parakou,2.6928270503883547,9.330318874578168,113
Bakou Bè,3.432775590590201,11.171301878828576,70
Location #16250,0.841356034063043,10.426782526288653,36
Location #7794,2.8978784676399343,10.868685359155235,111
Dassari,1.0873349989910455,10.797111340763342,49
Location #4776,2.422552944181723,6.838730862906024,209
Fondo,3.604177273172157,11.044507410341497,93
Takotiéta,1.101118249359271,10.313045345393022,103
Wanrarou,2.741389567275255,10.108152280318711,36
Tantéga,1.017940303389331,10.80311332629282,196
Location #3003,2.0433154540054645,10.498181878317867,369
Tori-Bossito,2.064479742543656,6.537112010242294,255
Tchaourou,2.937367132322499,9.137354241975697,57
Location #11636,2.460256942606895,11.125202322739797,64
Location #2639,1.9772735639684498,7.456898495080469,430
Location #9388,1.8702813502622508,8.08694925753889,85
Kandérou-Yabadou,2.494388712293517,11.681490177291542,137
Location #1324,2.3193118447213608,6.794639587659067,928
Tchaourou,2.928835477251089,9.157027538689999,49
Setto,2.108848964204054,7.542243658418097,258
Location #9282,1.105718447355686,10.46143909334608,88
Sakarou,2.7815597206561007,9.90852095839893,134
Ouaké,1.5161161930363616,9.5369620296163,54
Igbo Adou,2.5463589575623997,7.144350503906903,116
Kalalé,3.251086755300463,10.295539779172666,317
ALAFIAROU,3.4056531382403947,9.900003180268618,211
Banikoara,2.487513601901003,11.207263744011668,263
Abomey,1.9232414501447461,7.17134797184596,31
Iboto,2.4948236747741945,11.448361952933293,351
Saoré,2.6094325728976453,10.195747359836727,2170
Koukoua,1.0935809086779376,10.242899505831534,399
Materi,1.0356478654777095,10.759912309121303,384
Natitingou,1.4367098785936303,10.401689514750291,64
Location #7563,1.3038518636277823,10.03815170652454,116
Za-Gohoumé,2.2006089437878624,7.184066555429933,170
Abomey,2.0333894675598856,7.153916498453845,82
Démè,2.428667046622963,6.687397982647641,101
Ouèssè,2.5566884833964476,8.368581025757345,77
Location #5134,1.1196823498372293,10.556834261148179,191
Location #14355,1.364316427937019,9.60478522234973,49
Kétou,2.6709952627864912,7.201992910829468,54
Gbantodo,2.492426434329942,11.54838436732917,41
Ouadjito,2.0102154785462094,6.516951749801301,54
Lobogo,1.8818854029158685,6.697185335410247,157
Kikélé-Logba,1.832601827910843,9.055625669991535,67
Adido,2.5068287105534117,6.829803388659067,52
Location #12492,0.925491136635525,10.31632886652788,59
Yokpo,2.3263991625091114,6.612328014965886,41
Ounet,2.383216259736892,11.179513433266479,44
Tori-Bossito,2.2053628672884615,6.528918575969746,108
Ita Olaègbè,2.606233131956959,6.967814172250147,198
Sompérekou,2.561158569077986,11.232681543192587,95
Location #3849,2.807811358171,10.648390820327192,271
Kétou,2.537565375618267,7.240329988217568,108
Location #14672,2.2044180921694485,10.846485440761274,46
Tanougou,1.387882840534039,10.743089555473208,809
Tchaourou,2.5656330548786515,9.108127447409753,677
Location #5441,2.395388059280691,11.096502378411468,175
Tchaourou,2.555445651714319,8.872676207242547,126
Location #15798,0.9769645453835866,10.716472207045275,39
Location #4068,2.3602840350941148,6.863783078921409,253
Sonsoro,2.7326526205972397,11.070408513847518,54
Location #15554,2.4575740853368804,10.984349103452868,41
Ouénou,2.621947339933664,9.799499933573154,44
Location #14653,1.8974313572119323,9.627796734305916,46
Location #5780,2.2435431886101886,6.777437946402995,165
Location #5003,2.5647041081211475,11.56595080217665,196
Igbèrè,1.9505451159237983,8.990746657387522,41
Kouandé,1.6149343423397193,10.196854040358966,660
Kassiassa,2.172083156994368,6.855789806831753,129
Tchaourou,1.994105786137463,9.11398693759421,41
Gbéssakpérou,3.0251413273920047,10.421328110432764,2031
Bouroubourou,2.4079189366928855,11.404395263028881,260
Bopa,1.961158662884716,6.728485625067697,75
Tantéga,0.9766016478358526,10.85140012125333,90
Igba,2.5752878759175135,7.005223621389666,34
Wédémé,2.152794266278,8.060550716479804,39
Location #4262,0.9104058802404227,10.288086388039593,237
Lolo,3.0283629179987783,11.285039509727758,85
Location #5013,1.082551047981724,10.430723197234684,196
Dassa-Zoumé,2.324602320622437,7.758051116076535,500
Gah-Baka,2.403853847685524,10.184135124938035,62
Tchaourou,2.896257872310287,9.32503672475532,36
Location #8654,2.480320720194465,9.852430010069481,95
Pobè,2.662483355963572,7.051977924402163,77
Kalalé,3.208737865861117,10.361847345642886,113
Kpakpanin,2.650662652725969,8.813348507811668,204
Donwari,2.8461397568590736,11.041364522260277,124
Location #13048,1.7282146635516782,9.94169827114547,57
Location #2847,2.6162265420416917,7.759898458292921,397
Ita-Ogou,2.6739152591605944,6.9020861468395704,72
Kétou,2.518878539500812,7.268924201942515,237
Location #8577,2.2223695067362983,7.108662661318369,98
Kétou,2.6437904191723374,7.470041910515333,82
KONGARÉ,3.469922609420637,9.90620591597249,77
Banikoara,2.4915791454768006,11.236806045158417,31
Dagourou,3.032247224645369,10.890459030399366,41
Tchaourou,2.6929401188716064,8.884164914219163,196
Kalalé,3.2541948374633543,10.362117606798332,75
Tchaourou,2.146282302147834,9.18226526826646,46
Location #10374,1.7983659163967947,9.879491716527964,75
Location #5829,1.7453772758624158,7.518800313324816,162
Lobogo,1.93076632530182,6.713772860335733,49
Location #6320,2.7972375845148916,11.051267389657498,144
Ouaké,1.370398923723006,9.768636633089622,44
Lokossa,1.7183731059391107,6.598047767265352,126
Pobè,2.7038140001152344,7.164961140433454,320
Kalalé,3.2791670946992113,10.229372818045949,232
Boko,2.6248576235631753,9.529463403890944,54
Lokossa,1.788033357789243,6.613563013728207,67
Tanta,2.240295422680636,6.6866783409339,70
Natitingou,1.3460586657170663,10.17177319297484,196
Biguina 1,1.6473992767459422,8.721154416247069,57
Location #7511,2.798356765003576,11.020596241085805,116
Tchaourou,2.970201785091021,9.230548920991115,967
Porga,1.0859428248184975,10.886939955239193,1536
Anandana,1.403028329477543,9.943515401902253,44
Kouandé,1.6187501641889013,10.202266831154107,698
Location #1931,2.251908832157943,6.729808651727354,616
Sori,2.7998828933045714,10.749230094436173,23
Location #13641,2.8184329995718347,11.036614502267954,52
Kalalé,3.519838267091128,10.252323341262285,90
Ouèssè,2.545086910692276,8.683176844955584,95
Zoungou-Pantrossi,2.9724322508948573,10.781255925503293,41
Ganrou,3.1057120629345083,10.109706448060782,54
Location #16294,2.6216565082753402,9.624111307717584,36
Zoungou-Pantrossi,2.9838519094430587,10.782260214539761,39
Korowi,3.6741343216518465,10.876252053990859,217
Location #3864,2.0221146572791744,6.522434856670419,271
Toucountouna,1.4044907196130247,10.558739993503279,477
Zè,2.3058211010941685,6.720511381660849,227
Location #11167,1.2911520668354306,10.0918743063863,70
Location #14061,0.8589688084148208,10.389730471000913,52
Kandi,2.8010595423850257,11.202077118443572,57
Tasso,3.1818946398711674,9.777679157270658,52
Partago,1.8925596879654998,9.539667600072603,64
Location #16214,2.4021392598046116,11.110885331575789,36
Malanville,3.2124048422604905,11.76756937008031,85
Location #7092,3.0529991017320177,10.332955620459014,126
Igbo Ougouchi,2.4977983271976667,6.924486464087118,57
Za-Kpota,2.2029578908398473,7.2406387441848405,124
Doutou,1.862921144200301,6.556026209050275,139
Biguina 1,1.6540706225315145,8.851112144235545,54
Malanville,3.2318306435283803,11.641834602558209,57
Kerou Bagou,2.734327095610987,10.77016131606637,39
Location #14940,1.9840457167880805,10.294771275925335,46
Domè,2.2007305550995606,7.086947658401476,129
Bougou,1.6150910251055282,9.415412951519661,70
Ounet,2.421698517398154,11.136236089025303,28
Houéyogbé,1.867997408124518,6.595312956008632,1119
Location #6126,2.2105469046382282,7.424361444256431,152
Gobi Kparou,2.996633392664563,9.492582378043636,54
Founougo,2.5485480855713774,11.459217173934226,46
Location #9827,1.9764044976114976,9.576640380351474,82
Tagayé,1.2744969139733706,10.276905567584489,64
Kalalé,3.1985743135842477,10.135712897052011,160
Tchaourou,2.8296369573969744,9.163311603076101,119
Koguédé,2.181736984714917,7.223254424465981,720
Tchaourou,3.1003843251538115,9.174456722816094,57
Bonhanrou,2.4606519499185606,11.354663870042684,335
Dangbo,2.561839462753393,6.607505065358399,93
Manta,1.1024750573278035,10.344439676777206,46
Bureau d'Arondissement,2.349165577471631,6.753112087628899,98
Dassa-Zoumé,2.2400752819506646,7.60364890178377,95
Boukombé,1.093944629090973,10.168894590744154,70
Allada,2.040681442454924,6.6578501258360765,211
Sèmè-Kpodji,2.622757580687643,6.453534653236631,3549
Djougou,1.7421814437386474,9.714741118176146,363
Kalalé,3.2475375865052865,10.199041463303944,345
Location #17104,2.2257719970227408,10.829325907900179,21
Anandana,1.3806620175236994,9.896881780415864,131
Location #16494,2.0733647762190888,9.874954074864965,34
Location #7897,2.748774540645354,11.005219785838692,108
Danno Gah,2.9633884390169714,9.72071423629522,46
Sakété,2.6796763296797113,6.652632488515022,44
Kétou,2.5704735486800487,7.269782177587841,196
Location #11588,2.3412594870204737,8.202977174961605,64
Wonka-Gourou,2.647732857762144,10.097062608820268,330
Ouénou,2.6220540963667758,9.803663967498645,49
Location #3400,2.459874076580829,11.063747069766157,317
Location #12988,2.333320803950253,11.098897047209263,57
Kalalé,3.430819958533473,10.230740153975118,64
Ganoussirou,2.5298711575956654,11.457381214678174,304
Tchaourou,2.7470123522235093,8.941269470831003,52
Kpomassè,2.027209523083043,6.412329792911398,157
Location #15466,2.4146719534820367,11.09009249879867,41
Kalalé,3.7755879457198427,10.614508179489597,44
Materi,1.0253517516291621,10.71254637455259,101
Location #11835,2.5736072612349115,10.744218880959444,64
Ouaké,1.4558384897965784,9.511430693005465,46
Location #12241,2.8148755010313136,10.923763598030938,62
Malanville,3.345645526807941,11.665342116694937,31
Atchannou,1.7296639690605855,6.535191946676135,320
Kalalé,3.0723333679949274,10.201534280314085,59
Location #9153,1.3953944047300404,9.983961961744571,90
Djidja,1.9049814731602297,7.398975565166524,322
Namoutiaga,0.9717922748912657,10.439402344854672,93
Location #9442,1.1983568644936462,10.58381306717298,85
Nagayilé,1.5528398153045064,9.343451720589531,49
Tori-Bossito,2.182709226470746,6.5908774267213674,789
Location #13870,2.608297702731924,11.549039734640383,52
Location #16459,2.289459617254571,8.283176923645971,34
Coussi,2.1510792788022655,6.831439278267252,116
Location #16216,1.6577708690686854,9.17636973795909,36
Tchaourou,2.5535593886662893,9.047695785505628,147
Tori-Bossito,2.0844964874101777,6.537132658504937,147
Kokourogou,2.266550004261489,11.227937765972111,95
Tchaourou,2.468999909919327,9.474195263707205,67
Allada,2.015827536207374,6.629580979836256,90
Houéyogbé,1.9103893669555874,6.494259135973537,1237
Bounin,2.7772723922859637,9.610403349968045,88
Location #15741,2.1902130916410214,11.105718382976,41
Location #2139,1.8078914783546762,7.506727624685316,549
Location #7870,1.0585900241629818,10.28021013312478,111
Agbangnizoun,2.0609771046563226,7.123189269706876,384
Location #16536,2.40427415916938,11.129684944595882,34
Mouné,3.1086531922543683,11.161776370943908,15
Ouèssè,2.7416768562141764,8.44910503043898,103
Savalou,2.118447813044633,8.074807909970051,193
Mani,2.953685070805255,10.443273868095421,41
Tantéga,1.0320302107054775,10.785561308748958,897
Tchaourou,2.854477636962964,9.243809502034894,88
Takotiéta,1.0926010400940258,10.332041750353788,34
Location #15876,2.3278861362370997,10.978595208752942,39
Kalalé,3.221036081148664,10.092557128207892,180
Koguédé,2.140083932577639,7.212822762606943,820
Foulamayé,2.9654377988365357,12.28221955836685,75
Péonga,3.2710642400682555,10.37557385782597,325
Location #8955,2.3279978478541876,6.764460000104969,93
Location #3981,2.5878729646331973,7.761404656167095,258
Angaradébou,3.0424201845172454,11.302512178856826,72
Gbèzounmè,2.018155158903639,6.344165125563276,168
Gbada,2.5290253844157893,6.662269165360568,778
Tchaourou,2.457009176850474,9.415595582852685,72
Bopa,1.9866388230025953,6.687319114541616,753
Location #13240,2.7338438543615258,11.376737026515201,54
Tchaourou,2.5854535376084598,9.222817518016374,52
Borodarou,2.9068619078227105,10.978651421358197,34
Kétou,2.6347330731991283,7.375935408745184,106
Location #903,2.2878154198030067,7.179675436993461,1392
Alassane-Bah Biô Bo,3.591209300006327,11.04206642301663,77
Ouéré,2.7848051425152365,10.787267125969507,44
Kétou,2.6898733002611643,7.420712541521788,59
Komiguea,2.6220506819429206,9.459721650143411,46
Tchaourou,2.40707936094639,9.282475535152235,82
Gbanson,3.4261821707557596,10.770440624451156,232
Location #6467,0.9507577070963394,10.877085010991665,142
Location #12914,1.5802476470138218,9.40751803180264,57
Tasso,3.242333436285456,9.689846412548063,46
Sokponta,2.2408927800038416,7.8614823461912025,608
Bopa,1.9314305620804324,6.7492265908291795,49
Location #10297,2.249708417130731,6.760946137699885,77
Coussi,2.162213697891367,6.852462369869649,116
Ouidah,2.0864571928752285,6.410140038805861,178
Sakété,2.590060869219132,6.786340265073684,80
CHEIN TASSO,3.230460537517318,9.807100395010869,608
N'Dali,2.701181343144302,9.760935816995019,183
Gnémasson,2.0250293003429274,10.290619219974404,54
Yingnimpogou,2.4607523407318426,11.538610818181676,438
Houéyogbé,1.86087616572345,6.558540249793315,62
Fouet,3.168367521762256,11.308691821466384,34
Kandérou,2.532789193240794,11.665394861189846,812
Malanville,3.3390766403467618,11.667108839203738,18
Pèrèrè,3.0394973417436533,9.735646014522196,889
Location #1419,1.8481293681320263,7.466142279248314,869
Location #13453,2.3265165146939095,11.07594341859524,54
Siré,2.7443481670354033,9.652816801178973,36
Location #11620,2.7200177774316727,11.411796174228238,64
Tchaourou,2.9121805579069875,9.172937626461124,52
Iboto,2.4894843672287634,11.446670942156523,34
Ouenou,3.5611021715627698,9.949637494483587,41
Banhoun-Kpo,2.6460772108247195,9.655035675035846,116
Kouandé,1.597307797926421,10.06242127060055,34
Kétou,2.6520641638524496,7.551991097395473,54
Lobogo,1.9348723951376936,6.712397450050943,106
Sein,3.488847075006393,11.313549387714625,108
Location #13822,1.6526269629854782,9.935853037799916,52
Banikoara,2.3979877346965757,11.305960237419386,59
Location #7060,1.80753341465291,9.111128716135243,126
Kérou,2.1520141385672344,10.847522236362483,54
Location #14865,2.611631682649688,11.181780711808006,46
Savalou,2.036336668934357,7.856729480653957,343
Nikki,3.3072159684312616,10.024484593940358,119
Boko,2.591109645071743,9.490198129925682,121
Lokossa,1.7540521014128265,6.602596996424449,77
Ita-Ègbèbi-Alakporou,2.7411889559283686,6.910079289619307,108
Kétou,2.6517120753358796,7.471536293879435,173
Ouèssè,2.431109698446719,8.590456456606832,397
Location #17115,2.3708188587168495,11.518296686584465,18
Parakou,2.5927319099187134,9.270999172363323,75
Tori-Bossito,2.196223828329287,6.531774869393637,52
Kalalé,3.4948336493980987,10.401786202018826,95
Koukoua,1.0874883660224133,10.223833268918094,46
Zoungbonou,1.8259878510836016,6.58637424614589,119
Bouro,2.4600446668388787,10.370511830541185,675
Natta,1.1175520835753467,10.204791832764654,157
Tanguieta,1.2282102609516028,10.658406987452738,95
Location #12703,2.799429782160269,9.641933576016317,57
Bopa,1.9360592248014301,6.586404310692355,554
Kassakou,2.966759161290356,11.004972187616776,70
Dogbo,1.8396930979145512,6.816068947224938,369
Location #12966,1.8512746279822583,7.258022800716081,57
Tanwé-Hèssou,2.077839991227787,7.054758329868485,418
Grand-Popo,1.8175621748995257,6.4677506657380315,59
Parakou,2.7449345948209136,9.2769995012275,62
Savalou,1.6846308865600337,7.584438944526549,111
Pobè,2.6183188410571354,7.073703790142297,44
Sompérekou,2.5042825526238177,11.29982426600484,64
Barei,1.5264793460831718,9.641980461303916,219
Location #14924,1.5842863351387375,11.41014757154558,46
Taïti Gbian,2.8585498107972303,10.144290089883734,113
Location #4188,1.7887766962370457,9.692042690960772,242
Kétou,2.717745796430061,7.201791725106044,59
Sèmèrè II,1.359598153234673,9.511584090589206,59
Bopa,1.959834263855451,6.620762675975721,80
Location #17063,2.178245671705874,10.67062572817967,21
Kalalé,3.260896829911058,10.310891974989618,88
Kétou,2.6207039140001562,7.2427477968106695,77
Dassa-Zoumé,2.220308530364944,7.550287286997046,296
Bambaga,2.485867454601597,11.537619889690458,52
Location #1670,2.037382681159998,10.457740442201112,719
GNEL DJAOUGA,3.3689561933359604,10.069642510368638,82
Kpomassè,2.025405843917206,6.457975849877168,49
Kouandé,1.7213913069157871,10.38235941400458,80
Location #14609,1.367496772494157,10.107971476834933,46
Banikoara,2.2942343805297942,11.302133062752684,41
Manta,1.099051366169726,10.357240893477602,52
Affossawogba,2.132817982202195,7.306905811439834,1668
Location #3410,2.241240759689055,7.380471402598467,317
Location #15535,2.3893106905201353,11.604962480690787,41
Banikoara,2.491236344653139,11.241597160559273,183
Location #4431,1.8306716377768961,7.426871849241546,227
Ouaké,1.471417486258611,9.474076078346135,54
Pobè,2.65089310195577,7.016695547551608,139
Sè,1.846693418279873,6.493835433582401,64
Ounet,2.449508405553919,11.205106121706988,34
Kalalé,3.0406828433153725,10.122213494202041,227
Malanville,3.2280521636603314,11.657721536544226,291
OUENRA PEUHL,3.011024321113524,9.870115311695312,111
Goumori,2.1963961966788896,11.21974582519203,18
Sinkparou,2.885022722450162,11.164893485259043,392
Onklou,1.9948370838801008,9.547587837215449,353
Kétou,2.6299323734321214,7.183961323439758,57
Kouandé,1.843033226448322,10.837604428315277,1539
Location #13362,2.2407938353148547,10.826064712564698,54
Location #15196,2.5674891525716887,9.694189062159806,44
Savalou,1.9964873617926109,7.833249134316761,990
Ouinhi,2.5132051009421206,7.137407835007792,160
Parakou,2.601434193734662,9.245053544090576,36
Tchaourou,2.3067109424960996,9.20698852980393,49
Iko,3.642989904534456,11.03981558674032,294
Igbèrè,1.9008083407369663,8.996408424004649,116
Location #8167,0.8662137669465009,10.71580622140631,106
Dahè,1.8748616055648581,6.51367821708406,420
Natitingou,1.4311983270635753,10.419577512763533,49
Ouèssè,2.738986400722255,8.74241524488622,142
Kétou,2.6580472781782936,7.308974859257957,67
Tchaourou,2.8812261426360135,9.115533667592585,147
Kandérou,2.5201243599313226,11.629394260246183,116
Location #15841,2.5605921294237604,11.579429047637143,39
Location #14652,2.3657340283499475,7.301193293772376,46
Malanville,3.224158561788776,11.763461606734293,59
Location #12847,2.1674874899797514,7.47419733164056,57
N'Dali,2.665273289434148,9.647417202806608,217
Kouandé,1.718276356261882,10.036661209313671,52
Location #16597,2.367203816390846,11.086720865761352,31
Siliko,2.5323363924137285,6.800278195129275,183
Pénessoulou,1.5994776529362882,9.228294487105796,142
Kpebera,2.659502567038299,10.432188631550835,26
Location #16137,1.7653767330099623,9.854618472041217,36
Malanville,3.1933377183982983,11.635713642374053,59
Zinkanme,1.9198928468566787,7.28861128083583,95
Location #6869,2.351055402136322,7.4157573900556955,129
Wassa-Maro,2.095242680621612,10.240324695926216,1394
Pobè,2.6382490779838648,7.033746140310307,291
Village de Detekpa Adjinangon,2.2077974522369574,7.288948462019749,376
Tori-Bossito,2.121066258874352,6.5596706824566935,34
Location #6333,2.7784333571348703,10.654754131552902,144
Adigbannongon,2.0513293960927563,7.46357739132509,397
Manta,1.0357571866996382,10.429754145526779,162
Bopa,1.920685671291744,6.718021146816893,49
Location #10976,0.9363880955853425,10.359923580543292,70
Dogbo,1.6254743182907982,6.749668696062728,160
Lokossa,1.790222981610268,6.662409298633487,353
Zoungbonou,1.8134302896624206,6.587539003429864,113
Pénessoulou,1.6063678407170146,9.235858917367802,88
Lobogo,1.9318488306998014,6.727908761071068,59
Ouenou,3.5139706157419397,9.874616997206758,57
N'Dali,2.635319695114369,9.73385480448591,144
ANGANKIROU 1,3.3037910828997306,9.797256260393166,273
Diguidirou,3.1311820812866236,9.630831341223093,70
Karhoum-Yaourou,1.4171284569360478,9.812014012493396,54
Location #1339,2.1789436092042953,11.214945662654653,918
Koumagou,1.1544644437030525,10.14004623262993,75
Agonkanmè,1.9877850363478535,6.411271016411918,95
Pobè,2.61805781747246,7.172976247564591,209
Location #5196,1.6935257742812924,7.610765328625609,188
Kétou,2.6661104168330145,7.244412409458019,93
Tchaourou,3.039850045867525,9.172640704337457,95
Kandérou,2.5665286657020046,11.630815794021373,72
Location #8920,2.034362315492188,6.538112318400561,93
Savalou,1.7304156767371857,8.240163640244013,871
Savalou,1.7065564759858112,8.137906350942162,67
Bohicon,2.195869391854965,7.146025376608045,126
Tigninti,1.4604368477644694,10.17492294019115,155
Location #16824,2.072461204348469,9.880752499866654,28
Location #15171,1.583374084475746,9.473240685544,44
Ouaké,1.4918269691006507,9.472339636841912,157
Igbodja,2.5568404423677857,7.879077353228734,655
Location #16327,2.0528517631454957,6.532693072237486,36
Kouandé,1.8299542612244,10.712228092729962,425
Dassa-Zoumé,2.162208489639208,7.620064993038016,397
Savalou,1.885574157116662,7.888210289094584,1784
Location #6080,1.9661098503971373,9.132630477073178,152
Location #16356,1.6067575831602798,9.389400775347644,34
Ouara,2.6745675187933937,10.604630702033399,44
Sakété,2.681203904241561,6.751173227254233,46
Location #2019,2.008924437111042,10.107744963320641,582
Kokey,2.564727478098779,11.417052905245809,206
Ouèssè,2.6415498797363255,8.425832636341969,34
Location #17083,2.268770852374363,11.204352071037407,21
Dassa-Zoumé,2.4235860528260633,7.629181710118969,62
Location #9306,1.8338949404931477,9.851919349823092,88
Dérou,2.39598301590462,11.28475771833445,70
Nassy,3.0065262948251052,9.650040632089928,59
Adjan,2.2567663165523233,6.706934455029657,126
Founougo,2.566966669141844,11.475592077228603,214
Location #13854,2.3472308920716074,11.582308810497596,52
Ougoubigo,2.4819177674727273,11.635326951364972,75
Gouandé,0.9478183470970937,10.800221955055326,46
Gbantodo,2.4957486475806525,11.549871302280845,67
Location #3842,2.4241878509580936,10.975266504234877,273
Kprèkètè,1.6765282640706636,8.676687686778386,62
Sakété,2.614610894641934,6.737436391210771,265
Lobogo,1.8799113821263556,6.72882830901357,95
Malanville,3.3761730443132207,11.725456916757947,106
Nikki,3.383934798071117,10.136535740612459,113
Gorogao,3.785043420058077,10.441981941847448,467
Houéli-Gaba,2.6094079693267336,7.1055605108642705,64
Tisserou,2.889528231079741,11.1078137143522,59
Ahouango,2.0266416671731085,6.6597465813200385,77
Location #5842,1.967120947435304,7.222943418425767,162
Location #6441,0.9053049614061093,10.428604388616693,142
Allada,2.1600168202563874,6.706500510584103,80
Wari-Goura,2.74443329969756,9.71347113874956,479
Location #5130,1.989069583424709,7.40371444030536,191
Sonon,2.8947215767032315,9.579145528505817,52
Tori-Bossito,2.085944951504811,6.576946481636605,219
Cobli,1.0240583065353384,10.425418688270092,70
Dangoussar,1.5423958066612038,9.68778901190513,268
Tchaourou,2.1443808604516432,9.28305332382011,36
Location #1700,1.7313165417566503,6.593423677358168,706
Cobli,1.0537141278147666,10.478354798847628,268
Goro,2.495856413854938,9.026476462892235,376
Dannou,2.4715472120806923,6.623419615556681,572
Location #14783,2.737684537651902,10.60453152415588,46
Lokossa,1.784125727598011,6.597658821698757,70
Location #1073,2.0504357803347966,7.313909044764812,1165
Location #8933,2.413076469308669,7.0048578624621936,93
FOMBAWI FONTABI,3.3502244781173225,9.905102448418848,168
Kalalé,3.5918918164347957,10.52467508330597,57
Barei,1.4630761227046998,9.637678880485847,82
Kodé,2.475669491428326,6.745027404388392,389
Agadjaligbo,2.1237555739616005,6.971493621727073,57
Gbékandji,2.54130915456562,6.6776613488937056,57
Location #15883,2.415090276339757,10.98562601044985,39
Kandérou,2.5198709225195963,11.562955739724034,67
Dassa-Zoumé,2.1289989031223913,7.684547924515239,995
Kerou Bagou,2.7474989269531576,10.794892842323803,90
Niambâ,3.6530459088139255,10.741463155359446,121
Kouandé,1.708044935798868,10.097891817112574,28
Dassa-Zoumé,2.184298337098489,7.549938446833968,64
Location #17107,2.2106986876484735,11.127895972379344,21
Kétou,2.715914312855056,7.313488774114988,88
Adido,2.52732438597862,6.843050298754707,121
Location #9699,0.8739358394940485,10.609760262201746,82
Dassa-Zoumé,2.4361052011717965,7.588545608893502,152
Tchaourou,3.0362249561507535,9.095318495691927,52
Pénessoulou,1.6093890412264475,9.23405501314757,67
Location #2610,2.0691773609304085,6.730425269251242,436
Tigninti,1.4105841757889428,10.19331226597168,95
Kalalé,3.157026835414324,10.181161940011076,70
Location #4606,2.057236974598547,7.2903037178802945,217
Banwouré,3.0241356786938542,9.480544398890167,206
Sagabannou,2.446609843150765,11.588528031584492,39
Location #9685,2.4887728744718216,10.933686971799059,82
Location #11654,1.470295672782677,9.382669890789227,64
Location #3269,2.2417943405842506,6.804630183271067,332
Agonkanmè,1.9873726320961465,6.385976120990749,129
Location #3451,1.854299001589759,7.433355707031182,312
Ouara,2.695579207034906,10.611742093070589,26
Ina,2.777349472058477,9.94212334382615,121
Porga,1.0964155966947275,10.861321908704005,119
Location #16903,2.642087057873359,11.51716236936826,26
Location #12635,2.5848446710360853,10.72528585025881,59
Nikki,3.4133632618090974,10.023796488474584,126
Location #15268,2.415942039498047,11.016293008093674,44
Gounarou,2.9858762742685947,10.951122535041295,75
Nikki,3.36422596261928,10.011328172704713,332
Dantota,2.1198908828381056,7.314062765773645,129
Lobogo,1.941014104572638,6.713231166502057,119
Materi,1.0711567575140482,10.729934499489193,93
Kouandé,1.5592496514311647,10.096975315235868,77
Location #3124,2.3481186346662755,7.08307476597129,351
Donwari,2.8568742863802083,11.173899614048985,75
Kétou,2.5039791577116994,7.414095365912376,57
Ouaké,1.4631986527587142,9.654779526884326,67
Savalou,2.080113241336566,7.872967233906831,23
Location #11021,1.6543769347158896,9.863467513269907,70
Awonou,2.5516197401133325,6.704413944110557,495
Vèkky,2.454467920049198,6.511770918808474,232
Location #16672,1.399343304468267,10.602664234066905,31
Sannikparou,2.9958834966484735,9.554900153317007,36
Dogbo,1.805408740709379,6.751618488437591,407
Katabam,1.5160802417164247,9.896423256096748,41
Kalalé,3.338004831820919,10.217143171093733,229
Tori-Bossito,2.2183568623032937,6.554533952980254,245
Boro,2.9264667206678157,10.329644263649604,106
Dohi,1.9398868422203497,6.383116554087177,905
Tchaourou,2.3815085181168336,9.136428268783082,23
Kandi,2.8048579605385875,11.203189287299539,54
Location #12596,1.8407437716208757,9.677278995794232,59
Tori-Bossito,2.1809448097788784,6.478450037863927,34
Location #5859,2.2358837811576437,10.95693009057547,160
Grand-Popo,1.8041647694553173,6.36995001342776,126
Kpomassè,2.033872222811535,6.444678444923662,57
Bopa,1.9996787156248677,6.728361709411152,62
Biguina 1,1.650239913676253,8.8330737984772,3157
Abomey,1.9344325074665307,7.214013643546958,198
Boukombé,1.067338543554195,10.208101071677918,34
Kétou,2.6562611217917365,7.263607075262243,62
Sini Kparou,3.124670317152677,9.379465511737731,59
Location #928,1.8474801897344073,9.727044767357896,1345
Towi,2.569292296457364,6.918698902849497,309
Kouandé,1.980372176264919,10.458318597046613,142
Allada,2.175671382499502,6.622466200589986,338
Tchaourou,2.389570756147529,9.396089666205683,90
Firou,2.005454438188006,10.893306874631092,134
Dan,2.092013033005254,7.329063462574153,98
Takotiéta,1.0783016455168326,10.322903746825494,59
Location #8846,0.9482549246072504,10.487259946017153,93
Location #8079,1.2114487619099192,10.691504305042777,106
Kouandé,1.766413683588195,10.1372026590481,31
Tori-Bossito,2.0678597964995253,6.571399120629872,72
Sinawongourou,2.7620048617949946,11.137872248926378,46
Location #3778,1.69822228786754,7.607277500556684,278
Location #1191,2.829982483999752,10.934660674440806,1054
Savalou,1.6628146700709743,7.6376655866422,209
Lobogo,1.933819424894966,6.674315349150866,111
Tantéga,1.010163429278205,10.845527199940301,98
Kouandé,1.7812474364007556,10.112139424569893,49
Gandobou,2.706263309482954,10.79675575862279,170
Tchaourou,2.9753006574387317,9.291061746387262,1134
Location #10939,1.3422102705545758,10.033969720423624,72
Aledjo-Koura,1.4477707108167799,9.323833850219168,113
Houakpè Daho,2.0488601627428693,6.329415822998587,946
Kétou,2.51401148202908,7.39269538255128,142
Manta,1.120475027996169,10.354168056286746,98
Location #10891,2.5615127013059493,6.521471355082057,72
Allada,2.2113047801116745,6.715673089849037,129
Kodé,2.4868323562240278,6.763211916192559,44
Agbohougoton,2.072094091838315,7.345383947336577,943
Location #2059,0.9386506556983414,10.796220222555005,570
Kossia,2.4492112356580047,10.293049695630907,67
Location #5837,2.481599559498084,11.137908433350802,162
Location #15905,1.9749851369987252,10.401127082241397,39
Souamikourouna,3.1117867143365223,10.907907684699781,657
Tchaourou,3.1299443520343653,9.327609566520705,232
Savalou,1.7418632660452897,7.783044939148782,1742
Kongou,2.9144426150075637,11.214150348084495,113
Kalalé,3.6998522553570594,10.674116656337278,211
Location #3464,2.5373832109978394,11.563166955340145,309
Houéyogbé,1.8280885489721939,6.472300651732196,255
Location #3905,2.0204119541102874,9.684891828852486,265
Dassa-Zoumé,2.184628055291939,7.56297028878935,103
Za-Kpota,2.206264249243088,7.252657451726379,399
Location #14626,2.5626100351506502,7.97528391180778,46
Bureau d'Arondissement,2.3712535407014674,6.746927961483821,2781
Dassa-Zoumé,2.1939941225317394,7.838552632886023,3094
Location #16127,2.6098326628073494,11.26890704207399,36
Sakarou,2.780669471811091,9.879204898322048,848
Tchaourou,2.7451108995542866,8.975257052560604,88
Location #17100,2.0117691701065255,11.025354426621904,21
Kouandé,1.5865709128432746,10.114398903887208,1054
Location #13972,2.002709715511245,7.281389463900711,52
Boko,2.6008404365169477,9.508544565582628,93
Materi,1.0603488731128274,10.66243652655322,75
Location #17112,2.162060734319704,11.163569727700608,21
Bopa,1.9263048386847001,6.766213783652557,75
Location #8461,0.950853878820545,10.821072952515769,101
Balimboli,1.6653631929161132,9.078044933832075,193
Location #3067,1.1648006453944042,10.431842697309976,358
Location #14791,2.5107449655319125,11.170060552468794,46
Saltimbara,3.751260714009608,10.959237486157356,52
Kpétou,1.918536867559204,6.428086871067637,2090
Lokossa,1.655149053953628,6.684479875740649,170
Pobè,2.607909881428615,7.051586794407271,46
Location #14521,2.586604844686433,11.55898745693211,49
Yarikou,1.5985536072579742,10.41134844781107,549
Malanville,3.186882877422666,11.602309882772621,57
Location #15579,2.6163724396752905,11.306092696852588,41
Savalou,2.062170500004519,7.8954428089045345,111
Location #10584,2.923144527818429,10.752098701358314,75
Adounko Daho,2.257742568922467,6.352610883690038,70
Liboussou,3.543322299155317,10.828154392960837,753
Douroubé,2.6920672216758366,9.41062506846969,232
Location #9713,1.7948586496411452,9.289371010792307,82
Kouaba,1.2120195448642452,10.197067302938558,108
Bopa,1.941379107098707,6.633912213368056,121
Savalou,1.7524235768046226,7.718014306542624,196
Libantè,3.590188612419894,10.773211470857518,57
Tori-Bossito,2.074769130405066,6.519996782919889,552
Kpéroubouko,3.045455618837454,9.542423491363055,57
Wassa,1.6264992757050982,9.640117236309296,82
Location #6237,1.8436735303768534,9.822769192313112,147
Kokiborou,2.2150613188846755,11.018887975656112,88
Tchaourou,2.858642315442719,9.244432989745215,64
Koutangou,1.0975535101692842,10.362660413233403,222
Pobè,2.6845974791461935,7.163581473043537,88
Okédjia,2.6693030236301722,6.865939734500797,147
Tchaourou,2.5631208620047317,9.05412484128141,152
Tinhourè,2.1858931905116554,11.028900633142502,57
Djidja,1.9831505917002341,7.363793793917465,363
Savalou,2.0295518102490293,7.5830672941470905,59
Allada,2.2588237936290607,6.6305571816935425,436
Balimboli,1.6608887212013919,9.030886595571378,111
Sissigourou,2.848095686486257,10.232846879047145,44
Location #12090,2.4155014488632576,11.54826833526839,62
Kétou,2.649431173566071,7.5408193916724064,964
Location #10993,2.239930454468648,6.770454871436219,70
Kétou,2.565882608926222,7.337398500808537,281
Setto,2.090765323832568,7.473693957333691,284
Location #8696,1.1968865331795517,10.089092528778957,95
Koukoua,1.0883507655088058,10.2374584160055,67
Djidja,1.954205717753175,7.3997905065413105,1018
Location #10638,1.3194792572809069,10.191762311721064,75
Kossou,2.065719993094934,10.668974791154877,34
Gandobou,2.689671561206688,10.83413322866933,49
Lokossa,1.5944886510040195,6.7061400442508825,119
Konarou,2.849911174742365,10.316147249004445,304
Location #13197,1.5227917965354412,10.370474451015626,54
Goro,2.4930755885010085,8.986670351516294,147
Location #16340,1.0575640715059602,10.502002476578536,36
Sori,2.79551413597242,10.73522096037953,121
Ouaké,1.496675134206646,9.51008221928474,95
Kalalé,3.1001488442202683,10.17512611723253,103
Guinagourou,2.9609278037219307,9.575767900160953,26
Location #8758,2.802734828823321,10.398386903157302,95
Ouèssè,2.5905350508363902,8.481524560682402,149
Adonhondjigon,2.0035852319032474,7.0992119895860855,523
Dunkassa,3.119606072931704,10.335399992703444,106
Kouandé,1.7056992655771985,10.563237752134238,34
Kétou,2.608187242591235,7.495572345374629,70
Kouandé,1.733459165736329,10.026251965530808,106
Location #10597,2.728413588596729,10.695271615546837,75
Location #16268,2.133020280038816,7.388049298439254,36
Takotiéta,1.0709836333851626,10.312338135947822,75
Agonlin,2.0503489845161402,6.984154275331656,162
Sakété,2.6569826540333485,6.811586097895469,59
DÉMA - GOUDÉMA,3.152202808054403,9.753247434019132,77
TININGOU,1.3711942773799306,9.907566006598739,183
Adido,2.5047270162428648,6.839596692565273,103
Thuy,3.016813147987761,11.274000466845019,54
Boko,2.609889784169974,9.50030668318003,46
Kokiborou,2.2012288462402054,10.952804730189593,28
Location #5197,1.034245951261029,10.589914213083823,188
Goumori,2.2852832247106734,11.190129132998523,1049
Gah-Guessou,2.4465071618719185,10.333600595095499,196
Location #15393,2.984398694573807,10.821631190418739,44
Tiélé,1.1910522278663271,10.711521912318215,80
Dassa-Zoumé,2.375743761233718,7.652931858874186,168
Location #4543,1.3997293071917567,9.870610189299509,219
Ouaké,1.489584071907065,9.538779885092353,296
Dassa-Zoumé,2.1408261405819116,7.923674283148089,374
Banikoara,2.4705572913336518,11.148838799587372,26
Natitingou,1.3610313364684836,10.34599295856043,381
Location #16827,1.0817009807184603,10.275361336192146,28
Agatoudji,2.6160829178235887,8.042959895208298,229
Tanougou,1.487872722862036,10.883087031891984,923
Hlagba-Lanmè,2.185932543251128,6.964228335551246,613
Location #1016,1.3398485019172122,10.02971759976952,1232
Kalalé,3.161379174853508,10.123947950103716,119
Abomey,2.01884352754898,7.150292915670798,562
Awonou,2.5288319143962443,6.780909281891301,1077
Banitè 2,3.0597220593260794,10.943204223862784,227
Dangazori,2.975042606822548,12.279919956754798,82
Malanville,3.187227728383782,11.624096936583488,49
Morou,3.319276097964788,10.636137493572994,2247
Cobli,1.0074401400955548,10.510780192620706,660
Houéyogbé,1.8458844104335885,6.5803571206729865,90
Yingnimpogou,2.4323619919036075,11.570744485797041,31
Lobogo,1.8795074480455147,6.702693754590609,103
Parakou,2.6618593878711985,9.290099926392068,255
Za-Gohoumé,2.2098839804575263,7.163534672799907,683
Ouara,2.734562050403972,10.6254676551895,64
Location #7173,0.916028279597331,10.700578635499326,124
Djougou,1.6594455346804635,9.822842385612919,95
Sokponta,2.258522126044456,7.896004314937379,510
Location #10371,2.9275704765252084,9.399513803057538,75
Pobè,2.7033187485634897,7.023204746929129,41
Agouna,1.8301313434592177,7.590939810265617,412
Location #1283,2.692980162547898,7.748641698893,969
Location #12218,1.7420808222537225,9.936310438706723,62
Tchaourou,2.528192107665267,8.836172617422797,113
Location #13768,2.3439862602259613,11.088531594835379,52
Nikki,3.348075103637088,10.084969709793182,44
Vidjinnavô,2.5198927536562166,6.944324539603836,240
Hinzounmè,2.0140944934351137,6.481658511285894,296
Location #11026,2.283034695296481,6.775588778960478,70
Banikoara,2.5320266433838996,11.231245569242603,320
Kokiborou,2.16438904167834,10.8850736964941,1144
Tori-Bossito,2.2065419858538413,6.459868596888598,95
Kandérou,2.522616320736121,11.575223485790094,34
Savalou,2.131177737892621,7.539085117872424,62
Location #6871,1.8295094137419505,9.803005506209079,129
Korontière,0.9320558962831117,10.285094664719207,52
Savalou,1.6862718237487064,7.9472156657314565,482
Ouaké,1.4348086019185968,9.561883390247795,41
Dérassi,3.2425687321102994,10.111511154236743,52
Bouanri,2.889693638843693,10.174911234993948,142
Location #16299,1.7394356216017643,9.574011794617185,36
Batin,2.9864262100305536,10.457749611581045,62
Aledjo-Koura,1.4540773555186237,9.30834866196063,62
Dassa-Zoumé,2.161490316318194,7.587807934061635,608
Dogbo,1.8189870831170762,6.76837123328264,320
Location #7645,1.7704167745950494,9.89852671589056,113
Gantodo,2.176790788800312,10.878162216957037,36
Lokossa,1.7198406832108877,6.716924754639489,88
Toviklin,1.8043165296263919,6.837915699770901,170
Tchaourou,3.074008066390374,9.159221569065126,72
Location #11798,0.9261594505176529,10.519281494144002,64
Agoua,2.007291478812363,8.27205921276859,224
Gbèssarè,3.733823613721077,10.989413476143309,57
Bossa,2.50208649424624,6.999370319423478,134
Gnonkourakali,2.92060902865324,10.006739917573718,39
Ouéré,2.7880647095723465,10.775819581582722,88
Kalalé,2.9885707851128838,10.12195267537561,433
Korowi,3.5882399511641547,10.800150219813245,354
Location #7641,2.577427988582236,11.582173120705265,113
Kalalé,3.330648799596673,10.14666838118529,147
Aledjo-Koura,1.4477741495202838,9.382145671251909,98
Takotiéta,1.0959958999249437,10.311885429847576,57
Location #15343,2.51728350470142,11.57784348643954,44
Location #2713,2.3044047887965116,8.04685038639346,420
Location #9205,2.257586202620546,7.205791472074025,88
Darnon,2.7404941287556213,9.509186756921721,168
Goumori,2.1568598336412683,11.236900821996068,124
Location #9085,1.7659479516443557,9.560574920168733,90
Kountori,0.9253271561559016,10.398400363583052,34
Location #4315,1.9956279103633523,9.605442122582003,235
Kouandé,1.5955949179196698,10.13975189048701,85
Goumori,2.3171384119012806,11.101940472329298,23
Kountori,0.9551660869328944,10.445971531780149,387
CHEIN TASSO,3.244704062752251,9.767569962857886,186
Location #15212,2.2055674057448904,7.378728899332057,44
Location #8338,0.9803637502463887,10.388906212668546,103
Banikoara,2.4980241784022703,11.226967270061097,95
Bopa,1.975843029717653,6.697128990790399,407
Tchaourou,2.7500392009729593,8.927171039679829,54
Attakè Èlèkèrè,2.5952330034743625,7.014983410198461,36
Taba,1.638555316096209,9.252474773308327,106
Kouandé,1.9756741932024975,10.754078782192614,54
Akassato,2.3904648268234814,6.46873044554901,24246
Location #4587,2.5383560658953552,11.098671889188255,217
Location #5432,1.9915786072064818,9.78821039663714,175
Timbouré,2.6451445939886735,10.429440697302883,59
Ounet,2.42792125712004,11.229221250509553,21
Ouaké,1.4177968608731015,9.427411738125235,46
Location #15148,2.7444873697288985,10.966781153824025,44
Djougou,1.7563669220594538,9.711116671004428,724
Konarou,2.8601267753601554,10.327007152072438,36
Gomè,1.9809958388827023,6.365389286094708,495
Diguidirou,3.1125567346642447,9.609083314064323,80
Savi,2.165197036761546,6.408536847760233,57
Houéyogbé,1.8523414065929868,6.542104395552376,1224
Allada,2.2026660976986006,6.614842319647009,85
Sandilo,3.092949590933665,9.570281036072329,95
Vanhoui,1.8401377275631026,9.556698803929525,253
Location #14569,2.3227641335329667,6.7522029083270505,49
Location #12231,0.977188665971297,10.3415418630725,62
Dassa-Zoumé,2.38336026408326,7.753845703925893,490
Lobogo,1.8733340616798457,6.66082850874979,131
Boukombé,1.133139215722192,10.202873077789613,126
Parakou,2.5245785079548306,9.333129015037944,490
Location #5030,2.198248649511203,11.116777573578986,196
Kouandé,1.8902974776348216,10.247879001269704,428
Houègbo,2.1719180904727846,6.833405628980729,39
Dassa-Zoumé,2.2289719562654495,7.774884976022572,477
Location #7233,1.709195880178087,9.445950358595189,124
Sontou,2.9176842964605845,9.692485878512937,52
Kalalé,3.2990066845688784,10.229262970815961,52
Location #6876,1.675603240825065,9.936258766772413,129
Sompérekou,2.5300140964987916,11.306306833165394,44
Kouandé,1.8010704938119986,10.004360976971503,59
Location #4042,2.406301554979136,7.020815550959245,255
Location #10851,2.5226745991684645,6.997572432693797,72
Natitingou,1.302729036264935,10.38336418150029,59
Tori-Bossito,2.1371360277298095,6.591559318916991,49
Tchaourou,2.5835369658311773,8.89835502497611,44
Dassa-Zoumé,2.366636472650517,7.68402338432203,173
Dogbo,1.622945262245866,6.746680608608648,31
Location #16996,2.3594864376735636,11.552203331904979,23
Atchakpa,2.3716792369012896,8.0005778545991,34
Donwari,2.802872544472902,11.226853797184182,52
Location #15782,2.429041481626854,11.077036134204505,41
Zinkanme,1.973796208018463,7.3041309094185,67
Tchaourou,2.7796620837358845,9.209727160809514,119
Moka,2.6981888664970386,7.965151707585662,57
Kalalé,3.324255516394272,10.368871697322554,39
Dassa-Zoumé,2.330850287224461,7.582471627005942,36
Location #4965,2.585177164248499,10.716500383565089,198
Location #7656,2.1412213778239093,8.318860052516351,113
Lobogo,1.8249126436446885,6.731137529567132,624
Goutéré,2.1271101433290918,10.904737918708664,206
Savalou,1.781014706095043,7.820544718945925,240
Tchaourou,2.9213351500758145,9.141521664682477,82
Piami,3.6377985460936664,10.955993914332295,2951
Diho,2.5137450945419175,8.132715451752926,206
Pouya,1.4548686104560726,10.240530472791539,392
Za-Kpota,2.198357557757931,7.241166246618135,601
Ouidah,2.0207858985516594,6.346515097207258,52
Timbouré,2.642390399158941,10.426686944127912,116
Location #14549,2.0598069360572255,8.261596109834821,49
Kétou,2.521593358037697,7.280598584403797,95
Malanville,3.485131739449856,11.685830720872232,39
Location #12093,1.6962245000612186,9.941358004913962,62
Diguidirou,3.127918744743461,9.621772407225768,88
Ouèssè,2.5229264760881325,8.182205782750229,88
Konarou,2.8758474739511586,10.315780097873427,57
Donwari,2.796971690609924,11.224840363702803,49
Ouèssè,2.295031829821321,8.556552732137664,57
Sinawourarou,2.7954897001137513,9.585360750746318,28
Kétou,2.5487832838551756,7.453165495934921,260
Ouèssè,2.6351306166356867,8.35032271526385,46
Location #16661,2.430645522268931,10.965294606154963,31
Tossotai,2.042070253404236,7.130854992086385,160
Toké-Banta,2.3980501984124216,11.371916234398395,93
Location #5032,2.5906758809258363,11.519659497509979,196
Location #12819,1.920908582007156,7.163591919295765,57
Gbassa,2.2815516142135444,11.035618749728059,291
Tori-Bossito,2.0884459095183416,6.502708385977406,366
Cobli,0.9867256584179371,10.499185836882038,34
Tévali,1.5337066572076503,9.819383565767996,461
Korowi,3.6793196945281057,10.862800822765989,26
Kalalé,3.0576413374855744,10.081360858493973,358
Manta,1.088967772590357,10.38997995315088,46
Location #4542,2.582614094742035,11.531859567144757,219
Kétou,2.7074689146743953,7.522053717036595,90
Location #6168,1.8136666521109477,9.870898535208518,149
Location #8759,2.3979673854917016,11.018517086511388,95
Prékété,1.6634249963121772,8.632259263738595,85
Boko,2.6095775465984685,9.509365965453801,46
Location #10344,2.218552466874906,8.365687056554536,77
Serekali,3.106654164226822,10.047417985231846,113
Iboto,2.435293246447959,11.378504965418717,2260
Parakou,2.677623247773048,9.338790274199747,54
Kpakpanin,2.561418867735094,8.819897427792768,320
Location #982,2.568761521954847,6.65313342761639,1271
Materi,1.1235769490915106,10.708327917260524,126
Don-Agbodougbé,1.7538379824237802,6.573394091433861,384
Location #6344,0.8344495006326814,10.410803105510062,144
Savalou,1.6652594975614878,7.652360007930544,137
Tchaourou,2.5832356578319033,9.263915218072109,44
Location #13109,1.8693586163147118,10.154320038749173,54
Tori-Bossito,2.1385090374217555,6.524683346165292,660
Location #7222,2.717460277859255,6.899033269379456,124
Allada,2.246952671213202,6.638409694503909,98
Location #12702,2.582346279588281,11.221150243586205,57
Savalou,1.9227049745532985,7.6420394469326265,46
Yingnimpogou,2.46710067192027,11.536882889607556,72
Kalalé,3.1952849846914906,10.086899293688758,52
Location #109,2.5372768470819307,6.5260509173857315,10585
Datori,0.8801939521421288,10.363278320686023,134
NINGOUAROU,2.8656621829373368,9.938893322513156,116
Tchaourou,2.7533994200428986,9.071459797366618,165
Kalalé,3.0248877840402306,10.399696948199209,93
Dangbo,2.567603291583324,6.604373278801703,170
Kalalé,3.4821464065961183,10.269245921738788,142
Dogbo,1.7175904513451918,6.805690314755756,711
Oké-Owo,2.709616901879165,8.052391980994951,2384
Bopa,1.919688771538581,6.713046733822359,59
Mongo,2.8349000633368435,11.15760923294626,57
Lokossa,1.6181471884702845,6.626245463806907,1405
Location #13037,1.2253868104605896,10.094126319061731,57
Ouara,2.6764958004873387,10.684671929730712,41
Savalou,1.7426466822974562,7.711985374130046,178
Ounet,2.4532533818421824,11.213820339042957,67
Dassa-Zoumé,2.3903365556358733,7.678121394904168,54
Pédé,2.953745625051783,11.209345765113648,62
Location #7492,2.0445482887773263,6.374518696549025,116
Massé,2.5993003592528603,7.19436489233702,402
Dipoli,0.9866475469993928,10.434395271428007,46
Location #12588,2.0933003733451456,6.442186823373961,59
Location #12549,2.5763471574992303,9.712925059919554,59
Barei,1.6068492428276697,9.667642892172474,2397
Location #9613,0.8914676154314424,10.299766040701899,82
Kouandé,1.9800840127750767,10.461984686662156,67
Koguédé,2.1693790455376334,7.219678895623583,348
Kouandé,1.654852069194791,10.067339658774632,90
Kodé-Gouké,2.4728688324062564,6.749885098951137,964
Nikki,3.2142044779733316,10.03186639907176,580
Koni,3.0868429148049983,9.924662459445193,1034
Lokossa,1.7410415684808607,6.700816185214447,1214
Sani Poutapouta,2.8847352282046774,11.284554698424795,46
Koussoukpa,2.384111791633031,7.005540683406896,1900
Bori,2.4279872860922964,9.766090418177669,129
Location #2386,1.8807928816012593,7.324386102829297,485
Allada,2.205911015510789,6.753437481950522,232
Fafa,3.0039658841934456,11.242088370133292,101
Sèmè-Kpodji,2.6720019784648312,6.418793298554823,121
Location #7668,1.9844061945948646,9.031307890823092,113
Location #13458,2.692930639241888,11.384620846289787,54
Ifangni,2.718973708766447,6.618372030725422,6121
Location #5489,0.8597913672423787,10.34615075839209,173
Bonou,2.4433980473483454,6.91510348175427,59
Copargo,1.5504958298818234,9.85629926972531,186
Tchaourou,2.6302918892046523,8.802713336799613,52
Location #3806,1.5851482293135568,10.490419056656858,276
Location #10761,1.432438354365622,10.605877402825648,72
Kalalé,3.3891391982560832,10.361240134881538,247
Dengou,1.7781986732018231,9.305880351733597,64
Sakété,2.651821338883479,6.684205583735607,139
Location #12208,1.8450334055133923,7.359362765212391,62
Location #6391,2.6382897320235195,11.38561319930887,144
Tchaourou,2.5366050034181753,9.190005608050384,34
Dogbo,1.815517983714182,6.765257796013215,93
Arbonga,2.4227711538104906,11.385469371010075,59
Location #11111,0.8900255980258676,10.726951843387997,70
Toura,2.368776816855335,11.19765474488101,77
Location #7343,0.9678069117387786,10.84749323384721,121
Location #7951,2.3146441738157475,8.102153905831491,108
Location #14842,1.186322471395049,10.240035083624168,46
Savè,2.5434910695305444,8.052535605772436,54
Location #10191,2.7985926582417404,10.996616633983715,77
Dassa-Zoumé,2.2789309557249293,7.815954680939963,139
Dassa-Zoumé,2.216360939859878,7.622936044631708,371
Location #1809,1.3500052736322512,10.662976371745485,657
Bagudo,3.5202996656991057,11.556579424740038,44
Kandi,2.793513568497846,11.051986328577021,54
Gbahouété Kpota,2.562048749115154,6.966828923038597,139
Bopa,1.9336941399627257,6.630794008897766,505
Kpabegou,1.580812581105221,9.77970201566041,232
Igbèrè,1.9563836723930792,8.990508464065114,34
Materi,1.0174086189318305,10.713043547720586,116
Lokossa,1.6635036347536287,6.600395003599511,1237
Materi,1.0991536634235985,10.636013438512697,62
Cobli,1.0265234529984069,10.428419800692517,75
Lokossa,1.6341534119739776,6.651476164808512,351
Location #15880,0.9030743560897754,10.535033820526136,39
Location #973,2.4092082508274073,7.095216276984058,1278
Location #13894,1.827337140759802,7.2504221676435225,52
Bopa,1.912963946346745,6.749248032190319,209
Parakou,2.571816961944392,9.425031447038608,224
Perma,1.409810555132745,10.096141249292415,67
Malanville,3.321818134088969,11.665602918110569,52
Location #11647,1.050999170184773,10.484438156981858,64
Tchaourou,2.435526850738198,9.389188188164754,31
Location #12457,1.4985898764818597,9.398533022004397,59
Kpanroun,2.3712543216323736,6.665064504542422,34
Cobli,0.9836296069419631,10.41604065421376,322
Sompérekou,2.538953437988161,11.26235345059031,26
Savalou,2.004062994830745,7.738902053623949,59
Location #14563,1.806945373495885,7.266021770437433,49
Kodé,2.5103560493983297,6.767269659274778,77
Location #1857,2.1589053901123494,7.3017924321720535,642
Ouinhi,2.5162100613852973,7.133703229040505,178
Lokossa,1.8842987523851935,6.759915551325243,62
Bohicon,2.079678560180961,7.139634910632926,103
Location #16836,1.7908209691861163,9.122585975072923,28
Brignamaro,2.0044374579838906,10.750094293915826,88
Location #13782,1.829339138749803,8.608098606309039,52
Kokiborou,2.2090697847878547,10.959813654572708,196
Location #16212,2.8534881122762794,11.29928917862209,36
Touko,2.85576714167332,11.079855783700827,152
Tchaourou,2.830459862621188,9.280921824690594,1495
Bouroubourou,2.4079392697435402,11.419868956443564,90
Daagbé,2.70760803854915,6.5487107060223435,95
Savalou,2.1222697017506587,8.118913145097494,549
Lokossa,1.6587065525957876,6.642285746945632,1106
Location #1585,2.4148389421032497,7.052537011263172,765
Malanville,3.440474861478315,11.684654515604189,160
Location #10474,1.9583062359856946,7.607903746825398,75
Bopa,1.9734049237183513,6.670334847800087,95
Agbangnizoun,2.011412885167833,7.054200249217395,644
Kétou,2.7019264170927246,7.55965716087747,62
Location #17124,2.6658460801751844,11.308731379851944,18
Sanrin-Kpinlè,2.563636247387416,6.711178551821435,52
Location #6241,2.306751451039654,7.133337290068999,147
Kétou,2.62911722038685,7.2859725358527285,46
GANDO PÉNÉRÉ,3.101333566657229,9.846567495966772,98
Nikki,3.4420889431438253,10.115691808499625,652
Kalalé,3.1978759360454876,10.368108768710465,59
Location #2197,2.3217899787540213,6.771368751001111,534
Tasso,3.190635669250569,9.75770229393625,75
Attan-Éwé,2.639514264996042,6.880782523583526,296
Lokossa,1.7546045686769878,6.720940387879426,44
Tohozingon,2.089535348521115,7.3917025400289775,70
Kouandé,1.6179619022100733,9.93407222378237,1180
Ifangni,2.763707867836274,6.734359660593413,49
Bopa,1.9481571509104723,6.583402373578458,93
Tandji,2.163564367112121,7.296244637565907,54
Location #11091,2.424167984261832,7.375676446376375,70
Malanville,3.497699362767931,11.624456915769308,121
Lokossa,1.7823434080009473,6.634272699110092,281
Tchaourou,3.032929297629377,9.10318045645482,49
Dèroubannou,2.365548733328111,11.319529202686327,41
Ifangni,2.7309486765663396,6.604027692231581,670
Banikoara,2.531914204906274,11.203034388818187,34
Gah-Winra,2.7315443198813623,9.706071944086178,70
Banikoara,2.2981997095113336,11.319738965212782,21
Tori-Bossito,2.092631140316253,6.534431969171639,72
Kokey,2.5495427142632816,11.352279342286522,340
Ichaagba Adoundoun,2.5819584723139,7.135523386716155,59
Malanville,3.550884502217169,11.645119661203774,294
Tanta,2.253738597347211,6.678567770261611,601
Tantéga,1.0037505889666019,10.80272830580305,62
Ouaké,1.4763121508256911,9.527227105509548,44
Tchaourou,2.8769288061646776,9.283300594704555,57
Taba,1.7568343069335624,9.23993323341999,82
Village de Detekpa Adjinangon,2.2249342632236693,7.306431364422433,49
Location #12002,1.782153786516741,9.105859805872434,62
Assoklé,2.319451277490828,6.655210135964615,129
Location #4295,1.62050779669624,9.189974057172943,235
Manta,1.1093301634143764,10.382682243906158,70
Sonon,2.804575826266741,9.559473523408798,325
Pobè,2.726153754024879,7.101215730193489,825
Ahlan,2.457731149018568,7.255073974267758,448
Firou,2.0009552911172546,10.948155700584719,52
Dérou,2.400781813892647,11.284942930458614,170
Kétou,2.6633193008110148,7.408700447730282,103
Djanglanmey,1.79897804820067,6.408876655969642,64
Location #3194,1.9324001517115554,9.630184216029269,340
Aifa,2.268196989096244,6.779844509147145,77
Kankoulga,1.546752030167475,9.935308243541776,52
Location #6235,3.337361688040985,9.817112367791115,147
Dogbo,1.751206272627605,6.7889917820607435,338
Savalou,2.017310906406081,7.940517557982769,46
Igbèrè,1.936836761632677,8.991650625115295,31
Koumagou,1.13812018279824,10.1443684792229,224
Location #12177,2.3267835856110266,6.755879317133358,62
Bopa,1.9234618709167899,6.769046067605589,85
Wassa-Maro,2.0521663681860787,10.227869699414551,77
Domè,2.251069865225193,7.0869656589817485,186
Location #10680,2.189265500440233,11.11237585318615,72
Location #4745,1.6018990644489057,9.846188521164141,209
Kabanou,2.800577779230335,10.495512606210621,258
Tori-Bossito,2.067192475850046,6.575570131472364,204
Aklampa,2.1691727953428286,8.25747522114035,54
Location #13659,0.9448841204834212,10.860679952660712,52
Location #7054,2.0253390761951873,8.495817826031262,126
Lobogo,1.8308870182513504,6.686255581133333,178
Location #7712,2.772839952333338,11.222867142748473,113
Athiémé,1.6698204342149812,6.571591594933424,722
Kokourogou,2.234782003957791,11.27327625111688,44
Location #9467,2.1473879189133425,7.188282129931554,121
Location #6616,2.3893413182207017,11.115699221792058,137
Sakété,2.7012958189528917,6.808214524052175,85
Donwari,2.793113329907358,11.099365280465374,82
Djougou,1.6435901472787755,9.779522472604942,34
Location #12792,1.6532482837343017,9.355950772184912,57
Location #1451,1.1123361917571657,10.63097140170427,843
Hounssagoudo,2.2692452275760386,6.63482749183057,557
Location #16006,2.47278605623098,11.11159961387016,39
Location #2842,1.5064919801538514,9.850839227728184,397
Location #4132,1.425687583346292,9.904477306775998,247
Location #6762,2.584381049913213,11.579825357708216,134
Malanville,3.189268684291427,11.620360238863361,64
Sakarou,2.3848909027467484,10.113108697666195,227
Natitingou,1.3611906389896509,10.370559556340957,348
Ouidah,2.078392821243247,6.411824061243804,309
Location #4024,1.7762185765700642,7.352673599381927,255
Doutou,1.923937423191059,6.585141457234824,884
Binassi,2.772469714426041,9.487019047166696,90
Tori-Bossito,2.1254876682499133,6.604481467658351,64
Kétou,2.663289144422459,7.604358604179894,180
Guéra-Nkali-Tassi,2.9102859154327714,10.307284461527006,59
Gbassè,3.395324877992602,10.960451725324349,832
Kalalé,3.0826577311230987,10.202649717083531,338
Camp Peulh,1.710571941447606,9.030666618634955,64
Dunkassa,3.119739147955264,10.362438193623447,21
Keroukpogo,2.6499798384786697,10.11231341888458,85
Savalou,2.1323302711567447,8.138646524932575,57
Location #14982,2.975379749246356,10.227465435706652,46
Za-Gohoumé,2.2638533712266176,7.203050468972653,82
Dédomè,2.046887351573646,6.517431463473504,46
Location #6642,1.1723269013998958,10.211333153068106,137
Parakou,2.551179036665865,9.45842741544047,173
Location #15238,2.6218102074880534,10.315160343575911,44
Cobli,1.0491828843646038,10.515964446591912,116
Savalou,1.8732719168034973,7.899437497959326,142
Parakou,2.5380933968956634,9.354373765893035,59
Honhoué,1.9263410897249387,6.536345969206681,116
Location #12829,2.3496156768510583,7.411731347482685,57
Ouèssè,2.5406779187229893,8.737976213470874,41
Anandana,1.3998682972557632,9.935750319341626,57
Assogbénou-Daho,2.0140017879350225,6.358600397676927,67
Bâbô,3.6390039373562244,10.66378295294688,54
Dassa-Zoumé,2.3302463330149568,7.669380569985475,67
Location #1680,2.0343084132139073,7.256488642168616,717
Tchaourou,2.6501992155738896,9.089164078482392,289
Piami,3.6284201790398525,10.948766554014945,88
Itchèdè,2.5774210781337876,6.896869677266154,93
Location #15608,1.665288286957274,9.875370749528637,41
Dogbo,1.7430739221842302,6.8215276865557835,196
Sokotindji,3.357887826371151,10.844343687488935,217
Nikki,3.44450142539146,10.091019923356331,57
Fouet,3.1748912980152117,11.296023366414182,59
Bagou,2.7658800693245076,10.840540147901484,49
Atchonsa,2.455253053320175,6.852943100916307,320
Koukoua,1.0890488130490268,10.221777106642884,67
Wassa,1.6308417937332866,9.636073140993608,108
Pobè,2.727315118255715,7.15891375556966,152
Savalou,1.6729167034854988,7.728451235785531,781
Tchaourou,2.918886645012073,9.298162606595302,36
Location #11577,2.244630772907441,6.757872227068722,64
Location #9717,2.574187294754927,10.386647469566682,82
Sakété,2.7214660482307917,6.778796692434117,436
Location #14426,1.0913706729104884,10.29272059401733,49
Tchaourou,2.978585482180292,9.221375051911346,175
Ouèssè,2.4879568497283113,8.574288354004661,62
Dipoli,0.957232908897473,10.32783309065061,34
Koussoukpa,2.31703514550356,7.05263832156104,1626
Kétou,2.538051161498593,7.272506730196513,64
Location #13591,2.203915577999278,11.082408072777667,52
Location #12454,1.0893047503802271,10.467484127362273,59
Location #13963,1.8922373542660684,9.674657204694487,52
Narlirba,1.5402996009521108,9.869272865624344,72
Natitingou,1.2793185164974168,10.362530498429159,191
Ouaké,1.4219955639350577,9.702081852176724,335
Savalou,1.9358486972413638,7.987992788868796,322
Songorogougou,2.394521283165195,11.277353809292917,46
Location #14306,2.338738114996069,7.4302652685729464,49
Location #9910,1.703809243646033,7.580099964770685,80
Diguidirou,3.216752857732221,9.619378404681033,88
Banikoara,2.5066748476611727,11.226679311578147,85
Tantéga,1.0430541386151555,10.902448918568561,126
Setto,2.0754289158932084,7.5113979578464924,77
Kprèkètè,1.6703009147988388,8.653315294690488,93
Nikki,3.1747622766848664,9.776092528233276,62
GUÊMA / Guinma,2.991051246729509,9.964095038020995,418
Kalalé,3.186733213787226,10.295559554941827,224
GOURÈ TÉPEL,3.3195393865500624,9.912068605488072,54
Pobè,2.666022982053767,7.089529755882745,116
Location #1096,2.168815154741078,7.023963261666976,1137
Location #13264,2.560870258063783,10.735612733481217,54
Wanrarou,2.743113326632297,10.096998710227908,36
Location #16847,2.009401168112629,11.026026495241902,28
Tchaourou,2.5690567965558238,9.03825609280864,467
Atchannou,1.7670973859097256,6.518238502083368,941
Gbada,2.5148404037588135,6.635102577992623,1397
Kétou,2.675095267915491,7.1860954549102845,101
Location #10630,2.329576255407626,6.622415996642899,75
Malanville,3.339903646573077,11.654700986610285,70
Kalalé,3.4735181871032372,10.261248665817094,90
Dassa-Zoumé,2.3591892096349136,7.766990605965845,405
Location #15730,1.5834775117653634,9.525322989910125,41
Gbéssakpérou,3.0374101322212983,10.429321228442822,36
Location #1078,1.931597625409952,8.05907131800033,1157
Minantinkpon,2.111312455091699,6.3952843223973606,52
Location #15454,1.9677235133460986,9.423030679936096,41
Dogbo,1.693909346698235,6.766272100662766,307
Djidja,1.9119274002762936,7.284098289930981,209
Ouadjito,2.019911691601678,6.555932098845103,98
Nalouhou 1,1.6208190712602937,9.744038834809961,201
Savalou,1.7480689768323099,7.6564514346777415,467
Igbèrè,1.9092735954559188,8.994426039237203,332
Kalalé,3.2039757658033974,10.419740944134643,85
Nagayilé,1.574853875856033,9.309765636905947,126
Onklou 1,2.0442597649956946,9.444712185677016,157
Kambara,3.5507086510270383,10.931371071587835,3046
Location #7596,2.0037699832262272,10.030234556417637,116
Pira,1.6515785322545824,8.631107418599182,629
Location #12347,2.39026504963394,11.144151406338983,59
Savalou,2.055970432310149,7.697183451705983,113
Malanville,3.1692767606199053,11.715140390844189,80
Tchaourou,2.5284552995425895,9.116501210186101,46
Kalalé,3.1994633434693163,10.3171613357563,64
Dipoli,0.9863769535071052,10.345066804722114,36
Alladaho,2.1237910407942686,7.093298846060079,137
Location #9057,1.5103824843026283,10.108532777349208,90
Location #1676,2.502673644568878,6.896784259192467,717
Location #15189,2.5563286523915574,11.652247972873328,44
Kalalé,3.0295521828532372,10.404068483190068,62
Location #5641,2.311602429434972,11.077802749514866,168
Datori,0.8881048061344691,10.362482189434518,101
Tchaourou,2.585791102514138,9.103792715409279,196
Aifa,2.2858819527767533,6.7799301128126315,495
Lègbaholi,2.09366300552303,7.424859905197355,647
Location #15605,2.6118295887258602,11.534074109178517,41
Ouèssè,2.530900623246464,8.173612580075668,505
Location #6218,2.1711985842885952,7.510105307151763,147
Kandérou,2.5488484727153136,11.6537691383437,95
Materi,1.0688663866700694,10.736772535804294,80
Kouandé,1.6180221446118987,9.91935304055682,54
Location #15204,1.2881322727494673,10.185431386732263,44
Ouara,2.6831808692669297,10.6454868149321,57
Lobogo,1.9389921559721666,6.733883480881784,64
Zinkanme,1.9699700816708638,7.306152758221036,286
Location #3398,0.882919026869735,10.483097879350742,317
Kalalé,3.182808007516662,10.045591920085092,72
TININGOU,1.3593963002368838,9.926801662519685,57
Location #9285,2.2349394543606964,10.669682214543505,88
Ouèssè,2.2439029326980067,8.508090804605287,59
Manigri,1.6911101591066646,8.94085313901637,39
Saah,3.0655075764338227,11.180283239821271,137
Parakou,2.531303105099602,9.333444582167308,235
Location #14766,1.6006044918888425,9.17445888121032,46
Kétou,2.5858392646094885,7.4479584614479775,1949
Location #4531,2.3079901451985223,6.789995553883746,222
Nikki,3.4424377529843797,10.027468800365124,72
Gbèssarè,3.7441367678547346,10.98297886000484,113
Houéyogbé,1.8242452243772511,6.635711222879297,191
Location #5725,1.9515863047034296,7.233323037231344,165
Allada,2.165458998439357,6.763244231727834,34
Ouroumon,3.284542386336533,9.89303049565372,44
Location #8653,0.8856894347534227,10.563828512626774,95
Kpebera,2.6712176211117957,10.46037517447506,72
Glazoué,2.22495177725033,7.8921526891981335,469
Kétou,2.567685177840214,7.349406889075682,1121
Location #15887,2.741369142056391,10.480787924031947,39
Location #10977,1.0749775341018226,10.293863518332644,70
Location #2406,2.9691715735519395,10.850170274456618,479
Location #16670,2.5977839977753696,9.901801517176134,31
Vanhoui,1.8524261503381712,9.582519308543247,62
Glazoué,2.21131118221721,7.932226772813172,52
Kokey,2.583447026967781,11.386398470716497,39
Gbékandji,2.5382813407761784,6.67051700482906,134
Lokossa,1.825119013508839,6.761679046571626,1150
Damè-Centre,2.2010950710901747,6.828824170450838,82
Location #11711,2.349363032936954,6.732738351545175,64
Houéyogbé,1.9082426511674528,6.503487410364108,129
Location #16747,2.0305182489552216,10.974851124906657,28
FO DAROU,3.2472944952178255,9.690124409000411,160
Location #10802,2.413682835270777,11.665922267448934,72
Location #11235,1.8983316122412823,9.496179151511209,70
Namoutiaga,0.9512269404866734,10.458316275859664,39
Banté,1.9587505127721203,8.433977701997158,72
Kétou,2.522309436056601,7.288635966480391,101
Location #10856,1.750308096700392,10.017447093168139,72
Sontou,2.814542861996678,9.752010500246339,72
Location #11069,2.163150602515124,11.145623722773996,70
Toura,2.348530091689804,11.130724249915962,49
Ganro,2.8151647642224638,10.36650394891199,39
Takon,2.636104641541466,6.682852418768629,124
Location #16638,2.5841189100497934,10.092660386364777,31
Atchannou,1.7798826617514865,6.482699078076256,175
Anandana,1.3914138259149063,9.934710694824147,85
Tagayé,1.296307544736082,10.290863904148772,39
Kalalé,3.058132038021507,10.103452259367186,247
Location #5895,1.7548957960568639,6.505653214674508,160
Mamatchoke,2.0041075659030376,8.082759954287372,39
Nikki,3.5157304728329923,10.099178104332278,294
Location #14562,1.7846830530247602,8.584609817301397,49
Location #4300,1.0860274093949995,10.454427990249298,235
Agadjaligbo,2.1249346998721244,6.977914455922682,479
Location #6682,1.4740171166499305,9.924819207847149,134
Golo-Djigbé,2.254354054353589,6.505077523862591,77
Allahé,2.247072595997858,7.129480091447319,188
Kabo,3.0844188948121647,9.123878264446061,72
Takon,2.625638235885591,6.633053937973239,57
Songorogougou,2.3576170609177765,11.27860692271821,28
Location #9237,2.6675527746797845,11.412025553479241,88
Tchaourou,2.661052462550695,8.928587787271843,152
Tobré,2.113046308125466,10.12616229820579,1098
Sakété,2.65586179625259,6.8334365524549066,485
Guénéssama,3.4251445723322194,10.788989071459902,75
Location #16704,2.068129539659115,9.770367152527815,31
Location #16975,2.2203254712304665,11.164862803802569,23
Pélébina,1.6721019517530356,9.458988781352058,59
Location #15629,2.3930326405421014,11.128702920918364,41
Location #2947,2.239830711382655,6.766311524168323,379
Location #16854,2.326438744855698,11.102640753113253,28
Lokossa,1.814307284667808,6.6439213439351095,54
Cobli,1.03850121940519,10.517148696415926,98
Dassa-Zoumé,2.3912390592230723,7.712345738463589,62
Ouaké,1.4334728624589232,9.741115282232366,64
Sissigourou,2.8482292143228536,10.236817440390851,67
Lokossa,1.6209421989239012,6.64984304946197,438
Ahouango,2.0211743869242724,6.656786969622473,10
Location #5843,2.0450896947225483,8.438285497616421,160
Saah,3.0539545662582195,11.174003652719305,88
Location #4839,1.5136653598324943,9.795782884498509,204
Dassa-Zoumé,2.3245733016420957,7.589479190612352,175
Houéyogbé,1.8800584063234156,6.497371692070476,196
Tchaourou,2.335942717855942,9.25362217408509,75
Location #9111,2.55517984113451,11.59973698095713,90
Kétou,2.5565290178694817,7.247727047128561,580
Perma,1.4154996770912294,10.109630160382894,75
Barei,1.583752455061527,9.657236618285092,41
Location #15423,2.0920353126360864,11.036415931580638,44
Tounga-Yacoubou,3.705410274483295,11.030515146244754,536
Location #10179,2.3996381280658396,11.575475970741044,77
Location #15314,1.8953129080930542,10.032541928969385,44
Location #13203,2.6246203091292792,11.531186528361642,54
Tchaourou,2.6900335286579833,9.118839871951485,59
Location #5591,2.188419148698325,7.4094011774538675,170
Cobli,1.0716217484022277,10.46670705532232,85
Location #8600,0.875103199210835,10.414179748034826,98
Mondoukpèhokon,2.024386266227899,6.376824693564852,90
Ouenou,3.4303653205879714,9.892802140173247,52
Natitingou,1.3421504890635807,10.310129811252182,54
Basso,3.64633963908535,10.551301522841152,23
Location #5435,1.7753765198652152,7.379854615753601,175
Kotokpa,2.200665774980518,7.106480878710245,67
Kalalé,3.2114034745724225,10.41085927286551,639
Toffo,2.0625094864692635,6.777562992304966,52
Location #9018,1.893795670807221,9.888925961773657,90
Savalou,1.8835205208280714,7.764588089064936,345
Ichaagba Adoundoun,2.627630434819473,7.1131700297681215,59
Nalouhou 2,1.6285923702930312,9.772973956437585,59
Location #16208,2.2476825040021384,10.922334999533822,36
Pobè,2.658784928018109,7.043220803472119,98
Location #11018,1.412104238279811,10.66611100757501,70
Location #13413,1.5868978367900786,9.407951476511947,54
Location #13374,2.5420799211531415,7.011754833624326,54
Ouara,2.690486426891464,10.651374119179835,64
Dédomè,2.0302570949906995,6.552701336626244,211
Location #8622,2.438711151319187,10.93009970638663,98
Location #7033,2.3310920439470104,11.032041278946402,126
Location #12665,0.9620200414672991,10.86271572698376,57
Location #9924,1.697185980361063,9.893532140336884,80
Location #4007,2.2471238121321337,6.725696765681336,255
Sayakrou,1.9683104345338136,10.350587799921938,59
Dassa-Zoumé,2.478258659531505,7.674143954983403,173
Kalalé,3.260227713418644,10.304763851823331,88
Tchaourou,2.4784512143210495,9.246575725585464,204
Location #15033,1.2638341856449307,10.15556367775416,44
Ouenou,3.5421625936558625,9.943793999696569,652
Tchaourou,2.5649866697933317,8.922493071113701,348
Kouandé,1.8385516056892603,10.370110310724073,28
Location #7271,2.6437583097260626,11.434054974985065,121
Location #14252,2.8001631071165987,11.017429713885283,49
Sakété,2.7005684677836603,6.716631874376004,178
Dassa-Zoumé,2.1907047615948367,7.857258005095048,1642
Karim Tounga,3.2697199374756694,11.93848898426471,307
Location #10646,2.0320976975052067,6.542400541237332,75
Tchaourou,3.018024441795227,9.203234906143177,242
Bopa,1.9700486498961287,6.617704576168034,204
Natitingou,1.3580401150238883,10.176271906297456,39
Savalou,1.906004582386255,7.914805387913699,165
Massi,2.205139053840044,6.932451260890001,59
Gah-Baka,2.4441144153397643,10.202342174785608,330
Natitingou,1.4227244444064735,10.337480658322804,108
Location #15516,2.263922305732216,7.3406787401414775,41
Djougou,1.5861819986731684,9.603494958040312,111
Yabadou,2.5178464356553145,11.51171981929543,41
Dogbo,1.8052806613100065,6.762031285461136,608
Dogbo,1.696172387748039,6.7164018637846405,149
Location #9912,2.6893715041078465,11.441644342938982,80
Sinawongourou,2.772925145715108,11.113448411586257,106
Ita Olaègbè,2.6152171367794095,6.951282344557167,46
Location #12391,2.216261972823899,7.136120336485508,59
Grand-Popo,1.783667417631052,6.372083408250194,93
Takotiéta,1.0841422889563876,10.346033007549885,41
Nikki,3.3756235561662087,9.998792849380466,549
Igbomakro,1.8738022952175055,9.069670012381781,21
Ikpinlè,2.6483226847010193,6.883582005396133,82
Tchaourou,2.7373823681004628,9.136060876583349,46
Gbéniki,2.3149078921750994,11.314676550664764,26
Goulé Sidi Pépa,3.820635870989956,10.6753446279973,75
Location #10466,0.9344195432157782,10.320030796704486,75
Location #15174,1.0533744683629565,10.562445375101385,44
Assigui-Gbongodo,2.534245703850103,6.729957834901018,52
Gogounou,2.805154788285147,10.830168148764043,46
Dassa-Zoumé,2.085392514835627,7.6543866121143145,425
Tangbo,2.2657815944452926,6.62740553630258,376
Location #3099,1.8686091599506767,7.531392996716981,356
NALLOU,2.9109695604023416,9.930641180146063,454
Sonsoro,2.7936270869896447,11.081707063280794,95
Gounarou,2.818790776733078,10.874764175614708,36
Koalou/Kourou,0.9551257937705572,10.998867427717983,95
Tchaourou,2.5105290594664122,9.149874824580314,126
Location #12899,2.81048160988037,10.607114027013495,57
Djougou,1.6830986735661864,9.7359879591588,148
Tamarou,2.6538006241059526,9.768787948435003,67
Location #5965,1.0154523981553878,10.908884607544534,157
Location #7263,0.8883080902816707,10.381846434852571,121
Location #7785,2.1080011596436847,8.142952380595176,111
Location #7643,1.8257894655662763,9.169857179235613,113
Parakou,2.543372412373299,9.332966749298418,49
Angaradébou,3.0328563871701344,11.300886229086164,67
Location #5644,1.7249956405674656,9.895879941053186,168
Kossou,2.0533242351850896,10.653387645467706,52
Goumori,2.1851835880247616,11.13609449307571,28
Djougou,1.660940242579855,9.745274109760738,379
Yoko,2.6120019948062767,6.765482875770774,85
Pétchinga,2.8522735535080432,12.372198059402514,101
Location #3095,1.9745248887069005,7.26089598691048,356
Bori,2.4499025015205134,9.749956685586309,63
Location #3906,2.185659723820577,7.201290496260662,265
Tchakama,3.2947398705250666,10.914471721388663,41
Mékrou,2.2124991658036737,11.328601179307707,101
Poéla,3.431042976176054,10.819057357549799,49
Ouéré,2.7828370946513563,10.783340014734105,70
Kalalé,3.4479564895142345,10.206349193913738,28
Boussoura,2.9110530779914954,10.372817674853852,52
Location #13185,2.188796812096129,7.366073555346261,54
Location #15302,3.1516550970792205,10.70515035892904,44
Houéyogbé,1.8755845007503982,6.523348327726977,77
Bakou Bè,3.4044824873310255,11.149348059550496,54
Honhoué,1.8931679567727484,6.525816957437165,49
Allada,2.0634756902091067,6.7095746277805945,108
Houéyogbé,1.9159582593727458,6.504228646536371,214
Narerou,2.33692954785303,10.11269761801708,44
Dassa-Zoumé,2.4434329705030384,7.577298913899645,64
Dassa-Zoumé,2.1669328374978867,7.633964384175495,763
Téparè Sorè,3.0469548077011277,10.15416559079029,1704
Location #9554,1.8581774116428502,10.189086024735984,85
Assogbénou-Kpèvi,2.036373119739695,6.362410072001657,134
Lobogo,1.9354643122619999,6.737861780783143,134
Location #13621,1.7566221513898768,9.885543334581424,52
Igbo Ougouchi,2.4992356252300385,6.916393985554079,93
Location #11666,2.84528213471022,10.977225360270813,64
Location #1839,2.574190176223078,6.664927577326958,647
Gninsy,3.061819508578104,9.672042938990352,67
Location #12536,2.4617864349114487,10.93721961704494,59
Kouandé,1.5863091326905676,9.893062718058083,541
Location #5961,1.8533350084758793,7.464105355945006,157
Dékanmè,2.00593841318523,6.553343610879443,204
Kouarfa,1.562602266260564,10.573027985363362,438
Koya,3.0389854352251406,9.480382775941388,111
Tori-Bossito,2.0890411154708013,6.494716853127724,134
Bonhanrou,2.447777436843767,11.346771343243581,36
Kétou,2.6642998664894275,7.201460527279403,113
Location #4058,2.2643236423122146,6.797549573293715,253
Béroubouay,2.7797505590435674,10.567296286614882,129
Kalalé,3.171841345027811,10.382731254693818,371
Kérou,2.0999795788993074,10.917543957573349,173
Location #17142,2.4954961666081052,10.97963918895547,18
Erokoya,2.288605967059195,7.877791606276126,1438
Doutou,1.9442453313118955,6.592050683332217,325
Location #3265,2.0048638571477864,8.229897947157912,332
Location #5386,2.3245863191152107,6.768272453997168,178
Bopa,1.985661645633898,6.662153239633958,314
Savalou,1.691860690510252,7.735573378234111,155
Kouandé,1.5674117432140178,10.287617071930079,129
Lokossa,1.6420293023382815,6.70988990290276,369
Cobli,1.0002573027348738,10.598996053458656,624
Yékéna,3.1198364214290017,10.041266209980924,93
Goumori,2.3306693791018303,11.106323740237828,44
Pobè,2.734348072476393,7.166546966463365,134
Kétou,2.6685861640029183,7.6555611049583465,2098
Tori-Bossito,2.217684828568152,6.62104423674584,72
Dèmè,2.163712405043626,7.061018461584897,1923
Savalou,1.742352632553913,8.284622000259523,62
Boko,2.6100299628937895,9.512126431474545,80
Dassa-Zoumé,2.052591725232497,7.675388026729594,93
Toffo,2.104374152255783,6.8245113215352315,106
Ina,2.6773544594631473,9.975871771240936,34
Location #2977,2.193241927917789,10.162594717162094,376
Location #16377,2.165087453060381,10.735093484680961,34
Location #12102,1.8148816368280158,7.254114710624747,62
Kassèhlo,2.023931993046009,7.309273208555558,358
Tchaourou,2.9947993761551825,9.21282595725518,162
Malanville,3.2157737935171262,11.77454408489964,3474
Location #8068,2.7399970066970463,6.857989135899111,106
Gouandé,0.9162842696903348,10.780835998224163,658
Kalalé,3.2183211662948787,10.388532433878979,240
Kikélé,1.6901607127903178,9.009312546057428,98
Guéra-Nkali,2.902810969197128,10.277552342494344,41
Za-Tanta,2.156591704527944,7.265897823471356,5402
Kouandé,1.4996496529062702,10.047769718858039,80
Takon,2.615114571102462,6.62828023666228,49
Coussi,2.147098308438454,6.836609637412227,157
Sandilo,3.128760089785656,9.533032818443477,62
Saramanga,1.8150451110874701,9.20914025949701,44
Location #7851,1.0308688038028089,10.243331035282436,111
Location #14625,2.311507046436559,7.31760198788166,46
Lokossa,1.607347599148515,6.66431545140324,67
Koussoukpa,2.2803536989166187,7.088023153291752,46
Guèdarou,3.061001376139734,10.939939966603843,85
Dassa-Zoumé,2.319932755403079,7.690123725912833,168
Ouaké,1.3843779048134568,9.520891712416695,126
Tchakama,3.296092695656271,10.918670005369785,41
Tabota,1.036656413537198,10.40558621547101,206
Kokiborou,2.332258447757522,11.194903855224403,28
Natitingou,1.310340726727577,10.397948758587408,250
Banamè,2.2691800104230975,7.601384784681022,291
Location #4276,1.130691681898817,10.415874993941664,237
Ouidah,2.1202144873836777,6.336290657801511,49
Location #11412,2.8772425734403333,10.513679287332057,67
Bafounou,2.53267459602982,11.44177719810328,59
Parakou,2.6479395288436476,9.39368431736639,193
Hio Houta,2.257058744690595,6.345324960921455,137
Banigouré,2.763876877549913,10.865826252501577,1232
Gourékessor,3.3148823227597046,10.939025066369954,90
Cobli,1.0402269154437316,10.513294689955057,147
Tchaourou,2.7515654290775013,9.216443767263671,77
Koutangou,1.0944820253187626,10.36808029005125,52
Sini Kparou,3.1266405256245355,9.3756567190092,59
Garbey Koara,3.0446756057113475,12.183107833527796,1369
Location #8451,1.9132512388610128,9.632348194237574,101
Location #15055,1.253460387113005,10.166450413049185,44
Kouandé,1.6876301668463263,10.287970054861855,46
Tanta,2.25190016917244,6.66348197042993,1474
Kouandé,1.596502017910625,9.987322952061493,46
Location #8892,1.5807406686436503,9.884332424522002,93
Location #8601,1.3619264808225866,9.97157118347751,98
Location #8412,0.95899565450815,10.993046228168566,101
Location #17032,2.0703801962178696,11.068973254236747,23
Boutou,1.5219170265394313,9.425874076144048,62
Tchaourou,2.5243149941317418,9.270960804674525,57
Cobli,1.0539918055931468,10.471953251935455,142
name unknown,3.01153341632043,10.17938679342137,291
Nikki,3.2701818292478553,9.94410843681575,28
Location #6478,1.8532285665212975,7.387908797557343,142
Kalalé,3.0997988595109565,10.24127305685144,147
Savalou,1.7208751674147746,7.657577184494851,119
Location #11878,0.8745987938074321,10.33816770224848,64
Angaradébou,3.078339043910228,11.414990686572303,101
Saonzi,3.6243570783598056,10.70489600964387,70
Location #13002,2.733797812219971,11.042585118209534,57
Camp Peulh,1.706557266532919,9.041051110694003,75
Lokossa,1.8149815047236175,6.700174207539252,82
Sèmè-Kpodji,2.67701131799749,6.4556832449392045,920
M'boroko,1.769134029010604,9.160238435710626,62
Kétou,2.471331980290136,7.254902010339939,363
Ifangni,2.719298299724969,6.7349358924672496,64
Location #11768,2.638306699723978,11.51228131198027,64
Location #10844,2.1187004973365635,8.424342585352047,72
Location #2177,1.6991512158300015,6.5849527301695945,539
Gakpe,2.104972094733032,6.464224441277614,358
Location #11951,2.187507840464981,8.35602926868181,62
Biguina 1,1.6357856074661172,8.677532300606957,108
OUNREA,2.995362801312633,9.907347353380572,363
Location #16420,2.197544128551914,11.178053520218622,34
Savalou,2.062968324692122,7.551614027427513,193
Kouandé,1.7137642724114448,10.521280973878707,57
Tchaourou,2.672095339772759,9.1781939265667,41
Location #2683,0.93463905508178,10.783030119409277,425
Manta,1.0954514508046875,10.346128986996527,39
Sinawongourou,2.8027617423186797,11.091498217360826,57
Location #14950,2.877045047885601,9.435978105069266,46
Dan,2.0698966353309785,7.488371239235165,90
Tabota,1.0412526244242128,10.41020939470363,34
Gomè,2.03145558839549,6.367077168793583,1075
Damè-Centre,2.2061778152328055,6.8258321263723145,80
Location #11868,2.3209301819982855,8.19969445835622,64
Location #10103,2.8166165777736656,10.995743591905555,77
Toko Toko,2.047952198405315,9.748823275126066,546
Location #11828,2.421803800380949,7.33283414223775,64
Location #16498,1.8591835816043931,10.129973926262341,34
Tchaourou,2.444664611824063,9.476044501074382,95
Location #4309,0.895165848202563,10.346344884867078,235
Location #8292,2.437845447687214,7.951929789314659,103
Kalalé,3.2917776496906765,10.387455960111419,126
Kpinsoro,3.591869411047297,10.895307353501819,52
Savalou,1.9657011934574813,7.725164286322283,108
Ita-Djebou,2.5847668102351467,6.807914132517308,67
Antéré,2.968528343147465,11.333076396410473,57
Bouroubourou,2.4147221160496555,11.435248670422714,23
Gogounou,2.815274230406329,10.871795420538831,103
Location #15839,3.5213805041799304,11.178203344630013,39
Location #11652,2.0346197751336312,8.42931157282605,64
Datori,0.9180101142597978,10.375585866956294,67
Dédomè,2.0239816562061326,6.571224274875838,144
Location #14789,2.674585747115493,9.5276899653921,46
Djougou,1.7011838515158137,9.643325968660742,41
Location #2107,1.8616393673375768,9.76174598621076,554
Tchaourou,2.7234879134127246,9.184977951086221,157
Ouaké,1.4735741818735757,9.530486800655394,85
Wassa,1.584618002583777,9.45338308318937,289
Location #3998,2.031288537117053,6.488233441060091,258
Location #15158,2.0315705902945305,10.90948801699716,44
Barei,1.522827998004009,9.708378678766042,157
Tori-Bossito,2.093483139230733,6.53782459285111,57
Tchaourou,3.0868850977517868,9.301089642911249,64
Banikoara,2.4706649705497754,11.25676864396583,155
Ten-Dora,2.31024412745181,10.217105141464755,869
Banikoara,2.4673652266297137,11.165557191987707,34
Location #2437,1.8892371698935098,8.128187886525994,472
Kalalé,3.2406364215849472,10.36563208968331,36
Natta,1.1174924154176882,10.208661748070657,62
Location #15357,1.362609835816092,9.993649053359434,44
Location #15990,1.7877521633998161,9.093961301250769,39
Ounet,2.403368751735121,11.24191984809911,106
Allada,2.138741039514564,6.759273208732204,170
Tchaourou,2.8865542013101235,9.225509449453204,72
Wassa,1.63079467889951,9.50873202757842,552
Malanville,3.314585778857064,11.757518477758564,2162
Kouandé,1.7822709853606484,10.713476289949682,26
Ouèssè,2.58129251031377,8.484547592034739,49
Ouara,2.6111723314334676,10.701187751188185,77
Nagayilé,1.5881108629286127,9.321017860431478,175
Location #4240,2.3159634897957586,6.801755587932838,240
Location #13900,2.413132306166576,11.48076335512507,52
Location #16398,2.0095087016695308,10.557053057011302,34
Kouandé,1.8356082409061438,10.833109557073989,106
Sompérekou,2.501333582930943,11.340023446298028,49
Gambané,2.829175937554332,11.057128444977534,72
Poto,2.5613737652187183,11.314979784140755,36
Location #16380,3.168375026450133,10.902898777059868,34
Manta,1.1073418710045235,10.398410105865512,1070
Kokey,2.5764038581848294,11.32247114301767,152
Boubou,2.4416284103075587,8.116151391976047,2039
Pobè,2.644678242760272,7.102535435769864,88
Torioh,3.1316890576169425,12.122671964979359,224
Location #4457,1.29625684377504,10.548831727922128,227
Dassari,1.0926174537164919,10.773817221578634,562
Ouèssè,2.418427057079444,8.373342186736794,52
Kotokpa,2.2004024353136664,7.1010755653314375,49
Za-Gohoumé,2.2636301056945403,7.177057971339041,3286
Sissigourou,2.8678463490725155,10.236948834043963,1771
Sombouan,2.6394940983302835,10.524779222544037,1018
Kalalé,3.0809365165419687,10.275267975586608,549
Tchayagbangba,2.5987782613624058,8.14610075355345,198
Ouenou,3.4102129342701812,9.952911184764915,173
Douroubé,2.7062492802831044,9.421426755888305,77
Location #11529,0.8948584292342248,10.51420927392521,67
Natitingou,1.454857933160152,10.347773712674668,26
Location #16934,1.6824872899833778,9.944120373368266,26
Avlékété,2.198129414321009,6.350372679720868,162
Péonga,3.2808875436720637,10.34104658750092,70
Location #14393,2.7940419918921564,11.012710251880364,49
Cobli,1.0139396683325128,10.439185318651504,129
Savalou,1.8192753757344067,7.816852815356806,46
Golo-Djigbé,2.2640601338781607,6.519897690780109,39
Location #8457,1.883007091357316,7.6276714124897795,101
Location #12280,2.353258159464027,11.0768665486856,59
Doh,1.9395528256459227,10.326878285193729,52
Dassa-Zoumé,2.396316585937844,7.505077796208599,265
Parakou,2.541936013133771,9.32735228317846,119
Parakou,2.5358452299500556,9.32674042364329,255
unknown hamlet,1.7630121700810548,9.218667591531068,62
Kouandé,1.8174816095270903,10.114067298991404,90
Setto,2.1509600566957974,7.502505263810173,119
Lobogo,1.9015906491793786,6.659030177486137,113
Kpebera,2.6991716246574184,10.433102481713785,183
Dunkassa,3.1264799933647893,10.363892678343113,88
Ita-Djebou,2.581457251187181,6.831384418693895,327
Kabagbèdè,3.0762627043158814,11.34600135990262,41
Location #6149,2.9488397353839373,10.915634990696239,149
Tchatchou,2.592707376452952,9.116422745510864,168
Location #15982,2.0525072009685954,8.500092856523667,39
Tchaourou,2.683352265283497,8.90943674163304,85
Materi,1.0910055616000776,10.685364851938132,111
Djougou,1.5112227410450352,9.723841468368025,768
Kouandé,1.68568074994075,10.023973770512114,64
Ouaké,1.4063087670275658,9.68740110679297,456
Savalou,2.0720301964957057,7.816006631963014,804
Pouya,1.5163209247797866,10.247041843243935,95
Bouratébé,2.5926299869316427,10.461634342914023,129
Adourekoman,2.2739941100825845,7.908913869620742,98
Location #13589,2.1264495106242154,7.240892648244235,52
Location #13120,1.9090922084529962,8.295170028125362,54
Location #15840,1.1716716680495542,10.543020280016526,39
Bohicon,2.1119311227825874,7.136638825338492,54
Aifa,2.287826627783535,6.769721450024407,379
Bopa,1.947804880339589,6.719012413772406,57
Location #11242,2.279563411225762,6.8125611177714,67
Location #9775,2.7029769812877595,9.599515877161135,82
Taïti,2.818243841731491,10.322545996089339,93
Location #16628,2.4690370765446765,9.571046584598474,31
Tchaourou,2.6999142361567605,9.2455263551948,88
Tchaourou,2.675181936198205,9.021939037162651,103
Location #13814,2.7642867544644756,10.956204043974497,52
Location #16018,2.248516414850111,11.149341737752906,39
Location #7797,2.4160034172471785,6.991230456842701,111
Diepani,1.650233598722597,9.11679781120867,44
Gbéhoué,1.8964150842322567,6.363062459960838,451
Location #5706,2.1743721386529202,7.397584458017528,165
Location #1539,1.3476154870856987,10.619451113592959,794
Location #11685,2.827999348586174,11.020855934264365,64
Timbouré,2.576408450477779,10.425388854231558,544
Ouèssè,2.490326877238428,8.731741014436222,126
Location #15692,2.174757481015617,11.20767580034072,41
Sé,2.073745967626723,6.745058046437848,2036
Tchaourou,2.3654391448189127,9.102318904723482,137
Tchaourou,3.0044077238553855,9.231542391490967,57
Alafiarou,2.6672773149070816,9.401966746233544,111
Location #5721,2.727156782007182,10.627624368372379,165
GNEL KIRADJÈ,3.458248252465205,9.88502128978163,222
Tchaourou,2.5573592181853018,8.821124313018172,57
Location #11958,1.1778333590768582,10.191927026952824,62
Grand-Popo,1.8758473473065178,6.288243170724575,72
Kandérou,2.526288189669255,11.514917297892927,72
Dassa-Zoumé,2.2985334497127523,7.738307228459461,54
Dantota,2.0732996376873096,7.299430215724504,88
Savalou,1.6600493590136975,7.956323391019393,312
Mékrou,2.211471352209731,11.338459267914915,204
Koguédé,2.1587814062649993,7.21668361917695,673
Location #5830,2.023239014219823,7.424198788149568,162
Location #1654,2.1867216929481663,7.315133305216185,727
Guénélaga,3.456997952749208,11.227853041389622,57
Zoungou-Pantrossi,2.975334260343286,10.773915093803046,52
Location #7351,2.4170181298004967,6.729923407548055,121
Sédjè,2.346654696866289,6.729587514304925,265
Sé,2.0879469067985816,6.75080261359744,631
Savalou,2.1409258304733156,8.151872505892202,528
Location #10412,2.0112074385449508,9.39666306503342,75
Savalou,1.8722553415659144,7.912524529333094,80
Location #11879,1.7994002882994573,9.40403280201481,64
Tchaourou,2.337041810817461,8.909432123783578,191
Djègbadji,2.0732396280347944,6.327507539492461,70
Hio Houta,2.248706532460077,6.348364281755389,165
Parakou,2.6349486237411632,9.420993939177615,255
Location #4937,1.5783861124765366,9.95534201717415,201
Gah Doti,2.605624799778871,8.051154572639124,126
Location #3348,1.1857649896771156,10.477253476138591,322
Location #11224,1.6447775073416773,9.345000589821346,70
Aoro,1.681009493142387,8.820385275170215,57
Dantota,2.087190754919918,7.292948350486792,451
Location #13892,2.9647062972343283,10.84344909315667,52
Tanta,2.137744404902138,7.26192913686253,371
Dahè,1.9418798344092867,6.540718412853473,201
Location #10107,1.9114710878306986,9.80184720226772,77
Kpénati,2.3934573197787707,10.16304426302953,77
Takotiéta,1.032006946143269,10.295901261631023,255
Location #12509,2.545480476207482,11.212886102860546,59
Tori-Bossito,2.197741839981421,6.492229223596062,57
Honhoué,1.9248703396176523,6.556048352777791,52
Affossawogba,2.122763231812413,7.302909864458952,258
Location #11941,2.7742120411274507,10.967607090757438,62
Dogbo,1.8544693023368046,6.761797649453222,49
Location #6171,0.9571839593774232,10.602980832753609,149
Gbégourou,2.694784457656362,9.461393522597971,64
Doutou,1.8929433672957594,6.555513801762764,72
Location #13511,2.5759011432091157,11.43234091238573,54
Diguina,3.60763341344598,11.14861345542332,52
Location #16221,2.4414331019770215,10.790587074878003,36
Location #13425,1.94823205650703,7.443021903064682,54
Yinwonnou,2.537536014152737,6.823309592886363,41
Location #12982,0.8767810696788565,10.352675667814381,57
Location #16555,2.5726576754839217,9.567141227557217,34
Lobogo,1.9051680688570007,6.595323422307729,103
Pobè,2.6659599602147317,7.152519600504515,165
Manta,1.0866841260002083,10.307488340164296,353
Location #15703,1.6202851377477652,9.95195718919752,41
Location #4654,3.328999376617811,9.803309111699745,214
Gbéssakpérou,3.0361512804896713,10.42538289836543,139
Dédomè,2.036396495240976,6.563173717491701,307
Tanta,2.235710757976445,6.696892685527034,93
Onklou,1.95527433326511,9.520075141137207,137
Ganro,2.828100802484257,10.362935815360952,80
Location #15441,0.8925220878557268,10.444183452182873,44
Location #10797,2.183898584169779,11.155152380784141,72
Dassa-Zoumé,2.3564919192762126,7.535025088980394,1059
Location #3880,1.119280293091152,10.733254685107926,268
Location #16995,2.5635262222301094,11.110455865332352,23
Location #16180,2.647507008988437,11.437941837197402,36
Location #5629,1.0331111337099261,10.237928850448377,170
Location #12277,2.658556028978483,10.46128100914756,59
Angaradébou,3.113302561354654,11.337930896410578,52
Location #12908,1.620383419342214,6.771082922367173,57
Location #7366,2.5688979553373255,11.6180859098028,119
Location #6061,1.6608976676425997,7.565004222321827,155
Kalalé,3.2606816687395823,10.440928954688173,222
Manta,1.1334312715586117,10.336526616231485,106
Location #11220,0.9018664995291729,10.546733667551532,70
Tori-Bossito,2.076379887806257,6.509093518707061,284
Location #227,2.5625611703820486,6.67926814915552,5139
Toké-Banta,2.388998098495245,11.38157094458671,88
Location #15574,2.163013699036012,11.053778495567329,41
Donwari,2.8333205614263166,11.122547694522526,90
Nikki,3.227347051916171,9.94526769755324,62
CHEIN-DAROUKPARA,3.026586386835402,9.832013932533245,972
Natitingou,1.268171551777708,10.304309875565522,101
SONSORÉ / SONSONRÉ,2.8581802399486014,9.909567393040978,211
Koutala,2.9015482588162524,11.301402276921586,57
Sompérekou,2.5058059089679365,11.290415463450211,62
Tasso,3.161221533491397,9.668026973079467,170
Location #15107,0.8490331772486389,10.5513113180907,44
Cobli,0.9748017326581425,10.511424311042711,134
Ferme Wawarou,2.067488193428333,10.878266211284027,26
Materi,1.069685138532931,10.733332405213787,165
Serou,1.7321472647191705,9.651752166856767,54
Libantè,3.6298649238075638,10.76485232739108,21
Saah,3.057549908872356,11.224291380673453,72
Malanville,3.1720499063672363,11.806479569693927,44
Location #1725,2.80830839800099,11.053644544165621,698
Location #9027,2.1244459127900233,8.140396453409444,90
Goutéré,2.1319121362948716,10.875882167674783,59
Toucountouna,1.3978325959981446,10.47544304517419,219
Natitingou,1.3213046994334552,10.42552302868149,113
Kompa,2.971556014293177,12.170230980864861,52
Taba,1.6708126090371223,9.260017143274304,232
Kalalé,3.184068272281906,10.364299149433727,224
Sakété,2.6841740237452574,6.701553984011608,134
Kpakpanin,2.6298181896152557,8.81769321166995,85
Location #10768,1.6098794808933838,9.208154398651512,72
Malanville,3.1160458310486745,11.499578461845354,49
Karhoum-Yaourou,1.437653514120555,9.816543381241242,82
Dassa-Zoumé,2.373980433945291,7.755863282494988,1851
Banikoara,2.405429985523319,11.148256977824778,64
GUINROU,2.932694998295262,10.030839901611447,46
Kalalé,3.080311115967107,10.182798779991321,330
Kétou,2.535498999868303,7.303857578447902,80
Pobè,2.6553705191157557,7.080724005054762,139
Lolo,3.076198452919968,11.272396359564187,77
Katagon,2.6057308525675147,6.616877203593131,4413
Location #8418,2.5267403664256305,6.669614092527358,101
Pira,1.6700874711508602,8.617883556680676,160
Location #5745,1.7633402372558002,9.959272678240373,165
Savalou,1.7292986440993376,7.521136487779667,191
Location #6629,1.7013143692353216,9.28949648137475,137
Tchakama,3.3015687494848267,10.910824047206008,116
Sanrin-Kpinlè,2.581611505464937,6.712319420528989,1191
Péonga,3.2683649553983627,10.367853196764772,46
Tchaourou,2.4580474594143924,9.176989182860588,70
Za-Gohoumé,2.226150351290031,7.177376171491764,173
Dan,2.0567698253191584,7.306522948558671,85
Houéyogbé,1.9121696263550032,6.500156212845398,436
Tori-Bossito,2.1136627460694744,6.52789011265337,64
Mamatchoke,1.9685498096807936,8.246097334060465,111
Location #16719,2.780205911578197,10.606188418056453,31
Sé,2.092346237413527,6.733789296833328,585
Djondji,2.0464180666755882,6.320966872220428,49
Pélébina,1.6669635704651726,9.502733327056019,165
Location #8408,1.835627803021441,9.641726213664974,101
Tabota,1.0421343976574866,10.376204344367265,75
Location #9769,2.028644443537923,6.522275554244351,82
Lobogo,1.8844552605173548,6.6903755497987145,137
Tchakama,3.283208214354283,10.981600133606875,405
Location #8883,2.351747010805317,6.7604956412034145,93
Location #6905,1.6676749013724137,6.786343644032637,129
Location #2481,1.7790265888554044,7.567680125833065,464
Koutangou,1.0889413435895292,10.350378125983712,36
Location #7952,2.5444355735398942,7.785061611814763,108
Location #15232,2.7555390039611942,11.276411513457841,44
Tchaourou,2.7461609805121108,9.199169886910608,44
Toko Toko,2.066724168726167,9.748844645901281,211
Bohicon,2.0963557359601173,7.152552480147724,49
Sakparou,2.9742406084928157,9.802391848303367,2071
Location #8768,1.3426332447044707,10.200025267188447,95
Tori-Bossito,2.1739892937691105,6.481119287912299,34
Location #17014,2.137601026851252,11.047954954637426,23
Location #6242,2.2038679815175515,7.13932624672639,147
Dassa-Zoumé,2.167900835631764,7.874399290127694,582
Kalalé,3.084259399316341,10.207503810080677,46
Onklou 1,2.0405428127080127,9.447010805388642,82
Tchaourou,2.448538824084611,8.85416740129126,46
Location #15570,2.5993188762248502,11.381923175016375,41
Malanville,3.2882821921590897,11.664145637029007,52
Grand-Popo,1.8431735389323334,6.298292000066533,155
Location #9926,2.6721739455669185,8.132178554501516,80
Ounet,2.4436279715466718,11.179003379165295,44
Grand-Popo,1.9722506051414526,6.322342373852883,62
Village de Detekpa Adjinangon,2.212368409222119,7.2640224452883375,41
Dofiapokokourou,2.2824607759600317,11.275613052386495,229
Pobè,2.687451775083953,7.070422696571509,31
Honhoué,1.9324324511473805,6.543698846585863,144
Boukombé,1.117142834790349,10.196006312636325,54
Assanté,2.267748523036667,8.148137254180545,67
Kpassaba,3.5660051262424646,10.911387719993307,64
Location #1280,2.120028877193636,8.10802630663328,969
Kalalé,3.2495496266828785,10.360135928082903,750
ANGANKIROU 1,3.2361299023266694,9.767459869038097,149
Korontière,0.9586338246309345,10.314446630332517,49
Location #8541,2.5524592256520453,6.668306683141423,98
Bagudo,3.4781256687827975,11.434266916338627,82
Tchétou,1.6219483300023343,9.150620953406897,113
Towi,2.558519702309524,6.915675675555034,1160
Korontière,1.0001822105915985,10.282563653531875,95
Location #3416,1.805266580192683,7.413071307265137,314
Location #11364,1.6672489109085444,9.33171890069119,67
Dasso,2.4382964551172748,7.017521524380561,575
Gando Namoni,0.7830071180566834,10.397741320405919,101
Parakou,2.5372197522757474,9.363311909525521,173
Daagbé,2.709640550670234,6.59326259181624,204
Gomè,1.9863754198385148,6.366718282712381,106
Tchaourou,3.0064179385353573,9.206033703383827,441
Aifa,2.2807243572663234,6.800670656939223,446
Boro,3.0239672137506717,9.48965321689208,67
Zinvié,2.3871888655999154,6.594804341688712,327
Founougo,2.5114893313606927,11.474287293987176,59
Malanville,3.348371572895683,11.874784301326684,222
Ouaké,1.446062679308161,9.465966772776898,70
Sani Poutapouta,2.904985865289925,11.238683234343789,52
Location #10853,0.9067962086293544,10.931626054766946,72
Kouandé,1.690360709375546,9.983930776796436,52
Location #11549,0.9316234989958954,10.867055572536337,67
Parakou,2.7003905581501595,9.269081328994329,124
Location #5789,1.991697205354018,9.988545334439918,162
Kalalé,3.2602211180431167,10.423053265792516,129
Iboto,2.483235004937919,11.441338635972382,26
Djougou,1.6500194757525033,9.615648734647944,675
Location #17054,1.8632302904152578,9.664165576346344,21
Location #4557,0.9096257514181796,10.476215221224194,219
Location #17133,2.0802367371811155,11.080325425287326,18
Location #4506,2.137245252518874,10.231042990119862,222
Location #7557,0.9006321381651394,10.356903788092392,116
Location #16777,2.58364757274723,8.056609636304147,28
Sé,2.0703478695459703,6.774993642774217,358
Za-Kpota,2.196387981594225,7.212324346990794,227
Savalou,1.963485947060527,8.05671860573634,1209
Bafounou,2.528819449716187,11.438303980989506,80
Bopa,1.9410556571368132,6.726559440157076,129
Ounet,2.4431104887781077,11.122153838033816,28
Location #2371,1.6935745750776934,9.904082184655636,490
Ayita,2.6254584379159276,6.694623761614783,72
Kouandé,1.6176225234579793,9.991240961818383,727
Dogué,1.9363570548181535,9.09018980213379,72
Natitingou,1.2537458494390123,10.347743900718463,490
Location #2757,2.0419852845385407,7.25893354156256,412
Yingnimpogou,2.451336050926138,11.502676393197284,332
Tinhourè,2.2324116404290537,11.014642583749168,49
Djidja,1.990527440493534,7.3695730489849804,111
Coussi,2.1856184649493127,6.902768553098108,41
Location #16033,2.6125461341028346,11.439085494582123,39
Kouandé,1.8015445713352904,10.229782804902111,62
Kétou,2.6575884207229237,7.392993784650589,88
Boukombé,1.1087735276025825,10.156031470263342,46
Kalalé,3.4713680945121697,10.212531991381576,144
Kétou,2.598065971943598,7.222455999826602,134
Location #825,1.3947930533359763,9.944440304813295,1505
Sakété,2.7192769668179753,6.758157539182712,108
Barei,1.5208725892736246,9.637387946861304,82
Location #13447,2.0624767019119625,6.508881998353113,54
Natitingou,1.4444651380546394,10.378681376439953,64
Ita-Ègbèbi-Alakporou,2.7258810571074306,6.911370706420987,240
Nassy,2.9587600845318693,9.59395823757734,54
Location #14069,2.628466970135864,11.449352510737492,52
Location #17069,2.4383264788923507,10.78477196591407,21
Location #16225,1.6545110654051969,9.133556338125924,36
Sinawourarou,2.8191044984048386,9.556542371131526,13
Kika,2.765388071416163,9.324252734240195,157
Location #6556,2.590226644058496,11.568258904812012,139
Towi,2.5407815587094555,6.909936616261722,1307
Bopa,1.9345497386955544,6.63787922028177,183
Location #3248,1.9602020216027076,9.65910632342743,335
Location #16999,2.3138516517376235,11.092425770778446,23
Location #16732,2.159912982404799,10.731742199500284,31
Location #16422,2.729049857374486,10.618288181818194,34
Tchaourou,2.314557145880368,9.050211940182432,31
Kassakou,2.89104643115519,11.102357871913789,21
Ouèssè,2.3871852265949576,8.207334998384807,88
Goumori,2.1991565111667324,11.220699190115578,39
Nikki,3.235022727801613,9.96593613342915,46
Aifa,2.313392097471843,6.779535113343659,88
Datori,0.8963947240137058,10.361639845448408,392
DANTCHA,3.1182445462172548,9.825901094583159,62
Location #13349,2.0773585859788875,6.458525327851689,54
Location #9574,2.7843899277039124,11.011632609525277,85
Téparé Soré,2.871597116987368,10.139801405112859,70
Kongou,2.926422280759185,11.200215279496842,59
Ouèssè,2.665523988401525,8.468389893859976,59
Location #6369,0.9017230324008482,10.615012725512559,144
Gouroukambou,3.135711434137693,11.9727124073452,162
Location #11775,2.005034060694956,7.2765072927128065,64
Location #9331,2.0145395841822054,6.525524370190639,88
N'Dali,2.7710479167328725,9.836705080537573,54
Location #4935,1.7657933747186765,8.166825935006667,201
Materi,1.1051110451883326,10.720861366541518,59
Wonsiô,2.8898635300490585,9.57750134873047,72
Location #14558,2.0690301962001514,6.840556233938312,49
Location #14037,2.154887883634239,11.003090243418667,52
Ita-Djebou,2.668666991036333,6.838497587518339,49
Nikki,3.5099765777804492,10.076175407789234,237
Dèmè,2.202735198402315,7.050903062857245,1601
Location #17066,2.380904797902169,11.109922738400316,21
Donwari,2.812462245920873,11.203057580930526,77
Tchaourou,2.3783068715733617,9.250414057150872,348
Tayakou,1.1968841594550321,10.551488065818331,389
Location #14440,2.5596299566552734,6.63571131733304,49
Location #688,2.3653437253462664,6.867054332699327,1796
Kalalé,2.9919841580581017,10.126135619790091,70
Tasso,3.3148783541588043,9.792230942322982,160
Location #1185,2.4127133410069854,6.69689793948423,1057
Kpota,2.0275581791787824,6.376890444371054,41
Savalou,1.8607150776392638,7.700929123120831,72
Ouaké,1.49749400190691,9.532390956626054,108
Kalalé,3.145690071703779,10.424584496768139,673
Location #13431,3.226995548394408,9.642217375118932,54
Savalou,1.6458855112663997,7.882153624553431,62
Location #16155,2.008509142379057,8.265488923615543,36
Lokossa,1.8397801124531534,6.726038951368962,124
Gouroukambou,3.1375969239295722,11.985741420684855,70
Wassa,1.5461528150329706,9.505434597770432,62
Ouèssè,2.5973265867396855,8.462736095207013,173
Location #14094,2.7302220636606416,10.620018608964152,49
Kalalé,3.788137096046143,10.557709663273746,101
Malanville,3.2418483087020453,11.771343299423313,2853
Lokossa,1.6769624940105765,6.5986055022294945,284
Location #2094,2.0981768536408785,8.364155696060287,557
Dogbo,1.8364736620414137,6.790778238069751,49
Location #4390,2.3060654494114607,6.759758306309028,229
Dahè,1.9434691567454243,6.527186421995809,73
Djidja,1.919533928621127,7.342395204278045,263
Location #13280,2.5960320249386593,9.43458359849713,54
Location #3867,2.7991229485088414,10.612694172343033,271
Location #16910,2.408426666637932,11.50941871121854,26
Pobè,2.750418398723847,7.074228936014723,827
Gamboré,2.1559534669526563,10.909841156406678,18
Location #5839,2.742862632159079,10.641380821133517,162
Tchaourou,2.538960868691134,8.834301879199977,77
Houéyogbé,1.8820781882292636,6.494871963249334,70
Location #5882,1.1848862573889982,10.116560987839504,160
Savalou,1.769110163835148,7.6801875101320265,70
Tchaourou,2.634287354482676,8.919379763408049,90
Dipoli,1.0055218195413966,10.441200448221013,108
Possotomè,1.9606296221272683,6.547367980031125,77
Location #15233,2.047756546676922,6.388782568444774,44
Mamatchoke,1.9852266403728958,8.006404332793682,338
Savalou,1.8368040399237466,7.874916791826916,224
Location #8536,1.0102773024743406,10.424610333402745,98
Kandi,2.8018461298026787,11.193558819500515,39
Location #15631,2.7012844343385978,11.059562542115597,41
Donwari,2.817033956709995,11.211441899726749,155
Kouandé,1.9227828976616765,10.680563267356662,36
Zè,2.32296753280923,6.712785734512006,838
Dédomè,2.0082356478244416,6.566969718530649,72
Parakou,2.6118206903020043,9.4291745984504,186
Location #11569,2.5519523587063007,11.338891933185147,67
Tchaourou,2.8441300247030386,9.393780908867132,64
Djoléni,2.0169996724763495,11.027660490436563,39
Location #14143,2.6653810633120494,11.434407673862546,49
Cobli,1.0160754106422958,10.52111300477244,75
Location #12417,2.5214034387679156,6.868462690180739,59
Location #4503,2.524280813813676,11.549768233840142,222
Dogbo,1.8089885521260243,6.782987859262593,98
Lobogo,1.9392123480929575,6.7627267112692495,191
Bohicon,2.125468019066344,7.1615745748792525,1778
Savè,2.394804626559101,8.00023761266329,52
Materi,1.0435559145139714,10.713288270833734,214
Savalou,1.7964445750441467,7.985075913470179,340
Location #2787,2.6734440428239075,7.736169911442486,407
Location #15986,2.743675580027918,10.986053303381773,39
Poto,2.5505424506654393,11.31260745447207,82
Tchaourou,2.504740839784709,9.417966340914397,57
Location #6393,1.7123794937385164,7.619939698809759,144
Gougnirou,2.4436725363364973,11.456911860506242,165
Gbéniki,2.3170165760691073,11.31258606013839,21
Location #13685,2.7840454770425134,11.439138115507419,52
Location #4105,2.340390840583067,6.6756987296175545,250
Alligoudo,2.1838354769751813,6.863956442621299,111
Dogbo,1.7372712840381244,6.827044096750081,985
Location #14164,1.79515338212609,9.814480180281752,49
Tabota,1.0228775526806568,10.416337675560566,88
Location #15205,1.8223529689244156,9.034843397765886,44
Avlékété,2.179530504205844,6.346682085669997,206
Dan,2.1170458670346934,7.362749408023032,106
Location #14571,2.5386101192901127,11.210714630761048,49
Banigouré,2.767586294933383,10.877355139513677,41
Gbada,2.504335228774462,6.638228791612095,1075
Tchaourou,2.608064717266388,9.030648004161753,72
Location #7796,0.9649169472412024,10.489769897059526,111
Towi,2.549341507827943,6.902592458047035,675
Dérassi,3.248412724894533,10.169261386923457,75
Location #6850,0.9297813905362048,10.52165815675329,131
Siliko,2.5542841016703326,6.800994027709626,88
Kompayizé Koara,3.014748506584958,12.24351185273041,101
Malanville,3.2171501835115097,11.876112913339561,121
Location #1901,0.8156070562759714,10.44246963774752,624
Location #8556,3.0056260748173735,12.12351411279743,98
Dan,2.0664156719270443,7.453741951280252,624
Location #16533,2.6599304450309225,10.473414799540672,34
Kalalé,3.555684113885143,10.465550694451922,108
Location #15625,2.597439277972299,9.904579803366415,41
Dramè,2.1603236548260125,7.283107924385638,1577
Grand-Popo,1.8420399868987518,6.371503714918515,52
Kassakou,2.91687416557254,11.082381310998471,85
Kotopounga,1.5213251067969324,10.310650989290552,41
Location #15145,2.987626928508205,10.82846384089834,44
Gogounou,2.789770001336104,10.822910026635725,54
Location #7480,2.1185259614534897,7.441044513764395,119
Agoua,1.9411771308624397,8.341977184465616,165
Boukoubourou,2.2546694707137283,10.969168606708772,52
Kandi,2.945689870461574,11.248693462636096,21
Bagou,2.777847318105574,10.826103290645035,59
Location #883,2.031062267972132,7.218821012132471,1407
Location #1567,1.1371318941882638,10.627752722097231,776
Aledjo-Koura,1.5157857738572003,9.377885180701035,72
Location #9938,2.5885904612935695,7.827330905735158,80
Malanville,3.3009686268176073,11.757696235615795,23
Sombouan,2.6398326337816167,10.517112570703564,67
Kouandé,1.5680319595294023,10.017379474901531,72
Location #4992,1.837055314988309,7.651465317937455,198
Lokossa,1.6523534440369734,6.698903564652316,387
Takotiéta,1.0711766826734155,10.325029820191192,253
Démè,2.506954540673279,6.683814715512293,1070
Ouèssè,2.7540948052464707,8.528939845425057,126
Location #6425,1.0870345825898369,10.420129098734735,142
Ouara,2.7385847036133097,10.697709991813014,41
Location #2260,2.322308152316755,6.725514980793769,518
Location #9809,3.021440109148415,10.359193806478729,82
Djougou,1.7287853767781747,9.735101032920928,706
Savalou,2.0844131088747146,7.543844949779086,77
Dassa-Zoumé,2.2613818351906882,7.541930897710792,31
Tchaourou,2.8694743868452703,9.198326879293289,1299
Dogbo,2.603403227029393,7.057725008312443,72
Location #4341,2.302965445612986,6.798009185240157,232
Ouèssè,2.456920394419427,8.374515639115202,77
Ouidah,2.08525311115275,6.4484421260224885,402
Gbérou-Daba,2.9625198973720432,10.224289867552846,28
Setto,2.0460718638250803,7.507491294531046,82
Location #14176,2.7247436913035763,10.990031770541275,49
Sèmèrè II,1.4153751631983067,9.505402394731714,59
Dipoli,0.9996857724904674,10.360747423201254,44
Materi,1.0856955836972482,10.710841229668304,31
Tchaourou,2.8179319914172933,9.25755275492771,46
Location #1294,2.6101152797505414,10.806182333931616,961
Goro,2.48980460329764,8.993820004199685,139
Ouenou,3.3073296187091867,9.869868454722734,64
Bopa,1.986669382764312,6.691058705701146,52
Kouandé,1.7030426145551971,10.5128402080268,155
Location #5164,2.0341473959840553,6.504139603927395,191
Location #7087,2.0569134909359716,6.4903973652516695,126
Honhoué,1.8941278737701883,6.5400853128402225,129
Zoungou-Pantrossi,2.9282333348969387,10.757545344148758,874
Location #1687,2.0208201368085876,7.290719400696021,711
Tori-Bossito,2.1375804884769627,6.548121170368752,157
Tori-Bossito,2.129376506171523,6.498547503253181,157
Dassa-Zoumé,2.4238646907239243,7.7602126494587145,57
Founougo,2.5466596777413137,11.457024436488785,222
Partago,1.9182832696786782,9.467239938572082,173
Guéra-Nkali-Tassi,2.885286104388103,10.32213824047704,425
Aholouyèmè,2.565969748989322,6.431535769046347,7353
Location #8970,2.057999423854784,6.760485158232151,93
Ouoré,2.1650361799789337,10.91502251169315,41
Location #11617,0.9085773926283505,10.321478050819538,64
Ita-Ogou,2.6647731712328073,6.895015091635265,44
Dan,2.0759366383332734,7.3884091537921055,704
Location #5224,3.1005213992412175,9.242615040448563,186
Kouandé,1.6699314625349992,10.034605004307739,44
Kérou,2.1444226944572304,10.820328423478148,62
Gougnirou,2.4610372911287857,11.474981331506353,268
Ouenou,3.5384797397131824,9.992210984086348,531
Location #4734,2.0923364048612556,8.244989273168994,211
Location #1329,1.577285768637181,10.611213339792073,940
Kétou,2.656417734285149,7.587035275273555,369
Savalou,2.00634432036201,7.832912473385418,111
Dimari,1.3434148296172066,10.354191578014454,36
Ouinhi,2.4948247479018377,7.098916767482149,57
Mani,2.9836539781427933,10.444137491410263,82
Kétou,2.5355312545997037,7.299097490591703,95
Location #15378,2.528278609574866,11.117869264223403,44
Banikoara,2.5289762075669477,11.209717493457934,134
Location #16181,0.914431048986973,10.703026796880865,36
Natitingou,1.4152939858125284,10.325131309875802,173
Houéyogbé,1.8227515092967845,6.657628399250075,691
Poto,2.5295829701782506,11.3502501338725,46
Savalou,1.6828216711658859,7.981644557009756,863
Kétou,2.6749602388853164,7.530981303961859,46
Gougnirou,2.445733017937684,11.420442241570193,67
Vèkky,2.484092731942565,6.5086615034421,546
Bonrou,2.9112446450743934,9.806106327987873,155
Natitingou,1.354165324135897,10.364776015868149,90
Kalalé,3.7663303844035454,10.56279376890935,34
Location #14528,2.274328817528158,6.734708617273555,49
Sèmèrè I,1.388982218558087,9.583419363863046,392
Kétou,2.517079201428858,7.243528490233429,72
Sèmè-Kpodji,2.5872832007470583,6.4324331787142315,6803
Ounet,2.4104610162567974,11.184616958990292,62
Gouandé,0.9166690133446761,10.775368933877232,64
Bouroubourou,2.407585435465041,11.448111598614213,59
Location #15993,2.851437861300221,10.976156209334256,39
Korontière,1.0022507487143852,10.307021835597316,59
Location #13680,2.279036655000222,6.764798372910073,52
Lokossa,1.6188993201301436,6.6623831754606035,634
Ikpinlè,2.6892336923516917,6.8934059332745035,144
Location #14269,2.7085589129913563,11.438786582974126,49
Location #10612,2.5706717557198075,6.63103672350768,75
Savalou,2.0706707546832543,7.857515840796793,54
Location #9119,1.1700116053233978,10.469669739414227,90
Location #8632,1.925622607736268,7.458429157251135,98
Gnanro,2.3885031481913215,10.374954234896183,98
Gah Yakassou,2.4542361188804813,9.77853568682985,237
Cotiakou,1.3030091747659098,10.592056817292034,3436
Korontière,0.9249341686988465,10.288400929563004,41
SINANGOUROU,3.147906150491967,9.778372627971326,103
Ouinhi,2.5154164582015386,7.124396690865251,57
Péonga,3.273168139439655,10.442572294852273,655
Natitingou,1.436149316786002,10.396365253691265,54
Tayakou,1.150989001242967,10.58727718059861,95
Location #12196,0.8140740177243997,10.683253001275613,62
Location #15969,1.071833236051467,10.556949547629527,39
Allada,2.0615467651955193,6.729534002648105,64
Hlagba-Ouassa,2.225677847946083,6.9871505801995655,1699
Gando-Borou,2.8219860337327742,10.202656349177683,57
Ouara,2.7132271682310427,10.608955227931428,39
Location #15175,1.982403140139041,7.436551265001218,44
Namoutiaga,0.9461165706361185,10.476225474485947,201
Lobogo,1.858128748209528,6.665765634766068,152
Sakété,2.6342995878425417,6.783992911253037,82
Takotiéta,1.1007170671276991,10.319373138607231,21
Lobogo,1.895131164260899,6.699220721531399,418
Honhoué,1.9249570593636613,6.539343575899632,57
Location #12928,2.588190036653495,11.41050831818251,57
Ouèssè,2.272465978240927,8.588959201549565,121
Ouèssè,2.723199962816314,8.446726229372167,26
Location #9583,1.6638836669476986,9.114871757918468,85
Kérémougourou,2.3154315965300216,11.333585323816138,57
Korontière,0.9922396912452313,10.306932926497158,39
Poto,2.546947384107488,11.311727941173311,52
Bopa,1.8932230409491182,6.719646563797325,77
Bohicon,2.0539925987788656,7.146384942267829,94
Location #9110,2.5728025558856267,6.6912505007609395,90
Tasso,3.3104569655254275,9.730215864860737,98
Location #9145,1.4848396879336072,9.65108552993865,90
Antéré,2.97591097539369,11.327987620531424,157
Location #10298,2.3215258378659387,6.8148575375739835,77
Kokey,2.549701643041083,11.414505023645168,72
Lobogo,1.8585695504247464,6.670254314467342,44
Wagou,2.415459108539868,11.25623393710972,72
Tchaourou,2.2997515710055385,8.885047114316812,10
Diho,2.5240711112207443,8.076830011037803,2028
Kétou,2.5330718133430854,7.307946199673625,88
Goumori,2.2084372645235972,11.213972789797447,59
Location #360,2.4549065413557027,6.5475371567758645,3351
Location #12516,1.7055415807171812,9.429298906068802,59
Kétou,2.590681057723255,7.265836994203063,49
Allada,2.184926176665852,6.637497792141987,46
Gouka,1.909379238039239,8.170865856193615,1095
Ita-Djebou,2.6245227127810264,6.766511163818111,129
Dédomè,2.050596802795729,6.502493948528014,131
Tchaourou,2.972059967257405,9.283920810954049,95
Location #12794,2.717656578470067,11.041847848802616,57
Goumbakou,1.6758304558186494,9.534406049910281,201
Diepani,1.6584166469345738,9.117108225137574,80
Location #6442,2.116212954501336,6.807587660072539,142
Allada,2.0796424552685226,6.648619373343567,173
Houndossodégon,2.144703190914761,7.4285175663807,54
Adido,2.556895629990159,6.85235376745981,214
Kétou,2.522881601602548,7.397446369093982,64
Gounin,2.52512589814245,9.852209213448463,204
Guénélaga,3.446975828027011,11.237984535648048,46
Location #6018,1.514278202321895,10.435591686814712,155
Location #8081,2.331041570908347,8.24223546008015,106
Malanville,3.2101907566819765,11.852675932662507,1289
Location #15584,1.6418112958774802,9.954481326518527,41
Location #16534,2.3942278943764945,11.084187624578938,34
Location #13705,1.7254723517178663,9.973747976374872,52
Boukombé,1.0699595384680167,10.192880531192813,149
Sinisson,2.7120916567846263,9.8035908221888,686
Zoungou-Pantrossi,2.969933819366026,10.735286125760332,44
Koutakroukou,3.075455927383908,11.034390191324709,93
Ouèssè,2.4588527703794503,8.471273098572532,52
Location #15510,3.5548203175556403,11.194902396268278,41
Location #16721,2.4140749212630936,11.025839774658115,31
Tchaourou,2.529532974173529,9.103949815539979,523
Houéyogbé,1.910766034895196,6.481006258145441,652
Touranyannou,2.3601965703469427,11.448724430510927,75
Kalalé,3.198382401147642,10.037064957949672,103
Location #12745,2.6128831166062385,11.441805036654502,57
Allada,2.0937457683955913,6.66157426697307,129
Tchaourou,2.8721179708146436,9.283558309312468,39
Dassa-Zoumé,2.1526138064641795,7.64129052795266,170
Kétou,2.6957174317195607,7.413971739141325,366
Kodowari,1.5589386268782646,9.225311836299213,160
Gounin,2.516869905627424,9.853605497306802,64
Location #1328,1.7048300126492968,9.856060227601224,925
Location #17144,2.261537515283859,10.889591426328286,18
Agonvy,2.5848728829434373,6.871811541463599,113
Banigouré,2.7419829747570104,10.84461258108859,34
Gando Namoni,0.7846496902455522,10.388754189330664,82
Kodowari,1.5813434917019606,9.173108142314687,49
Tanta,2.2503968288524216,6.692918978200369,255
Tobré,2.13970163451927,10.221219922623538,129
Kokourogou,2.288286309975358,11.255536642017573,129
Location #3091,2.4297391478992494,6.777523588498757,356
Kountori,0.9224203524668193,10.399306326823275,98
Tchaourou,2.460077521263387,9.094121873288309,144
Kouandé,1.6674059432575057,9.964642452891502,152
Tchaourou,2.4210762109814072,9.305694228315591,106
Za-Gohoumé,2.2335623473165027,7.1940067743929825,80
Kalalé,3.269108077784516,10.469206073657913,72
Cobli,0.9716811210959007,10.548960056277346,82
Tchaourou,3.1062725658438453,9.340499277981152,82
Bori,2.4586486440666797,9.731153469536551,52
Allada,2.2520443216942843,6.6429360601023335,59
Location #4092,2.071978691065955,6.490718982104195,250
Location #16348,2.1705174246669436,10.982888044054786,34
Tchaourou,3.1061058651265037,9.235025913438076,121
Location #9507,2.608611974895889,11.481914326108637,85
Bopa,1.9261998907680626,6.595800908581893,193
Location #8938,3.442776796363754,11.350855239546913,93
Location #15401,1.0642613172623403,10.589631111531084,44
Parakou,2.716007805607708,9.347585998329432,152
Gouandé,0.9946549389986528,10.728084119380007,2619
Location #12676,1.7275323631990978,9.956514417204852,57
Location #16892,2.197778916636603,11.224567202616793,26
Dossivi Aga,2.5563041474869284,6.709944748513994,52
Allada,2.1658168724789957,6.746628805477276,410
Sakété,2.586416640388847,6.781691416028547,353
Kétou,2.543910271666764,7.327971039067113,62
Kouporgou,1.1348567699652197,10.244503650931112,34
Location #6003,1.8032989998766895,8.44978699046175,155
BAH BORÉ,2.9219337685386693,9.883291812230231,52
Kandi-Fô,3.000132326232542,11.08984116234616,49
Sêdéssa-Alligoudo,2.177035903657502,6.83842551832356,67
Gbéssakpérou,3.0402007967443847,10.426180317303189,155
Tchaourou,2.3883140542622323,9.229548334125765,18
Location #15201,2.934231271188568,9.837983095812211,44
Kassakou,2.903479576004887,11.078771314517102,5938
Koutangou,1.0851752148310658,10.387340583940981,82
Banikoara,2.4779687961454595,11.154172594725056,49
Gbéssakpérou,3.0677242853230786,10.39771747114807,526
Banikoara,2.4301011760978337,11.42098122633331,103
Dodji-Bata,2.2729961316979663,6.682385862643264,98
Boukombé,1.0896353788242372,10.181929604671486,293
Gounarou,2.8001892550488323,10.887828965881795,147
Location #12925,1.9696913689568831,7.240396987941465,57
Location #15057,2.105379181211787,7.411770952834258,44
Allada,2.086169197503372,6.688731535888737,152
Location #14850,2.3966114610877907,11.4726128078483,46
Tori-Bossito,2.1618267330603387,6.553482887339337,531
Location #10678,1.1513674687393025,10.652051935353812,72
Founougo,2.5347850216432444,11.548996587458754,98
Lokossa,1.7578186415060582,6.673933899493783,59
Location #459,2.1854747147151086,10.795968596121275,3481
Tounga-Yacoubou,3.7041239244880577,10.985424224556178,80
Agbangnizoun,1.9231778628973202,7.059438571673813,119
Sakété,2.668178743823987,6.810549373872669,119
Béroubouay,2.737365395678565,10.520332610544967,31
Savalou,1.7718052979860226,7.80944820589921,217
Location #5314,2.732092365286005,11.447619428043023,183
Location #12793,2.161636283230396,7.351963510263526,57
Kouandé,1.682911243464709,10.062113818215067,26
Location #12024,2.425364824063026,11.471201156770316,62
Cobli,1.0030967362362255,10.514943410749346,59
Location #16414,2.4272578957994444,10.774679960484079,34
Gougnirou,2.4560232791631362,11.471743298983148,49
Location #7958,2.7536386205476733,11.434513786269283,108
Tchaourou,3.064273021694801,9.330549843097788,62
Location #1005,2.412410957531054,11.51586521818511,1245
Kalalé,3.1959855606435252,10.422695229086283,196
Banikoara,2.5859973615057026,11.2572935730849,54
Nikki,3.514540257722045,10.03302465615928,335
Location #4629,1.8607946166094411,7.329990092061625,214
Manta,1.1097184682180286,10.342834609292685,273
Kalalé,3.7410115531040806,10.617777053968421,46
Location #10168,1.5285559645072557,9.469518992139356,77
Songorogougou,2.34691965789262,11.32442140760903,111
Location #4467,2.3319335350800006,9.764723681516898,224
Saltimbara,3.7441608183097523,10.959793734969686,36
Houéyogbé,1.864071412458292,6.606332533088506,62
Dassa-Zoumé,2.266509546955018,7.549825248609844,98
Location #5503,2.045502306033063,7.318254149997882,173
Yingnimpogou,2.4948779296604613,11.513918098252526,46
Guinagourou,2.983583535204967,9.5441685916809,157
Kalalé,3.3546150227531735,10.289496300060947,116
Location #16190,2.4046500525491146,10.808760408257946,36
Location #15122,1.855242097281616,9.611258141516156,44
Dassa-Zoumé,2.436545303334427,7.577489309457074,62
Location #15295,1.1758431262636542,10.211890256848239,44
Location #4414,2.7270043653789924,10.62230045404288,229
Location #1684,1.3609717805675658,9.854329917714967,714
Natitingou,1.3965562504981084,10.29771852623896,36
Donwari,2.795476250709485,11.092302716665158,101
Dassa-Zoumé,2.4233477299506574,7.625536892730686,70
Location #13303,1.8160291902157608,7.3216337075398785,54
Location #2597,1.8861970813683948,8.10697235511416,438
Affèssèda,2.5996362852143258,6.910737736594136,162
Kavé,1.8960569180566793,6.367715914702179,52
Location #4278,1.8745871539452408,7.60857397814734,237
Location #13724,1.9150688094327717,9.798727977636437,52
Kikélé,1.6908320460080877,9.012929222183784,111
Grand-Popo,1.9148473547924756,6.32321301325204,49
Sakété,2.5952852921627256,6.778109065452086,149
Location #3711,2.822682802574252,10.933463841398847,284
Dassa-Zoumé,2.1866953932465636,7.831890830851162,704
Dogbo,1.871074767357263,6.811495585974691,322
Kpomassè,2.037500517941972,6.450978938746049,425
Ifangni,2.7006580584844517,6.664410768937273,387
Tori-Bossito,2.048494571503848,6.530455395314784,590
Barei,1.6197724526922845,9.66594511448859,82
Location #16142,2.853208324838708,10.936469977333289,36
GNEL DJAOUGA,3.3810295299175315,10.066705158886364,559
Location #16914,2.179296727436367,11.177907385000218,26
Kindogon,2.056471030973666,7.428129630379547,170
Malanville,3.222272485991167,11.891342850572192,93
Ouèssè,2.591676979471074,8.646617210136986,152
Location #4006,2.1190428871931877,9.75749277360279,255
Monta,3.0554489088305568,9.36648376441697,54
Ouenou,3.474168315843285,10.008238468555327,41
Porga,1.04225984535046,10.955632507706026,472
Location #15446,2.5918880959382324,10.893840195744284,44
Ifangni,2.7700634318119524,6.7205863001208055,75
Ahouango,2.043858143185815,6.6813008686132855,229
Location #14753,2.795975961100205,10.962787833359538,46
Kpadé,2.9194080417480226,11.006197742314551,70
Komiguea,2.4665145013606917,9.656765959828284,263
Gougnirou,2.4243642102324956,11.457054643240541,36
Lokossa,1.6480947376819262,6.67873838458666,49
Yingnimpogou,2.4045399073647533,11.567685014672582,70
Banikoara,2.457896962115949,11.270726454260968,36
Brignamaro,2.0407810857497557,10.74120503680962,57
Boukombé,1.1471682909814904,10.209746361352911,49
Awonou,2.5511892158371845,6.748865854281789,317
Location #5772,2.3833654279820897,6.609569313998865,165
Moka,2.700462375441838,8.016274098167763,474
Dan,2.026227689000189,7.357280730793533,619
Dogbo,1.6813058482541434,6.789233429134599,706
Houéyogbé,1.9106267687319451,6.5108346936153065,472
Grand-Popo,1.8059641294560325,6.35362636529839,57
Location #7108,1.8561244541324151,7.519571981926658,126
Soroko,2.3774101396567375,11.327186768874403,46
Ouaké,1.517550682739427,9.476928713923884,387
Gounkparé,2.986625292378271,9.476891624145347,44
Kouandé,1.675430788980463,10.068501753388572,41
Sakété,2.7284609425624473,6.802797499250827,309
Grand-Popo,1.9150130638396679,6.31871081108956,139
Dassa-Zoumé,2.1885323925637206,7.613046927902734,418
Bopa,1.8617206523512022,6.706700712260005,70
Boukombé,1.0695303485833794,10.182973626087323,49
Location #10351,1.7926322579919243,9.691799765017496,77
Savalou,1.9108373718993499,7.95289286702689,575
Location #10317,1.889200797801966,9.674702047540977,77
Gougnirou,2.441041397219051,11.473580544871373,70
Location #17178,2.0121277951520367,11.033033278892182,13
Location #12681,1.3854061072844779,10.606747871353566,57
Kétou,2.6534128561581563,7.37241562140782,67
Savalou,1.8765292838644514,7.680239735699571,62
Location #15482,1.8139467777272111,9.82710991561048,41
Dassa-Zoumé,2.288469690184914,7.715443335349063,39
Biguina 1,1.6400899813673815,8.795515865476847,44
Ouèssè,2.119043426862035,6.39546334493682,57
Igbèrè,2.0877930106176668,9.081640565547692,147
Location #4173,1.0986418975729577,10.423632681153263,242
Kalalé,3.1848456640221143,10.466116542177382,142
Allada,2.034560582538316,6.729484142296207,580
Location #11329,1.7907988118761735,9.350296897607917,67
Sompérekou,2.5326598544775267,11.265392973537317,46
Ouinhi,2.528851956844557,7.02814075172783,64
Gbèzounmè,2.052576188038784,6.343901886991674,250
Tantéga,1.0017117968024565,10.75648782673079,57
Location #7646,2.778464506352423,11.012318518799113,113
Malanville,3.2546324728186016,11.666883606216414,165
Lokossa,1.8059120267200885,6.687353213527615,70
Kangourou,2.072786911308271,10.760260132393608,175
Cobli,1.0145036597058776,10.460294734495266,44
Adido,2.556428333632118,6.838818181446743,52
Djidja,1.9818329447545306,7.35752158107055,72
Location #5952,2.076456088351555,8.49255278875519,157
Dassa-Zoumé,2.481521097028843,7.684283471728001,64
Location #16901,2.314375184971527,11.086016813213194,26
Yingnimpogou,2.4631935720810745,11.51796144053313,108
Materi,1.0865839984321874,10.715103268374154,291
Savalou,1.8910640389715847,7.7798980505446345,62
Location #10623,2.3590658762270134,6.819453224022998,75
Pobè,2.6743074547619687,7.141867319915223,183
Massé,2.608074600486144,7.206479746972581,304
Kassaguinin 2,2.9791615414761385,9.487365001990545,41
Location #17059,0.9823903397248991,10.391200572197004,21
Dassa-Zoumé,2.365235931265761,7.7902573451672525,52
Bagou,2.766608363321037,10.782799445474144,54
Gbéssakpérou,3.0157829107833494,10.409024898585542,31
Tchaourou,2.4953250541475813,8.894687600047748,77
Location #4157,2.214298832680752,7.137965063909067,245
Kétou,2.505281921958059,7.5745113783450115,62
Tchaourou,2.7145421056015766,9.091923763885752,57
Kétou,2.6371681684414523,7.280082172701213,101
Kpadé,2.906556982519406,11.002735566590443,72
Biboubawangou,2.2701509669027677,11.305901972263966,59
Bagudo,3.6627321954543555,11.154595352135313,15
Bopa,1.9873092992692882,6.696318768336499,843
Ichaagba Adoundoun,2.613696324516583,7.114151951909523,52
Za-Tanta,2.2005130587200705,7.255963848598813,490
Dassa-Zoumé,2.177986237854724,7.6044025740039745,1956
Nikki,3.4169661302125203,10.014940952853845,173
Sompérekou,2.543214687130606,11.293715760328697,54
Alafiarou,2.5101659777925693,11.53398018800218,168
Sakété,2.7310058335526866,6.734319122316653,126
Location #15239,2.8570584152267133,11.02502392686534,44
Malanville,3.1736367241485324,11.419321750655243,227
Boukombé,1.1407325532313057,10.211336808131753,54
Pobè,2.760346629113118,7.143282505882085,72
Cobli,1.0102769815767645,10.549578007394935,281
Pélébina,1.6797659609821491,9.44807133897973,155
Ikpinlè,2.6505035227688434,6.876193163115485,224
N'Dali,2.6975031527423603,9.87243095262245,57
Location #6774,2.281829338480514,6.760512248852039,134
Location #10547,2.2069476490731863,8.381579944780794,75
Lokossa,1.8047722528949266,6.681242390308047,217
Kouandé,1.5894583866231897,10.070515071569318,41
Doutou,1.8987166846384418,6.594675533396323,737
Kalalé,3.52022048394648,10.215536061382144,95
Ganrou,3.104564999564495,10.112617570838388,126
Tchaourou,2.559354352062611,9.012333820243215,227
Malanville,3.2344044453918848,11.7714958364169,101
Kandi-Fô-Gah,2.9512141081537706,11.102074040100547,624
Ouidah,2.1486782841318544,6.415353854432028,858
Akiza,2.0419752999068876,6.978011455754789,276
Dassa-Zoumé,2.4078474399866265,7.642981559726092,340
Location #13239,2.0299409472905006,9.80012869470137,54
Nassy,2.954082716787769,9.596976683193201,70
Lokossa,1.7621670993031502,6.700522201680472,260
Location #4055,1.9920375851913972,9.774847355909651,253
Dassa-Zoumé,2.3012660354109573,7.72036861918074,26
Malanville,3.4617963068944935,11.55215272045397,206
Nikki,3.5182988898823977,10.036008576284807,59
Dogbo,1.7149352734388672,6.814083799245987,77
Kandérou,2.5231541806884175,11.650320563896702,31
Assigui-Gbongodo,2.5185357794288334,6.759894291735917,52
Houègbo,2.156167087002404,6.829974449777571,46
Kétou,2.5820915932022284,7.256396804016989,57
Takon,2.630312275969706,6.647740739554898,67
Location #15449,2.475254094122537,10.88465396307455,41
Badougoukparou,2.6450397546022404,10.121159028713585,44
Kouandé,1.7046839175475295,10.026142224204822,46
Ouidah,2.137948553637201,6.431579564164304,229
Location #11720,1.2466557634127384,10.142835046649951,64
Materi,1.0221987435516804,10.665950229107498,57
Porga,0.989985164072768,10.977829208191269,85
Morou,3.135629076297537,10.715177499123806,938
Banikoara,2.59040036169083,11.29946345264134,36
Dassa-Zoumé,2.3471647759747034,7.636876761890937,425
Monlor Monlor,3.3702104553108923,11.31989381851003,26
Location #12670,2.701658425330893,11.05122922738749,57
Gounkparé,2.939223215658818,9.461109945819603,1624
Akonana,1.757966120219897,6.513291581517332,52
Dassa-Zoumé,2.200229527760334,7.570155097816585,34
Ibadin,2.986449103428843,11.27766103606262,129
Za-Kpota,2.2017561015205884,7.246847173050286,54
Gounarou,2.907124443941018,10.92641284007784,149
Minantinkpon,2.1167519739047576,6.4115566186876105,335
Pobè,2.655524763352521,7.03357377122744,41
Lobogo,1.9389143856443074,6.602068749214758,590
Aholouyèmè,2.548138217277197,6.439214511383429,88
Founougo,2.586817401925061,11.517494788070078,113
Location #16361,2.571792186028278,11.581539381918157,34
Natitingou,1.4382434251160034,10.327189791512504,88
Copargo,1.60645079712969,9.872468295128202,46
Djougou,1.6637436002261596,9.78393646320727,183
Location #16098,2.3405964406545223,10.98769388260464,36
Dérassi,3.1979796481501337,10.16373737453578,75
Location #694,2.437999678880832,6.5348426963623485,1786
Location #10207,1.061071445057207,10.45867340514378,77
Ankouamon,2.4109516711403702,11.656051512369647,49
Savalou,1.7693985505109273,7.913549446599936,82
Kouandé,1.8084531779099582,10.494194287020909,77
Péonga,3.296612912499498,10.338622872066116,93
Pobè,2.678698887562217,7.027064669338106,80
Location #17084,2.11143514608146,10.99804227540436,21
Location #1232,2.572302125030913,6.8559814573942,1122
Location #16100,0.9300825620671707,10.44052810302887,36
Malanville,3.1977477394931135,11.764761448553811,1956
Founougo,2.5439928569339685,11.455823523003094,90
Koussoukpa,2.268345058244229,7.101743272016262,260
Location #4009,2.7216074721182606,11.195980969236075,255
Koguédé,2.123657614609724,7.191952641316182,62
Location #9041,2.160961812676879,7.186734009568631,90
Tchori,2.907112236901331,9.661972683619537,70
Savalou,1.6764732580534003,8.038444832652928,291
Location #9818,2.8918523660256605,10.42006712758551,82
Onklou,1.9913950298802794,9.536350442387736,67
Abou Koto,2.9325358939507975,11.180550580764839,75
Materi,1.048312842859801,10.727406424190532,88
Location #8579,1.4503297399531665,10.471734474439517,98
Kalalé,3.6273414385228673,10.154110653783366,34
Lokossa,1.9054274531012356,6.771628642448911,186
Koussoukpa,2.2694523126408233,7.0627064140043965,2436
Savi,2.1534385983747124,6.411868747941786,204
Sanékou,3.0659149364425144,9.460610701326276,98
Kétou,2.657724603940557,7.405719151808874,64
Location #14238,1.2349932752706259,10.458531095225561,49
Location #15429,2.408666821736972,11.519195594702337,44
Sombouan,2.637535444100875,10.506769554053264,39
Malanville,3.453630191679651,11.625646205908858,49
Location #3997,1.0528781258480455,10.542413842735357,258
Dogbo,1.8213845146631367,6.774741301554811,49
Lokossa,1.6531944177623312,6.621739450289815,75
GUINROU,2.92668766629134,10.021523827243424,57
Location #14591,2.3926313603037754,11.661435510085761,46
Tchaourou,2.883953651731512,9.176266159263529,18
Poto,2.54798218221702,11.314722314625307,59
Pobè,2.747205193967289,7.046813423791691,131
Tchaourou,2.9111952084948958,9.347780204907716,36
Bambaga,2.48383779896607,11.57888753101903,26
Allada,2.1869400411115647,6.744834986121436,64
Malanville,3.4560732104924825,11.574397434784164,124
Location #15888,2.5107598725165694,11.108402669931381,39
Ganrou,3.121507898295472,10.164463646669706,371
Location #1637,2.3412556963243554,6.667626297603565,735
Tabota,1.0632983585461944,10.394951884887844,49
Kalalé,3.1919477769481404,10.225486808933518,590
Location #9975,2.0592740959519578,6.8107135846149545,80
Location #12577,2.6734239667913857,11.45647472903552,59
Boro,2.9371810144777997,10.342443767664019,72
Honhoué,1.9303255372193706,6.539256818271109,82
Poto,2.552983367165018,11.302624224553247,206
Houéyogbé,1.8798094126097025,6.5081161429641625,165
Igbo-Assan,2.566334555435215,6.8148030922366685,276
Savalou,1.7311252248513798,7.85827044143552,219
Do-Hongla,2.7026360815923614,6.46529139280782,126
Gah-Winra Bodéde,2.7383611690605805,9.669354462634411,36
Ouèssè,2.5456459382851957,8.133799431155882,1093
Location #16858,2.0956499689406543,11.034726711816287,28
Location #16252,2.5973206486724676,10.750684286133634,36
Wédémé,2.136395927477781,8.084446893263678,198
Sekere,2.4802965392748613,10.43960235918519,44
Location #12043,1.7447538012725883,9.955965671237799,62
Ouèssè,2.4579953064536837,8.475626123672997,626
Location #7781,1.6768622682541654,9.123779973478161,111
Biguina 3,1.6754630371495605,8.743163545291461,126
Tchaourou,2.4966040040525517,9.47522839013684,67
Location #16444,2.298643506127501,11.041721965702527,34
Location #14665,1.3421632258579397,10.008047099344983,46
Ita-Djebou,2.6581043197644916,6.8812686453362,840
Village de Detekpa Adjinangon,2.2089281281314124,7.279138238137521,54
Dédomè,2.0305773128473046,6.546149959672808,82
Ouenou,3.443023310133937,9.891097388234586,80
Sinawongourou,2.7434839856571442,11.138310666403443,41
Tchaada,2.7098109023391004,6.607609419444726,131
DÉMA - GOUDÉMA,3.188422078637203,9.733813865654419,461
Location #5502,1.141801827782607,10.429683225058982,173
Location #15539,1.9714206907139926,9.613090985711034,41
Location #1640,1.9708743295456588,8.239724388112892,735
Ouèssè,2.495938555285359,8.153702996819959,64
Location #13479,1.0313010257058697,10.869962755363106,54
Angaradébou,3.076438846557551,11.41908718335684,211
Kétou,2.678632529699147,7.626577810327533,57
Location #5894,1.2034812866009863,10.32278700229768,160
Za-Gohoumé,2.202476102821878,7.17895180450396,314
Goumori,2.339166589231216,11.184641722785273,49
Tchaourou,2.5555908607164888,8.830528292166573,137
Location #6688,1.1774221246865124,10.460072362926526,134
Location #13427,0.9029450012604332,10.302141191171838,54
Balakpènan,3.1097802614397922,10.941505678781235,75
Kandi,2.899892076182431,11.144551702456507,85
Copargo,1.5566681794446087,9.850935346673284,72
Djidja,1.917879773745652,7.386395122985028,322
Manta,1.0586438454891833,10.432041575291214,119
Bétérou,2.2909863161684605,9.197025919019966,36
Douroubé,2.683417007867714,9.406410101157505,611
Location #7570,2.395437997410552,11.121753641785183,116
Location #13206,2.4335649694694816,11.110531730642169,54
Natta,1.1254701654636499,10.229511205217008,149
Tori-Bossito,2.251556683659716,6.519637850196365,103
Malanville,3.2026722592835877,11.643845062980551,44
Location #14272,2.4145207551795167,11.076943783441653,49
Tobré,2.1271629971602786,10.180623336250495,106
Parakou,2.5279811858210235,9.361864180208606,44
Djougou,1.757478519700454,9.853241876892437,49
Bouérou,2.55045477717107,9.758981635654571,67
Kpakpamè,2.1150706256237037,7.303545827448476,139
Pobè,2.680922852200058,7.030148929783558,62
Location #9691,1.657641763450023,9.889601285894434,82
Savalou,2.114564353062252,8.084875218277476,1157
Location #16749,2.610493795414711,10.40196475134818,28
Location #1484,2.468630059954221,7.884609145796368,827
Karhoum-Yaourou,1.4435913213424345,9.818350630667322,508
Ouidah,2.1600012920764846,6.448869688524019,735
Location #16697,2.3699774302246643,11.119588633090776,31
Domè,2.1411568096778884,7.102628737387123,380
Banikoara,2.4763388159828508,11.151611366162252,41
Tori-Bossito,2.067566089759149,6.52116520188016,505
Kouandé,1.845454925392312,10.07190148015501,706
Savalou,1.9556614229895228,8.024272521208166,157
Fondo,3.618418206988737,11.025233588687021,77
Ferme Wawarou,2.0548975249658907,10.868374265692031,52
Savalou,1.6555698477977874,7.8075866504977895,464
Kétou,2.552818113319994,7.314417362585311,62
Houègbo,2.1596595720977585,6.832072563077356,441
Kalalé,3.549749244488155,10.208423418429819,41
Gobé,2.4496252404529524,7.957194218444064,482
Location #5535,2.628897894545821,11.56125702738783,173
Manta,1.1251605391933308,10.323452019502014,54
Banikoara,2.439655374174434,11.144909643874358,188
Tori-Bossito,2.121286904743372,6.611685829565897,46
Sakété,2.6252808741344555,6.78321873160049,389
Tchaourou,2.6445454641986545,9.003347514684219,75
Bohicon,2.203393193666746,7.131014366927022,139
Location #2205,1.8842765092498122,9.820059998675529,531
Biboubawangou,2.280228904291405,11.307645007991846,90
Pobè,2.6649070203751237,7.1417862253641,178
Location #14096,0.9468328766281715,10.302530567667905,49
Abeokouta,2.4851975307876457,6.810359634339816,46
Onklou 1,2.079630907280723,9.4157971420691,173
Ouaké,1.4799709317192928,9.632701840312128,54
Location #12523,1.7963566344023676,9.277343599952054,59
Bohicon,2.198016725550206,7.119538971398956,62
Location #10400,1.881334674406114,9.72661342541235,75
Location #9051,1.9734536316810185,9.65596073587057,90
Location #8835,0.933101446393967,10.439438030061567,93
Location #16702,2.8274211325829155,10.659106367556467,31
Location #4861,1.2468825416936122,10.234482734071419,204
Borodarou,2.9091932353037433,10.974937553098398,103
Savalou,1.674715535325625,7.739400851787138,77
Location #6373,1.3923373661991578,10.200023352340567,144
Sé,2.113482614327429,6.784712644187637,443
Location #2292,1.3564793087466955,10.669540955840795,508
Gah-Baka,2.4054876779501453,10.19323392379133,52
Location #10827,2.2859450395917773,6.764786129468791,72
Kalalé,3.4853425705935734,10.454247744032743,111
Bopa,1.9321217220956497,6.761164909483901,62
Location #10282,1.949375162519795,11.321376315242356,77
Location #5375,2.543586866542952,6.662584686526429,178
Location #2194,1.5281420628305848,9.751163631615162,534
Ouaké,1.452749736664706,9.694474646448839,95
Kouandé,1.6889277738285495,10.773378906439707,789
Aklampa,2.09172955103436,8.219035207053858,438
Yingnimpogou,2.431880254826583,11.526697325811057,211
Kouandé,1.8949019716981668,10.084586699216974,214
Toffo,2.117172330114809,6.8322211507002875,54
Houédomey,2.4523371816757047,6.562550279067541,5072
Kamaté Shakaloké,2.214472311212078,7.847224890627049,1500
Poto,2.5554640008807645,11.309262973726147,31
Ouaké,1.3962069272711886,9.61168476849478,180
Bohicon,2.1932441092271997,7.110651712016943,155
Wassa,1.5492786911022562,9.479996170279522,126
Sé,2.131533849554352,6.750954867576863,155
Location #9485,2.0812618834250407,6.468862955145864,85
Za-Tanta,2.1878952889075163,7.247471580002043,3175
Damè-Centre,2.2685533631522583,6.810090069885053,101
Location #16286,2.7029946573861943,11.063804250566708,36
Dipoli,1.0020430254346717,10.357616258978178,44
Tchaourou,2.642857045629444,9.254249882756824,72
Location #4954,1.6179271263484554,9.819131906823737,198
Kétou,2.6307979272046023,7.1930715099533495,59
Illosso-Saharo,2.5877631808293335,6.7406879455038915,188
Sekere,2.471400557267908,10.446218448043043,85
Dan,2.0684679839368694,7.326215227821728,101
Location #13539,2.749026105941676,10.456680619466914,54
Ouaké,1.3701542649903855,9.656961993723943,67
Parakou,2.504797678824383,9.347859390825635,36
Lobogo,1.8943292301385644,6.711397732531838,131
Sérékali,3.0510865403269376,9.920668864686812,80
Kandérou,2.5472032474943282,11.640953950808026,116
Tchaourou,2.4770644316523875,8.855722878060968,57
Location #7935,2.7301592126454683,11.37786384035498,108
Bohicon,2.192282218859552,7.154551145513837,77
Tigninti,1.4034059922568902,10.164223325083157,80
Manougou,1.334147581065319,10.631142295259389,253
Tiélé,1.2147181355226386,10.69700688238443,237
Anandana,1.4260093499343387,9.924518878464474,129
Lougou,3.2946685876170387,11.01177947941536,907
Boukombé,1.056373425834045,10.180567242969303,67
Borodarou,2.894565338405083,10.975949780361363,31
Borodarou,2.8736514777333957,10.98067544958254,1423
Location #16627,2.7741114514323875,10.948413406993014,31
Aledjo-Koura,1.4856028551846425,9.365811449451275,101
Savalou,1.904832212746828,7.997786230516668,631
Awonou,2.5398601751697636,6.772215420654078,242
Location #9577,2.05127749703566,7.443868224744055,85
Dassa-Zoumé,2.2071736100157646,7.711604418855826,2193
Camp Peulh,1.7087178184541763,9.040473340652634,59
TININGOU,1.3689775120929135,9.899076086494965,57
Natitingou,1.2902832432887457,10.411637111907062,113
Location #15342,2.868706690971459,10.992913458348626,44
Ouaké,1.4646042595191266,9.472177860712799,193
Kétou,2.669681477594392,7.319854221944305,67
Location #6328,2.3282746912542733,7.447043709779054,144
Allada,2.2121845796622575,6.695542749903454,85
Location #6947,1.3858743499308839,10.459333448020514,129
Location #9439,2.611990029163475,11.600794475764337,85
Dassa-Zoumé,2.251407696049801,7.624893517520879,817
Tounga-Délégué,3.5487222545434065,10.996897316427928,41
Location #2796,1.7543622532560488,6.500563751367642,407
Location #16596,2.710924739205795,11.30477817366124,31
Sinawongourou,2.784952987088316,11.107750870016583,108
Akoïtchaou,3.1145648432089765,11.387333963550704,894
Location #6450,2.5981190578483724,11.613596750828657,142
Kotokpa,2.1683472404968738,7.1042809674624765,232
Allada,2.060252711651785,6.671135655339343,67
Firou,1.8854634672042307,10.897761116131266,193
Kalalé,3.2256119925224627,10.112472440686552,155
Malanville,3.4206181943789464,11.606385767524092,18
Ita-Djebou,2.593957393787429,6.833625334976778,330
Monlor Monlor,3.3763495842058258,11.309796000926706,44
Location #12873,2.3440998163152003,6.867582415569874,57
Donwari,2.8170241116594585,11.205788997588984,70
Tchaourou,2.581982139304953,9.100575621297914,335
Timbouré,2.4870941184673763,10.40771809544889,1057
Djougou,1.5526045760601768,9.748369160983884,57
Location #4113,2.445219927907771,6.632616086586642,250
Location #8462,2.1616579600437875,11.105528018667904,101
Location #8936,2.7661399458528493,11.025338766302289,93
Malanville,3.507847945255895,11.579223494308621,325
Ichaagba Adoundoun,2.600541793907127,7.133592581726872,82
Podo,3.0130268311622594,11.13497546028067,36
Location #15916,2.6261493564858314,11.271476522430447,39
Location #9089,1.895945264252952,10.834580995793784,90
Gouandé,0.9612270012777739,10.7711954082737,116
Adido,2.559339154593701,6.854180218819713,88
Pira,1.7004488156013284,8.436965029462574,129
Sokponta,2.2494379401592024,7.88832243836334,268
Goro,2.4935494530846816,8.90831115349891,173
Lobogo,1.8601643921071047,6.686665268962387,211
Damè-Centre,2.2444356118559,6.887699514445873,655
Location #13291,1.5696352755222973,9.936070175859136,54
Location #13112,2.7782557302401774,10.671304481230868,54
Seko-Kparou,2.455446388791677,10.458503850355564,39
Lokossa,1.7380307575980498,6.720762515544512,2789
Location #16567,0.8510273375083403,10.692913253635261,31
CHEIN TASSO,3.2375151440233223,9.722676546484918,59
Savalou,1.8161550192162814,7.821499964668849,111
Béroubouay,2.7668985063707683,10.571804383808697,75
Tchaourou,3.0012422646693593,9.254465143586097,139
Siliko,2.5412983308717614,6.782462574376498,75
Kassakpéré,3.125412931259641,9.933064595120333,1083
Location #9551,0.8379216671999155,10.447580286399536,85
Agatogbo,1.916487087083751,6.419047077573472,335
Dassa-Zoumé,2.27345435153099,7.59095266795386,763
Location #3571,2.066626651781189,6.449730444879974,299
Location #3618,2.43398772537415,6.598228134342921,294
Goutéré,2.1588096032532333,10.861126770344223,34
Dérou,2.4056697419395383,11.295147500686621,1943
Za-Tanta,2.142730200260179,7.246632526525057,124
Location #8120,2.7349279746613213,11.182717663617522,106
Tagayé,1.3515880983961819,10.309544945399981,21
KPEBOURABOU,3.1206312272353114,9.692898347120138,67
Location #10725,2.9419031784172516,10.97128072398281,72
Iloutan,2.644096139415413,6.917495474392329,232
Kalalé,3.298045979806003,10.38506471607703,52
Agouna,1.6967080804489576,7.600771488766544,95
Location #16491,2.036218573109396,8.081127400552685,34
Doutou,1.9378706476844274,6.591221639529063,294
Savalou,1.9858294093893472,7.655692815151874,675
Location #10057,2.031464559677491,7.016304028269191,80
Kountori,0.925207972086957,10.432464606098234,46
Djougou,1.720882850503405,9.704722424357621,44
Dassa-Zoumé,2.1061806261994906,7.677486419699102,186
Za-Tanta,2.1737285524086607,7.262328306461769,82
Location #2955,2.1351325776827363,7.2147513601593865,524
Location #15309,2.600462884639394,11.409283965824166,44
Location #12535,1.0315064569557701,10.337129498379772,59
Natitingou,1.4015556130017435,10.367783060230439,314
Location #11082,0.9497293790373543,10.65484541001421,70
Location #16154,1.3650828052976645,9.86388094620394,36
Bonou,2.4469255987712955,6.90820343740284,884
Dassa-Zoumé,2.364469453766725,7.719571829663635,1384
Location #15056,1.852064788793292,9.751081529562015,44
Dérassi,3.2732828336437487,10.099030012711108,1510
Location #6722,3.0452574189279957,10.2950176152335,134
Kabagbèdè,3.0639066871738883,11.352324442514895,4441
Bassila,1.6979017532860317,9.003389122095893,39
Kouandé,1.8087123241320906,10.16133263956309,64
Ouèssè,2.380567415831371,8.192420135793851,263
Gakpe,2.096866575737761,6.450928426159789,70
Ita-Djebou,2.5955903082076768,6.894615906104704,90
Location #15493,1.6028473606542044,9.85722623474753,41
Karhoum-Yaourou,1.481735593853446,9.845127895978429,521
Location #8516,3.116839465210448,9.250813847412031,98
Location #9399,1.0983990302929039,10.5855498743815,85
Ouèssè,2.54291106920813,8.13665198339104,64
Igba,2.5749840121448435,6.988398766760514,366
Missité,2.000203017905226,6.460371126822746,49
Location #14262,2.3800782699859613,6.595073948255358,49
Kouandé,1.6539562431922916,10.316465994332448,72
Lokossa,1.6290017382736415,6.662262574619112,1407
Dengou,1.7142173799058171,9.261314074449507,198
Dan,2.0559664552490435,7.303199511029326,64
Sinendé,2.4242692830639645,10.338601824315354,39
Kouandé,1.5608977296925453,10.106615909443457,139
Location #16349,1.654519984221338,8.517137699051542,34
Sakété,2.6769586317538816,6.653377605969987,93
Location #1583,1.811866430790232,9.639914428918159,765
Location #15457,1.4657347765616198,9.9280852264018,41
Kétou,2.564812890812741,7.2601387311899845,64
Obanigbé-Fouditi,2.651214897716783,6.9121297859831605,59
Nagayilé,1.563931671447065,9.332355408849395,137
Location #12657,2.3088747928377424,6.794689459117158,57
Djoléni,1.9992716405527111,10.998491782387319,46
Lokossa,1.7872996394052572,6.5975882828105386,70
Koukoua,1.0775237196713887,10.226878287956298,46
Nikki,3.247744563664497,9.992988258927586,77
Basso,3.6899919118341598,10.539983174029853,31
Tchaourou,2.0774656875531194,9.162930112086876,149
MAYOA 1,3.447521677357578,10.009800917710994,407
Malanville,3.3144988302091423,11.841866282371264,265
Assabèkparou,2.9031062323502814,9.58249551415114,46
Location #5679,1.8049334520113387,9.105141227963765,168
Tchaourou,2.6362839525601447,8.90133932053924,183
Bohicon,2.1422789242683176,7.149502514785086,567
Bonou,2.4782526900744606,6.926730228303047,521
Location #7531,1.5593919316264688,9.42282881231329,116
Devoukanmey,2.175752448767036,6.406058856972053,631
Boro,3.042422798760971,9.498714644265716,52
Boukombé,1.1396329349007635,10.18644770746003,106
Kalalé,3.197627308734094,10.354170523915048,62
Location #1241,1.8541368585171851,9.846053443552686,1005
Perma,1.4745791534044828,10.138824460448584,39
Location #10049,2.2456305427596863,6.804351484151916,80
Kandi,2.931204481768715,11.044409550845481,44
Kadiri Kparou,2.740176609713296,9.504473435914647,28
Ouèssè,2.5719678196207587,8.480415822346599,54
Gah-Guessou,2.43030383193397,10.342876732995535,64
Kalalé,3.698640176614168,10.508774110896411,46
Dogbo,1.7129407443870774,6.810580495299219,312
Tori-Bossito,2.08231892997668,6.567448653613735,147
Location #16942,2.1664459183545146,11.082720901445944,26
Location #14430,2.54863522370504,11.562760661760121,49
Houéyogbé,1.848696132225369,6.589411285534841,1018
Bohicon,2.1217793055338583,7.182592534138752,701
Location #16839,1.8850713917402036,9.123998796130397,28
Location #15907,2.0117725548978047,9.403768748272881,39
Tanguieta,1.2410137606836185,10.595241724853443,482
Dassa-Zoumé,2.3337321837915526,7.696759923487933,1773
Location #14973,1.219451051913861,10.46347180964554,46
Dassa-Zoumé,2.349871687403536,7.816992345915382,39
Barei,1.4893785764609828,9.636238125491781,286
Location #3594,2.211125472535347,7.512467253270192,296
Kouandé,1.6821422263211117,10.03828789762624,64
Perma,1.4259143833838661,10.124670954500866,41
Goumori,2.2914620730275552,11.113111005888198,281
Location #9035,0.9267761729669105,10.291770150572507,90
Allada,2.145569539881421,6.6231241375730425,103
Takotiéta,1.0984523526849095,10.333858960204944,18
Ouaké,1.405883098346551,9.71769917081521,80
Location #13860,2.744935294422274,10.658256968349729,52
Pédé,2.9840655514459877,11.183100439637357,634
Tchaourou,2.9174050843727946,9.16726384012082,82
Kouandé,1.6683822147900613,10.729946053777224,2655
Ouèssè,2.7099097187438987,8.414173065112136,88
Location #7691,2.019514212316077,9.381236442467653,113
Libantè,3.5333834857233457,10.742178171906769,36
Tchakama,3.307520966066341,10.93557077295923,67
Tantéga,1.0410435947243597,10.779342762631241,67
Dahè,1.8481113574188541,6.505327635888358,126
Natitingou,1.3008596167728652,10.19891226465776,75
Ouaké,1.3821299348041134,9.716641943068943,62
Location #793,1.2828798825915453,10.523485874145791,1826
Location #5410,2.2855671286994963,6.830918010325787,178
Glazoué,2.216670972874057,7.85174280044965,54
Ita-Ègbèbi,2.699611010305816,6.955556694282586,64
Location #8678,2.053299010023036,6.476669547805369,95
Pobè,2.6701505585166374,7.131915481959363,229
Gando-Borou,2.8432513953510266,10.200047818897504,624
Malanville,3.122692836688906,11.508608998974882,62
Savalou,1.9160668202544706,7.725617976992685,52
Location #15041,2.00167617195981,8.491596960031561,44
Toumé,2.4643008805246382,10.082378941963496,93
Location #8735,1.8509631413511698,7.601275697568247,95
Location #2008,1.4216177181034115,10.71808649237061,588
Location #16563,2.2400448487087723,10.908737194285232,31
Domè,2.2460707867651286,7.082519095713024,281
Ouenou,3.53281496780605,9.888510602546395,289
Aifa,2.258192442226533,6.763710504893007,369
Bopa,1.8618245117949836,6.717348464898285,211
Location #15864,2.3335528330523605,11.101858160368332,39
Houéyogbé,1.8915422175854737,6.46516626787095,317
Location #4299,2.331374299029025,11.140189378434139,235
Kodowari,1.5894321645010465,9.146909916444324,467
Lobogo,1.9313037649861684,6.619153944526437,67
Location #11234,0.8675351805828551,10.655113473170225,70
Dan-Zoukoutoudja,2.10691378917155,7.002751070396033,582
WAÏGNAN LEMOUROU 1,3.310051884619291,10.058824908945596,376
Dassa-Zoumé,2.3016014238682034,7.7104550744297615,57
Location #14295,2.7395647961792218,11.17019817459893,49
Ichaagba Adoundoun,2.603880001876089,7.15811205792215,23
Anandana,1.3721099708623625,9.929424943213512,57
Kalalé,3.3129309439313053,10.397309916792135,75
Doutou,1.8910221393956512,6.596088835415613,582
Location #12672,3.0378761327761428,11.073051445986273,57
Location #9281,1.1149269641512176,10.557762649118997,88
Allahé,2.2562783142675076,7.1342352920587455,108
Location #13452,2.4412375089426903,9.660298893923976,54
Ahlobé,2.2349966494903435,6.342958005276361,415
Gbéssaka,3.400144852354584,10.969407951930954,80
Gandobou,2.6037226512380633,10.710984651735975,98
Ouèssè,2.554704212401169,8.602045489219803,196
Founougo,2.5951134678844667,11.53306336281843,193
Onklou,1.9787174439578663,9.46523383679379,186
Pobè,2.704141051335857,7.080123861302438,147
Location #13136,1.6386966536751486,9.362809155850329,54
Location #3550,2.56189877698072,6.647943798435108,302
Boro,2.9239472585221993,10.328885845002217,62
Djidja,1.8761568384931233,7.390884587327174,340
Dogbo,1.8875497314001661,6.801473334433704,70
Tchaourou,2.523539298028994,8.96789377743617,59
Parakou,2.712467761283939,9.281618463043214,39
Sonsoro,2.7867683838606765,11.095180200497289,62
Location #6859,1.9385498193472148,9.47428271944025,131
Location #2067,2.117187189016548,8.350377080930954,567
Location #6565,2.406991786772566,11.07450495820418,139
Tori-Bossito,2.213007594014909,6.458340632777189,88
Itchèdè,2.5781881713051766,6.901174744280013,245
Location #3223,2.2704866626159856,7.5000792436573445,338
Location #8062,1.0710344446426998,10.45871239032552,106
Kokiborou,2.3717977985269103,11.151818109357608,57
Location #6633,1.0294276475455277,10.35732462565759,137
Djidja,1.9332186657895853,7.4174843852386365,98
Pédé,2.9391307989875664,11.207463428943425,39
Fô Bouré,2.399398732777355,10.098872214081856,103
Location #2645,2.1283661830904648,7.4742823176041195,430
Faranguédou,2.8863264759221083,11.185077544091968,49
Allada,2.0826844632934534,6.64059922603266,1129
Kouandé,1.865887436052246,10.109416403337665,273
Pénessoulou,1.5868417762947213,9.231679942648684,46
Kalalé,3.7708727631632186,10.552661769687415,82
Location #14187,2.771920150910063,10.9945136238942,49
Location #11562,2.3506697777020014,11.077901771887628,67
Kalalé,3.1554893396774575,10.23124807110669,49
Location #7681,2.1500718653243873,10.7444673924174,113
Firou,2.044698699832259,10.86593434214023,345
Anandana,1.377947637077291,9.849026996443817,72
Pobè,2.685990979948451,6.9898405732088635,106
Location #2195,2.9790551766944864,10.800542576094797,534
Simpérou,2.50932236677419,11.298451373173066,119
Location #16640,2.049190322133742,9.427328123647614,31
Kalalé,3.5689420732286026,10.54991871769879,59
Location #3592,2.9678026824258454,10.866333714397078,296
Péonga,3.7363202567218954,10.898008843366432,23
Tchaourou,2.6821489455703738,9.164154150086759,52
Natta,1.1479889480481933,10.230721115445029,72
Bopa,1.9849255546966689,6.671799542202942,549
Location #16775,2.0474779812311414,9.615991151655269,28
Taba,1.6467745780914522,9.292574404060476,77
Dèmè,2.2433390838611174,7.094810599564601,709
Onklou 1,2.001336650623698,9.484852415402814,59
Tchaourou,2.126640153619475,9.263835614034358,80
Grand-Popo,1.8410144140378488,6.3520387140727905,101
Sompérekou,2.5615621200006085,11.309058145839384,28
Tanwé-Hèssou,2.1007794060918865,6.9984965955504705,2067
Cotiakou,1.2969961993000827,10.625302852283918,144
KPIRÉ,3.1445202587500765,9.725137884278015,75
Location #1352,1.7790556959648602,7.598800938694062,907
Tchaourou,2.721380333408115,8.88209456638709,183
Kpakpanin,2.4363302237671753,8.779074212239456,44
Location #7184,2.630425535405816,11.603691826308957,124
Tanguieta,1.2483055628823874,10.681613758183621,31
Grand-Popo,1.7997537312547445,6.386427691186388,121
Gouandé,0.89009984052956,10.833394071581967,866
GOSSOGUI GOUREBABA,3.4781613390223267,9.927014158609252,108
Location #14834,1.4097533859383007,9.386174084077336,46
Kétou,2.716561478340877,7.197925232132771,52
Damè-Centre,2.1987900393915765,6.826515823544535,49
Location #6341,3.1352590256050905,9.402028748143543,144
Location #3109,2.132570596207493,7.242438316637842,353
Ouenou,3.5441986612060137,10.032764068462564,448
Kouandé,1.7439558644136657,10.30626479772947,2052
Tanguieta,1.2606388101090356,10.66941833768357,52
Savalou,1.9725122432864393,7.678941582250108,111
Location #8586,0.9124844339060408,10.92712942279646,98
Copargo,1.6186828949838854,9.840022467361973,59
Sakété,2.6972514198491884,6.84297719970893,88
Location #11544,2.3042287264245824,6.814531439862221,67
Location #9716,1.5981817450696738,9.939166890951437,82
Kalalé,3.0188846157526386,10.100520356226747,54
Koutangou,1.0692107503837274,10.393110826914317,224
Location #7046,2.8681327142858595,9.451663619370294,126
Houéyogbé,1.7927705834587466,6.483274089503858,64
Kpénati,2.406393185507291,10.235169947584454,2657
Dahè,1.8510394035402973,6.506217407026689,72
Ougoubigo,2.48572509310032,11.640127086824267,281
Location #9781,1.5205886899822343,9.445346148711565,82
Kétou,2.7041666353858744,7.410708653343938,75
Tchaourou,2.6596500637939933,8.997112519173966,44
Poto,2.5500929716758765,11.304079484473965,72
Kalalé,3.1903312355855613,10.372245100238699,64
Ouara,2.6862799816471,10.74096371295946,119
Kotacomè,1.7147328868713128,6.56921751701436,327
N'Dali,2.7782770461890216,9.845827176104468,44
Natta,1.098754273301974,10.215110398057414,90
Allada,2.175903780970528,6.745842987701094,392
Ouaké,1.4574730235545086,9.614480911491048,75
Sèhouè,2.281631069202876,6.8720656478606195,41
Parakou,2.59408672012478,9.286005014725562,137
Location #16605,2.6267737091570926,10.773375153850349,31
Materi,1.093566567703761,10.72562422148278,49
Location #13979,2.7520628710549055,11.37943911839315,52
Monsi,2.442948324742875,10.178646001997077,106
Gbari,2.9211603683851455,9.61192595518863,31
Location #4234,1.1025500149975087,10.82513379359106,240
Kanyi,3.669984975227979,10.820577097994024,34
Kalalé,3.448354474062959,10.212873601500712,49
Korontière,0.9402910265925102,10.306680115453753,116
Arrondissement de Akodeha,1.9151107553363116,6.441315897154442,70
Location #14137,1.649417192916465,9.871669625195983,49
Ouara,2.6815684282248036,10.63456313205776,67
Location #7770,2.779809828261355,11.047790316685495,111
Location #15626,2.1535699981403416,10.96852575504801,41
Sinawongourou,2.755327543566104,11.142602926972016,121
Tayakou,1.22435383913778,10.550372978126617,93
Aklampa,2.151704900318247,8.247805159506202,173
Abomey-Calavi,2.2752571862170106,6.513324826584887,242
Guinagourou,2.9203190946492326,9.59377473572957,77
Location #13075,2.0550256201131893,6.54191740263684,54
Tori-Bossito,2.1136805525978692,6.588434921151841,34
Tigninti,1.4108310760908318,10.19858191974361,106
Tchaourou,2.97664299332292,9.26725980350178,52
Manta,1.1181853899746477,10.364008301884642,39
Abeokouta,2.4838823993031798,6.815254996810059,381
Location #14070,2.5111162220081216,9.472784907048618,52
Bopa,1.9621592124703784,6.744789918410512,214
Bopa,1.951747072867339,6.56926754434471,309
Allada,2.094073041101319,6.6931349142981995,90
Location #1131,1.2192930575310919,10.57379164602855,1098
Location #13586,1.1514026764180778,10.563139253351517,52
Aplahoué,1.6926244207161643,7.539438806607435,201
Location #15024,2.2832881937412046,10.955305984653515,46
Location #10221,2.2988054706659984,6.770570610193237,77
Abou Koto,2.9331712920033395,11.176817052033494,384
Ifangni,2.725438246190194,6.607715094726278,204
Dogbo,1.7987669728259836,6.765538440216619,343
Gogbèdè,3.117851083630429,11.007428962463099,41
Ouinhi,2.5685229415702535,7.046951455652831,183
Location #8358,1.1653063971953355,10.501438322251763,101
Kanyi,3.677132645582128,10.803963552289922,23
Location #9300,2.5576157970362496,11.564468143891933,88
Sontou,2.8606690758241586,9.661923123545122,235
Kalalé,3.300457238500368,10.38970987063887,98
Location #16434,2.5176887584245655,11.131431813383603,34
Parakou,2.671577023568417,9.32255888747779,41
Bopa,1.9627236367759062,6.75240706692639,106
Location #8105,1.9037734945960196,7.643018848819332,106
Houéyogbé,1.8575185917625248,6.480305287365323,1235
Manigri,1.7102636724736486,8.959200574818555,183
Ouidah,2.1274743094059843,6.360039877878171,121
Location #2781,2.126118243418013,8.116133181869316,407
Malanville,3.4087908047004074,11.737603698628948,209
Copargo,1.564716753198472,9.846247637976594,124
Allada,2.0824364980951837,6.645065642907133,116
Location #4212,1.3418015911644523,10.601194696723981,242
Kouandé,1.4399030306692688,10.061792800409311,80
Kétou,2.648311634390042,7.445690913526643,173
Location #10607,1.6858741652075668,9.94358366901523,75
Kpassana,3.6655897887964515,11.017862537756427,46
Takotiéta,1.0399931878656483,10.307669559183829,77
Ouadjito,2.009094725081571,6.5228897785849655,124
Zounge,2.501237585032071,7.027787356850397,75
Tori-Bossito,2.1064092328120374,6.49186083343655,54
Malanville,3.359632479408945,11.552909610307381,1353
Kalalé,3.5428508171702693,10.458501697473366,52
Tchaourou,3.015224013352334,9.162442719667142,67
Dassa-Zoumé,2.4893553594433406,7.654133677374414,57
Tchaourou,2.642917074395558,9.123254128673517,90
Location #4508,1.147579859048318,10.601587505546444,222
Sazué,1.8149563021262818,6.44844581739847,111
Manta,1.079255534365709,10.404619727847594,358
Lobogo,1.93424074573901,6.757661227596835,113
Location #16541,1.7266902613388282,8.587641476547324,34
Bopa,1.9694737773631712,6.700520703927934,706
Location #7171,1.0315512002584388,10.447296857420065,124
Location #10448,2.4435362882216864,7.2291746076612275,75
Ouèssè,2.5008918914804275,8.156426078683356,54
Savalou,1.7803707746940336,7.885032075794836,62
Gafa,2.5120817522872194,6.7919472832832835,124
Akoïtchaou,3.119382174367959,11.390734199427483,44
Lobogo,1.8552641422079679,6.6855053558802675,52
Bopa,1.8590322205808303,6.709603018446687,49
Takon,2.635672179765801,6.672788938634727,54
Goumori,2.196928227484867,11.150875315372776,157
Location #12352,2.473342743581346,10.896024270382295,59
Location #13024,2.4162644595200864,6.970470817082474,57
Pobè,2.6268403540780603,7.048789260243986,95
Location #6924,1.8965351706716755,9.447258497388964,129
Nikki,3.5291164758966467,10.065787717775494,304
Location #14121,2.62135100826105,9.675144782237387,49
SANSI GANDÓ,3.4755601596243078,9.9920776432479,193
Gambané,2.823521681294218,11.06371354736813,129
Location #14525,2.6730174585199244,11.038625531147373,49
Pobè,2.70084060315829,6.9925363955216,75
Zoungbonou,1.828559388990241,6.556849780052857,67
Location #16179,1.1183022994270135,10.403060774511097,36
Kétou,2.6739822554873918,7.207511007160827,46
Lokossa,1.6804907323284277,6.662195454869241,144
Dodji-Bata,2.3417630887512497,6.692123246350187,124
Aifa,2.2469758539975047,6.751556729406286,1077
Ouenou,3.3979531316155676,9.913079575218086,106
Location #5374,2.345402032749375,6.702600230642031,178
Lobogo,1.8564044169702179,6.663893475707235,46
Béroubouay,2.7430538363844255,10.51489847134886,188
Setto,2.1133319444969834,7.5128585043328,54
Pobè,2.683761179453388,7.081196618873326,77
Ouara,2.620621195517112,10.703178558425204,88
Pobè,2.7123752751953676,7.124740337580807,77
Toffo,2.119422669387885,6.866266589029859,314
Manta,1.1320811549067615,10.40487190624008,34
Akodeha,1.930378091971513,6.490740427976692,85
Location #13542,1.365691687906394,10.110903618254751,54
Ifangni,2.731009563826734,6.664780620443098,59
Houéyogbé,1.8525238343598367,6.5104551726322955,101
Location #7663,3.0672101630140833,10.456909140553849,113
Sakété,2.708626551911143,6.815473075079144,57
Location #12530,2.575142585547042,9.726157541272379,59
TASSO,3.2369027078528885,9.654759812466024,111
Dassa-Zoumé,2.208466065879757,7.53998686415623,515
Location #5996,2.9809895299313824,10.233709685375992,155
Frignon,1.5862774701928535,9.129668736929885,64
Kandi,2.9842871098691153,11.136171439487153,88
Location #2482,1.3312541232343542,10.429653528231198,464
Tchaourou,2.780625596893292,9.099095745579374,82
Dassa-Zoumé,2.4265578193293726,7.655209058381958,88
Location #1791,1.388523180338933,9.857666012615484,673
Grand-Popo,1.8179955074606526,6.382237136735137,75
Tori-Bossito,2.098610593634623,6.489756390934853,541
El Hadj Halidou Kparou,3.1007376525061034,9.36651126671899,62
Location #14889,1.0609911046836034,10.489601721885654,46
Location #14032,1.3128116241154748,10.191849475493992,52
Lobogo,1.9376536431931621,6.699229316689482,255
Location #3299,2.546564247183087,6.653545777748493,327
Ouinhi,2.519973562788404,7.12868751644907,155
Tchaourou,2.606602315423928,8.908723584511373,499
Materi,1.0676131541494955,10.629105034657675,222
Ouèssè,2.357215382517347,8.460641068748203,121
Savalou,1.7679202031045356,8.06452897128399,464
Assogbénou-Daho,2.018186724818595,6.367610780973845,52
Houéyogbé,1.8973034470078898,6.46303621978622,64
Lokossa,1.812993908816946,6.728325192955881,1438
Location #9851,1.199659036872231,10.39206694543942,80
Location #15163,1.833430191674555,9.207033016573602,44
Location #2522,1.8820715641042807,9.721865397661688,454
Location #6563,2.96889150549165,10.794480350618885,139
Location #8165,2.5272079449227274,8.16597629244526,106
Location #3227,1.899360644064051,7.537309907065037,338
Location #1686,1.901030445679594,7.5769073626702745,711
Tchaourou,2.7983068112566762,9.07184600381458,101
Location #13987,2.8759335227297753,11.007755246008307,52
Kétou,2.675720429444345,7.476550365292037,85
ALAFIAROU,3.3715539351226127,9.942806633803091,1539
Location #15675,1.4313543444616326,9.873398023909782,41
Nikki,3.204931911001238,10.110444318129703,420
Malanville,3.350033278582245,11.590166851585286,217
Boukombé,1.114728482169611,10.223970561877824,1430
Lokossa,1.6684313898501295,6.632064194161414,126
Toura,2.3668626543429134,11.20392493550252,54
Location #9815,3.5535369691658483,11.184219389329597,82
Bagawoni,2.4989969778876757,11.537466750528994,139
Tatonnonkon,2.5230884418743638,6.928453564542185,113
Location #15052,1.7784746015773376,7.328451787252892,44
Location #13576,2.3679589260010094,6.768849025927436,52
Malanville,3.1659321483522476,11.697713833782736,90
Location #12432,1.43713311114128,9.89706790108565,59
Agbangnizoun,1.925218959224083,7.137628380650304,273
Location #15761,1.0029051130476931,10.890102020226486,41
Katabam,1.5408208259387173,9.896219937353194,374
Ahlan,2.4701717186975807,7.214680204979639,170
Dogbo,1.8045509192585556,6.797742103778623,98
Kétou,2.5907480152981774,7.518254589587099,121
Houéyogbé,1.864808510584982,6.5158325950159295,67
Bonhanrou,2.4584898529982464,11.419973954057836,59
Davègo,2.1902118744779666,7.310989185937644,273
Donwari,2.8065219033728734,11.070051683256342,77
Location #3692,1.892163271129483,7.583746856815017,286
Location #9978,2.5357975889485727,11.596107492378241,80
Location #13106,1.729229510361506,9.895171656791225,54
Nalouhou 2,1.572377615511533,9.739675167885622,59
Agbangnizoun,1.9482113882863787,7.104289894010926,1062
Location #15721,2.4088424382095224,11.006474240180557,41
Dantcha,2.6436588286708638,10.469201174776922,77
Location #3540,1.345298893286134,9.551945197022537,302
Grand-Popo,1.8240535970701235,6.379802850692879,59
Nikki,3.242861648845751,9.990645571230752,479
Kandi,2.9842483411432434,11.195298016487966,149
Tisserou,2.8822355463201164,11.119922435899829,175
Djougou,1.6428708258205522,9.803971504639183,93
Allada,2.072875314720046,6.759714876911421,64
Biboubawangou,2.2292206162700734,11.319683289110797,85
Location #4884,1.6735073373641778,9.165061211625693,204
Mékrou,2.212318009261865,11.360996807622145,49
Awonou,2.5536786295692404,6.733582258917837,80
Sori,2.7702434944326786,10.726925230380477,193
Location #3922,1.7980782887641467,7.4569622375988915,263
Tchaourou,2.514445544388674,9.194051811336687,155
Location #10489,2.652340972965112,11.299279309622845,75
Sanni Djoulde N´Gando,3.3044177329400024,9.835208749545384,46
Nikki,3.4211932167700447,10.010308896080572,88
Location #10072,1.0127064582248486,10.736791782457257,80
Location #3627,2.2520407865900522,6.719762850374314,294
Diguina,3.560054364182882,11.106534026291618,59
Ifangni,2.73639303642089,6.662358383075471,59
Malanville,3.194536845979775,11.631888160908101,134
Sori,2.8035809694527907,10.6968360662204,36
TININGOU,1.3622950248890016,9.892959952566244,335
Maredourou,2.639035915720159,9.536281873656549,59
Kalalé,3.310977587920177,10.363050791646971,108
Location #11493,2.7876178664730418,11.01540241901796,67
Location #12309,2.719782459198873,7.621913702312705,59
Location #15852,2.7135521631538864,10.92649980709906,39
Tchaourou,2.660921435541571,9.083209682012672,1062
Location #7719,3.0134521620407035,10.363346926939245,113
Koussoucoingou,1.2004793159359055,10.187293594859797,88
Kétou,2.6726269355751784,7.493737571454373,62
Location #2340,1.7404703593155786,8.596973019659643,495
Natitingou,1.2461944833332599,10.325260265579873,52
Djougou,1.70846280553987,9.754557236909546,438
Setto,2.0548843013438116,7.535858824854812,28
Kandi-Fô-Gah,3.0195002546820526,10.956371807440377,180
Wonsiô,2.936342913535169,9.698232859828803,1204
Tori-Bossito,2.113964374202418,6.4987045732815165,59
Dérassi,3.2115302339687024,10.24007973222401,98
Location #3481,1.8656511365821427,7.613575681190604,307
Poto,2.571876523747441,11.319192314347328,77
Nassy,3.016593812286292,9.612510255807065,54
Location #3566,2.928667045481204,10.83770905592375,299
Location #15341,2.5701823853108197,11.563054261286538,44
GUINROU,2.9326789855557007,10.004245208369994,54
Kalalé,3.529318493810025,10.212623319932638,67
Location #3037,2.0265890155800865,6.533151485672462,363
Location #12575,1.6892809273597469,9.464004167774846,59
Ouaké,1.504515395779403,9.482099999929087,75
Gouandé,0.9475554091436831,10.797548899062187,75
Saah,3.0439130770715583,11.233955194559446,31
Kouandé,1.8463615179101092,10.729622832373956,49
Boro Gando,2.951692928507037,10.333303163497632,191
Dangoussar,1.5231036944758864,9.690405629663358,433
Kalalé,3.1806255973258826,10.407007992715583,108
Location #16342,2.731032162627905,11.194258380750647,36
Timbouré,2.672329390141154,10.408793276987073,131
Bonou,2.493196970496458,6.881552688575661,211
Kalalé,2.9777650685214003,10.140219210333374,59
Location #6457,1.831765403497819,7.552751909160343,142
Allada,2.0498037696342206,6.734095225289637,180
Kouandé,1.7378161104858205,10.015054344188007,80
Pobè,2.6507305884317707,7.133574681663868,113
Kabo,3.0798210214133968,9.116243096123858,34
Bopa,1.956683848825334,6.5634883344137345,54
Location #4031,1.0159284873805028,10.560584389936187,255
Lobogo,1.928228133494041,6.6354579800671845,325
Location #8649,1.686593000485153,9.85642979268065,98
Location #11539,1.9382818848534957,9.563922500772016,67
Savi,2.1613100605454636,6.411716657929912,142
Location #14903,1.8486331971916754,9.925759539297639,46
Location #6338,2.8410238400028054,10.93347705168149,144
Location #11818,1.9122654136032184,9.795500183865864,64
Location #15717,1.8584157643545596,7.142658263688574,41
Location #13216,3.052942658285588,10.302087083880533,54
Location #9044,2.51133658821966,9.638021115848098,90
BELLE,3.4265250408551617,10.117909499927178,969
Guéra-Nkali-Tassi,2.8771704031712426,10.329804971096234,472
Dabou,2.828440467956477,10.184052788702166,173
Tchaourou,2.775990225931959,9.100303715134077,98
Savalou,1.8225113763712442,7.8153283346523645,162
Kétou,2.6090282949966634,7.271948019828602,82
Location #14168,0.9471602560271382,10.785998999236735,49
Anandana,1.3701267561300796,9.92143019055101,101
Location #11469,1.5479611240612716,9.751202751537233,67
Location #16374,1.6414922414905448,8.549958909403198,34
Ouenou,3.5201281053927103,9.87566054671703,46
Location #11895,2.7214043797409313,10.229656827492729,64
Akouèdjromèdé,2.2790254059630466,6.676540780937354,332
Tantéga,1.0084165815133799,10.85175001983352,188
Kétou,2.5292719585382573,7.357291788357573,49
Location #16470,1.0153970325336974,10.569427759838184,34
Honhoué,1.9315646976959653,6.551933150134836,863
Houéyogbé,1.8650985325455964,6.612981941835498,49
Katabam,1.528388868611591,9.907266112942771,1064
Bagou,2.672659838768351,10.81718313528429,812
Kétou,2.645926353099692,7.206833884586239,479
Location #15710,2.0757924259203664,8.286802147414942,41
Namoutiaga,0.9359821809420769,10.471956449289868,54
Location #15311,1.308408540226973,10.107858166102423,44
Location #2230,1.491137971856049,10.858639824623062,523
Honhoué,1.898306451358846,6.533760608035263,732
Kétou,2.5769048497418607,7.601268772381764,36
Kandi,2.9738524505454285,11.083084989862945,59
Kouandé,1.6107865643858534,9.994260623773295,95
Dassa-Zoumé,2.2019367652815425,7.6889873520878975,1469
Gbékponnin,3.0822383040424293,11.42428459926808,160
Bouaïna,3.7404656225202992,10.848214479086204,113
Serekali,3.0935239119312548,9.93333575041656,201
Djougou,1.6452660886248693,9.728194446946109,175
Zoungou-Pantrossi,2.9710324837005704,10.791099195065758,54
KPARISSEROU,3.149541258428166,9.93784388193312,575
Malanville,3.1931540261161047,11.622053677595476,34
Kofounon,2.5486610072560767,11.508327234380713,72
Location #474,2.044205495074775,7.218102712898545,2534
Location #15242,1.3465091875652413,10.045784068030423,44
Batin,2.988360366012588,10.455012600767258,46
Goumbitchigoura,2.896111211635666,12.327676323840915,108
Location #5287,2.6145080543817207,11.581101622952291,183
Savalou,1.8952400252231727,7.7916196668997575,1467
Location #13893,2.409403276228777,6.927311431429698,52
Grand-Popo,1.8095825951500504,6.3891531377145405,80
Kodé,2.515226663359386,6.771352446385026,1067
Village de Detekpa Adjinangon,2.207412589793486,7.267302900760622,201
Lokossa,1.6507031907559286,6.66671479079239,611
Tchaourou,2.6335892102874126,9.210163201822045,77
Ayélawadjè,2.5923387994055562,6.924195925473404,338
Kérou,2.1418766435514565,10.764192249903559,62
Saonzi,3.5895439027791447,10.715062392963468,985
Firou,2.0115156116100534,10.893435908820855,36
Location #8137,1.0159588016112011,10.210031915039151,106
Pobè,2.750082302212876,7.1434474769024785,302
Parakou,2.731777328722007,9.305421091593324,95
Ita-Djebou,2.6213738173898524,6.770564302054336,80
Kangnarou,2.5644392202913204,11.657538816597086,175
Sakété,2.6714221580128954,6.774690065907326,180
Pobè,2.6950866639706748,7.083881148160429,41
Dogbo,1.7877186228694517,6.790116320006471,265
Kossou,2.0747582563351545,10.559659731988798,147
Banikoara,2.4906358353902043,11.210841001217286,49
Gbèkakarou,3.39935620586645,11.07464827072658,521
Location #5731,1.0580831309865004,10.458938199350937,165
Cobli,1.0421754633945852,10.5405523249813,95
Avlékété,2.224260833087887,6.356082774409184,278
Gogoro,2.649459072810137,8.268509599608574,52
Location #4723,1.3864956153104044,10.427610132111974,211
Ahlan,2.4689446497982757,7.220377404638454,291
Ouaké,1.466583805988777,9.677777839076278,217
Kpassana,3.6690137876394204,11.029937970767564,75
Sè,1.815142913375454,6.5208881424715,58
Location #8478,1.6938504485930568,6.555263425190501,101
Tanougou,1.4558041755128046,10.840528013521926,562
Natta,1.1431428859473034,10.234985046709323,39
Location #11378,0.8716386662706476,10.422021384084763,67
Lobogo,1.9412048513751252,6.744690964281888,139
Location #10504,0.9398213215631126,10.655539353648633,75
Toffo,2.0544063019675876,6.787643832974702,72
Zangnanado,2.395187946897133,7.248882872703154,152
Location #5467,0.9407871812977405,10.421766045329347,175
Sakété,2.6567651650031188,6.6995591830384384,57
Atchonsa,2.456392812658393,6.845671142153424,175
Firou,1.94411413534166,10.848341703017777,732
Gounkparé,2.942515851247583,9.43927315540436,294
Location #12348,1.7516034937263476,8.137749429135015,59
Ifangni,2.7265845288464248,6.629906066198855,160
Kalalé,3.1077501948600577,10.335415367715562,41
N'Dali,2.634077517657319,9.880557537992503,41
Bonhanrou,2.462007697331014,11.44693376458601,28
Kétou,2.605309158752829,7.1931596129986834,144
Location #5260,1.1144725697717934,10.426891659783092,186
Wanrarou,2.740963460626732,10.167078137982964,2077
Bopa,1.907257498530237,6.7113241567632995,155
Sonsoro,2.751429089123049,11.05127333229553,41
Djougou,1.63219936301873,9.745521928650284,348
Location #12318,2.433596049207737,11.056501786840212,59
Sèmèrè I,1.4248657589660358,9.507202917254538,85
Golé,1.7367290538373,8.416344732422916,49
Kodowari,1.5967101597198876,9.203228906022682,44
GNELKIRADJE,3.3290951356896783,9.943290331721432,44
Location #16170,2.08476102238738,10.922435343919187,36
Lokossa,1.864607041773318,6.740436680145938,57
Location #16881,2.623120901010531,11.29022017386026,26
Bopa,1.9411772911434082,6.559422406790342,590
Dassa-Zoumé,2.4010890186314793,7.726096846116161,90
Sori,2.7635830154255587,10.675170530413965,621
Kétou,2.7232379795871458,7.203142372984479,119
KALA 1,3.2698216445973447,9.730812943000062,41
Banigouré,2.7393495901365528,10.833187670382149,88
Houéyogbé,1.8824283849626229,6.462888826855331,268
Tchaourou,2.3289632493551746,9.108581768510868,93
Hounssagoudo,2.307658230171639,6.621978942673197,495
Location #8066,2.3553899367899964,11.14144482090575,106
Location #14494,1.3253029716859095,10.033379010946495,49
Tantéga,1.0464108526695821,10.830478329185777,101
Location #15477,2.3351274397060022,10.943479555729406,41
Location #6963,1.7381067172736802,9.542065343034043,129
WOROUMANGASSAROU,2.847702688036102,10.107185052699828,467
Savalou,2.0241304239823994,7.959424043330531,72
Savalou,1.7593734620959272,7.855989744902204,1655
Dabou,2.7355438525607614,10.181729815696988,44
Djougou,1.642657350934307,9.830358741254079,77
BOWO,3.0639529851184357,10.048622664531294,44
Dassa-Zoumé,2.292654692915493,7.629945557132039,21
Location #7728,2.4023740070486848,11.089825946175715,113
Kouandé,1.7968166318335672,10.00474865844048,423
Location #5866,1.6593126546207384,9.941694997970657,160
Sompérekou,2.5700616040404576,11.174079682029452,41
Koutangou,1.0537277585780058,10.359487075381985,75
Kalalé,3.2206221517842804,10.104689765536335,175
Domè,2.308913412639179,7.099099826361807,4998
Location #5470,2.1744121593650423,7.504519486874994,175
Location #13421,2.279897670522606,8.458216439264655,54
Kétou,2.685050517202003,7.28519089299782,80
Location #15530,1.063916384638076,10.279013223020298,41
Dassa-Zoumé,2.1207218716618095,7.73811447779184,59
Dipoli,0.9899657696388454,10.357340949072489,62
Copargo,1.5271241597535743,9.842332661016139,193
Didi,2.171070738389854,10.31158900491568,410
Gah-Baka,2.3979786529540705,10.18839436577298,80
Location #10294,2.114349122080971,8.273680967485609,77
SOLLA,1.3615273269069867,9.869981553963866,464
Savalou,1.7738772542718662,7.825536636878738,46
Location #7818,1.187262929740316,10.113700512800309,111
Kouandé,1.449574286601628,10.033104186250954,299
Location #4335,1.8552475389250176,7.425308482776895,232
Location #16146,1.413482044343765,10.485450734864065,36
Natitingou,1.3491370010914554,10.343397271187795,54
Agonkanmè,1.9912763499987614,6.367560980066555,85
Dérassi,3.1982066191455414,10.248284957233306,464
Sombouan,2.6369118067842607,10.516168125943665,34
Setto,2.0217374404656523,7.503979271294023,351
Location #936,2.248525497608115,6.769735217477553,1335
Gafa,2.509351276641977,6.790040194587399,15
Natitingou,1.2704799151155044,10.310659358084859,44
Dengou,1.724531619479703,9.280366522183868,36
Djougou,1.636454993564014,9.72738431000446,650
Location #13888,2.1942198209254506,6.775630560495824,52
Location #14589,2.5588916616825084,11.60573102083353,46
name unknown,3.008412787075005,10.180687267861781,62
Location #5912,1.7308661596870707,7.4875698038531695,157
Location #14866,1.159610202931692,10.419326767718633,46
Sompérekou,2.5457867219563535,11.303769507198973,46
Parakou,2.758758711226174,9.311555153332266,52
Location #1370,2.5435723093101554,6.7189440142946255,900
Tchaourou,2.4086020256980287,9.342257170330797,242
Goumori,2.1731925710277067,11.218245311946022,101
Ouèssè,2.5786323804726163,8.438260836652226,680
WOROUMANGASSAROU,2.84048825864147,10.093591055388428,70
Location #8585,1.4758776043360693,9.854078251276357,98
Kétou,2.660656661657499,7.40281743694356,64
Location #16589,2.32208412952282,10.941393222565623,31
Tchaourou,2.518027321072061,9.142325270799178,144
Aglogbè,2.6950019964925467,6.456413535443142,173
Gouandé,0.9612599833139265,10.775065247198214,129
Sonon,2.8698610258571176,9.52852501822832,36
Domè,2.2315190249980517,7.094227916925868,111
Allahé,2.270917319360117,7.127131547763147,72
Location #3637,2.634681935021342,11.634764917494323,291
Tchaourou,2.853214920660931,9.093214143376274,108
Location #15945,2.3818517145596965,11.084189080976252,39
Location #7021,2.5237531938795383,6.873574402021772,126
Dassari,1.1336072311209457,10.813988326709383,95
Onklou,1.9960294369033063,9.538743777566562,467
Touko,2.8508711379094467,11.110306108912242,66
Allada,2.1921812718306124,6.61885097577576,98
Ouenou,3.454719977441273,9.920937538821656,41
Location #5828,1.6544242283712418,9.338877468155369,162
Location #9534,1.7917337999934708,9.077100620289098,85
Abomey,1.912657062710341,7.171354107714803,75
Location #2417,2.651508070817427,11.407811479414969,477
Savalou,1.6907659380990352,7.911265273609055,49
Location #5229,2.384756168203495,6.652164670812344,186
Savalou,1.7398249409364794,8.272334445896737,214
Honhoué,1.904512953593616,6.548465049167276,142
Location #16675,2.6221131984166663,11.164777025645105,31
Kérou,2.094534801610993,10.802911303851879,410
Location #7864,1.0898337337441517,10.472924837611723,111
Location #15877,2.0225111166456973,8.119782402848857,39
Tchaourou,2.42185033017093,9.111789422609316,101
Ahouango,2.0555789264886966,6.686203549106819,80
Zè,2.2449314906328635,6.6829331843831845,286
Location #14728,1.6610273429818956,9.873565395881013,46
Bambaga,2.4603928759481724,11.555787190416956,237
Dékanmè,2.0053219839504735,6.568097804916688,85
Nikki,3.1937563510779836,9.77321046737175,111
Location #1494,0.9455956267486978,10.871817025121551,822
Location #9102,2.083059529741272,6.477575109974085,90
Malanville,3.5321713502090466,11.588858882104205,106
Location #12314,2.613855694884099,11.378229502436632,59
Location #6558,2.588689426252448,11.582338649292268,139
Dassa-Zoumé,2.3912896709143365,7.606630775434635,1590
Dahè,1.9267171760230641,6.500666040926549,250
Location #1550,2.7188289394504026,10.330714564506916,786
Location #8562,2.0001879839136283,9.801089658258194,98
Aoro,1.6575954774954815,8.84587655328314,54
Guessou-Sud,2.705266365426635,10.066052293012671,217
Tantéga,1.0137832769551087,10.762132678529174,67
Gounarou,2.8984959582358227,10.904259068341906,59
Ouaké,1.428656299367877,9.73896614516809,183
Tori-Bossito,2.095337056341482,6.571567526523554,335
Ouèssè,2.5120202874279975,8.710547799343841,103
Pobè,2.7317839737748906,7.03921372694223,72
Malanville,3.298030438696604,11.815246250101506,497
Location #11694,0.9322620146403715,10.292877412116376,64
Allada,2.0480674065434807,6.68239836018769,82
Location #6739,2.4390582337211724,7.847340753621764,134
Location #13749,2.6017800237271382,11.414574512143862,52
Zinkanme,1.9089246937951896,7.318529718834256,392
Kandi,2.978757054231647,11.076687741864154,36
Ouinhi,2.5370816842084256,7.103529017069128,113
Za-Tanta,2.17726505178188,7.2790881041149165,353
Cobli,1.085583680966619,10.499772362377184,77
Boya Worou,3.089900810655529,9.366585742975127,57
Monsi Gourou,3.2102184731221675,9.576199554749014,70
Nikki,3.258035076208195,10.12590949845406,776
Location #3511,2.4130003391736925,6.599812202792838,307
Boro,2.9503351169831546,10.345528311716755,23
Adjan,2.227490492098727,6.73189067279758,70
Mongo,2.862032780374095,11.15261751223498,160
Gbaffo,2.314060190776887,7.112011646596771,284
Location #15280,2.257833306617677,8.08588280532065,44
Savalou,1.6918968866797166,7.711503231865838,268
Location #1868,2.7103743876661457,8.159107729235469,637
Kalalé,3.292723012826218,10.42575342658484,196
Djougou,1.8223641209889432,9.92939875480032,101
Awonou,2.5599329368632837,6.765390478620439,90
Doutou,1.8840815358679668,6.5483195221029,570
Location #3672,2.9286415269614436,10.858007809024484,289
Teme,2.5092741253555157,9.875515187090414,36
Banwouré,3.0250547196052127,9.4769351465899,39
Doh,1.9457059816306648,10.364072767902226,77
Lobogo,1.8718595673079708,6.6656201355207125,103
Gnonkourakali,2.8241823199102067,10.139111849768843,52
Dékanmè,2.0145134038002896,6.543852230398174,82
Location #6854,0.8837716145324698,10.444011839531882,131
Kouandé,1.7500120589467192,10.402604830889684,28
Dassa-Zoumé,2.315239359565891,7.65601180091642,229
Location #11395,1.6385919219888085,8.571214865939735,67
Savalou,1.9836606641418262,7.964100560532087,69
Toussako,2.2897517324079875,11.235908304237283,67
Kalalé,3.2805919305823856,10.191672726317137,95
Allada,2.1738511264589437,6.703972321953095,528
Location #3987,1.8628197225120549,9.654012783934306,258
Kandi-Fô,2.9975805592636724,11.118666611716165,67
Nalouhou 1,1.6044321154922405,9.740226021028885,374
Kerou Bagou,2.7272597691123286,10.790915005059048,77
Kétou,2.6816488349928433,7.389848350187941,70
Akodeha,1.9163286350476643,6.513058267649501,64
Dassa-Zoumé,2.3452620370474024,7.642532124489532,196
Tori-Bossito,2.1982620573850733,6.468888851835658,278
Tchaourou,2.4432835352583653,9.355068500624046,80
Takotiéta,1.0656851865376649,10.315459039523457,34
Tori-Bossito,2.106004895735337,6.484028106302898,52
Location #15187,1.0575488456193565,10.292797982806041,44
Gounin,2.614150588673378,9.939054211005669,39
Grand-Popo,1.9314800067697242,6.320431141166784,59
Allada,2.21153074018273,6.7605169254253505,253
Village de Detekpa Adjinangon,2.210057867134205,7.254409196832922,59
Kalalé,3.5029214942228113,10.38793959787561,142
Location #12532,0.8222934438481421,10.586581767295666,59
Location #3463,0.9357748489026209,10.484113754691089,309
Savalou,1.9126707787047872,7.942579797612329,441
Savalou,2.1369237123585627,7.5340400233421345,193
Location #10640,1.2322726669042945,10.456114430258328,75
Batin,2.9809479212908156,10.456634161969433,191
Location #2180,2.6774424817232028,8.116598168423534,539
Location #5774,2.9038294520603474,10.892565545767482,165
Location #17073,2.194092354104382,10.838789541457093,21
Dérassi,3.192434480645592,10.260595674831931,461
Location #14875,2.6208962423545215,11.382534174550694,46
Location #15745,2.6609606279096405,8.004334109527607,41
Diepani,1.639134335361272,9.115893086722613,90
Aledjo-Koura,1.4453740807505073,9.329363867555568,75
Pobè,2.673813150290744,7.016918433084374,36
Location #16959,2.4203845340571477,11.077400711514729,26
Location #2584,2.035597972697084,6.531000324845762,441
Tchaourou,2.5946919223042677,9.228076209457818,142
Goumbakou,1.622632546392712,9.556515577254338,95
Ifangni,2.779503761768671,6.733732126328331,64
Manta,1.0978172739592464,10.412041490453316,75
Kodowari,1.5819768303931294,9.176167970242648,54
Gounarou,2.9890319383755544,10.954721114865182,54
Narerou,2.3299568392960284,10.113647728142293,44
Kpomassè,2.0418551239885647,6.420144842165684,309
Didi,2.154657459004656,10.282425245363013,108
Location #11846,2.4158528635983627,10.929220889892111,64
Béroubouay,2.7127616431724264,10.493303467535076,26
Tchaourou,2.671473468058954,8.88352065560673,521
Kalalé,3.208594213544931,10.406795327673873,90
Location #3401,1.3511753287795751,10.568085601738904,317
Location #2474,1.299702608409025,10.522485577393342,503
Faranguédou,2.891059126777113,11.18445588541182,111
Kokey,2.5492977951370865,11.42108693241461,113
Cobli,1.0038789238760613,10.530049017159355,188
Kétou,2.6673778163668302,7.192393202449886,201
Kalalé,3.147278970959207,10.135015603239035,113
Za-Gohoumé,2.2512588766690866,7.191757847726416,969
Kossou,2.079109544840305,10.7006760532791,108
Malanville,3.432738911978882,11.67998172108523,46
Hio Houta,2.2227649912773075,6.341727737877891,1546
Oké-Owo,2.6572091125913455,8.042250146972755,75
Sakété,2.6922089267805975,6.801748354834191,467
Location #17004,2.46781061417603,11.12808316318194,23
Bopa,1.9101934398633158,6.72180646108423,152
Karhoum-Yaourou,1.4608294469883976,9.83530300230959,149
Location #9848,2.03554452594892,10.444352272484558,80
Coussi,2.182684706778109,6.873451566974723,44
Location #16759,2.4302561495837502,11.096513845565347,28
Location #8049,2.295899348268101,6.769832812687723,106
Location #4029,2.5921467592377967,8.2100924789719,255
Ouenou,3.4739286819334914,9.887548298656476,204
Location #16991,2.3690798779723075,10.971396157921815,23
Location #6227,2.7465105081127668,10.97807325778866,147
Djidja,1.8028751541760912,7.341607461347353,235
Anandana,1.4154279905758496,9.918654630007232,64
Location #3763,1.3979914750895068,9.901529861063088,278
Yinwonnou,2.537962336879446,6.815798036238008,54
Location #15549,2.5194466668703903,9.932176205965973,41
Malanville,3.2643159940088755,11.898146649647614,2307
Korontière,0.9699995641712038,10.31595108066167,745
Kandi,2.8502079527570996,10.997378363488059,80
Ganoussirou,2.4997122392464726,11.376280004704464,379
Ouèssè,2.678865646435457,8.343555473474522,178
Awonou,2.5336459023648583,6.764938091628272,59
Faranguédou,2.8967100532502275,11.194588182712367,80
Séné 1,2.089586468113266,10.905845809132458,82
Donwari,2.848637777801494,11.17371086975217,75
Djidja,1.8742489246720317,7.403728809256287,126
Ouèssè,2.5441631283948367,8.759486575358565,31
Location #11201,2.7391572148760215,11.422583712928793,70
Location #3946,2.5208462374313867,7.8725070161043496,263
Kétou,2.7782546590090034,7.506721650823813,54
Location #5767,2.1569134429556462,7.189530917161773,165
Tchaourou,2.6578671157684743,8.891966853261955,121
Dassa-Zoumé,2.2171925487095283,7.806626901306519,490
Dabou,2.7487502186830874,10.17256856298085,660
Mlinkpin-Guingnin,2.158448147858025,7.33387829258545,49
Malanville,3.3853920648784217,11.735828092883857,46
Location #5585,1.6491092227525626,8.861034572104593,170
Partago,1.9037791318351958,9.57040715832201,209
Ouaké,1.4410925841474291,9.41575149817691,52
Location #8751,2.6119304845870053,11.614832844575437,95
Location #6349,1.6077335258504168,9.846782400792756,144
Dérassi,3.209428950573601,10.222446797255651,271
Location #5041,2.5677445251447613,6.672067884800556,196
Daagbé,2.719294315496926,6.576041721029129,93
Location #11047,2.597999531406122,6.849746659379739,70
Partago,1.9044580179379693,9.54753820189152,58
Location #8273,2.4636520548262677,11.1049190545364,103
Location #2479,1.7567343590105733,9.41309190207568,464
Kalalé,3.085683554320094,10.114740983725175,124
Location #10158,1.9205117146955066,9.635032023740852,77
Natitingou,1.351256436633423,10.358870281476479,1031
Kalalé,3.328099749910421,10.344301854506014,242
Location #14867,2.7685533683923214,11.02910779293694,46
Houéyogbé,1.915025339153543,6.5095540367674465,93
Location #4322,1.7372025922993688,9.530389911741313,235
Gbérou Kpanin,2.7859342621781775,9.936920981407297,67
Dédomè,2.0400888606184275,6.543660704680836,80
Wassa,1.5558410662411275,9.467567385494599,680
Location #11885,2.0180606864781923,8.27933460216785,64
Dassa-Zoumé,2.286491783602836,7.718071458360891,124
Aledjo-Koura,1.4413608635017503,9.301897448717867,52
Location #4329,2.6186888051288775,8.125107344724878,232
Location #7429,2.8536150778682874,10.928661019482357,119
Location #11366,2.3845384015747944,11.117935695635978,67
Location #7269,1.8534435468219093,9.670115909431924,121
TININGOU,1.3661144918700583,9.906279456902437,129
Cobli,1.0740118805699983,10.463966191506035,90
Peperkou,1.4536972868962725,10.424659094087248,562
Kétou,2.5400151456400772,7.592642492134004,278
Saramanga,1.808854604518637,9.222854571834668,80
Location #5622,2.127022199046091,10.119641018161955,170
Boro,3.0626141514720024,9.508258633965633,80
Natitingou,1.325072147284812,10.242042146656818,157
Location #12145,1.888805704126823,9.881175583883234,62
Allada,2.2312243352948142,6.746092811432043,278
Kalalé,3.4610816370271777,10.327724104949624,1853
Location #3657,2.076447784213352,8.386587685748164,289
Kétou,2.7192361511113496,7.411331786319674,93
Kalalé,3.3860893288174947,10.238729601190583,44
Ouaké,1.5158731411001218,9.511217966855169,108
Tantéga,0.9791027773524081,10.76637517900295,121
Parakou,2.7664678204549493,9.376475922453874,116
Sakété,2.6836115476044613,6.722279279607897,103
Location #4325,1.9867120211248719,7.270228390425549,235
Location #7954,2.631007090198577,10.874404467100653,108
Kankoulga,1.5659236380996395,9.940554525272788,273
Location #16085,1.0951255521534087,10.304079410954165,39
Hinzounmè,2.017516703175106,6.4746471773371415,119
Songorogougou,2.371222582404013,11.263311399374475,34
Location #16275,2.1646854222243848,11.28654736700237,36
Location #1571,1.87286558758731,7.581161262878811,773
Bouerou Bweru,1.9629472495505513,10.18847441097531,778
Zoungou-Pantrossi,2.9248171637321065,10.76561551298531,116
Location #3170,2.559816638285635,6.619651734600326,358
Founougo,2.613734017875944,11.546566194059366,41
Kouandé,1.6140446978423022,9.922423996040756,387
Kandi,2.98707578130119,11.208764834936854,82
Manta,1.0878133570912554,10.290774365520958,49
Malanville,3.371774013105907,11.756750358233353,52
Ouinhi,2.5215172871081575,7.043781569002075,106
Location #9497,2.806380023885294,10.934792220213652,85
Boukombé,1.1355361185293382,10.206201962690566,39
Manigri,1.7966899911425809,8.841947047766897,54
Location #4435,1.92489620928589,9.919838667136649,227
Location #15848,1.5750409329557467,9.497037921608868,39
Sokponta,2.231055336703544,7.869237004959945,49
Pobè,2.681579652728759,7.05090769345272,57
Kofounon,2.5509669253462115,11.518755100948441,196
Location #12632,1.7103541137533165,7.455051815816853,59
Location #17028,2.261148066315236,10.895915648591208,23
Kouandé,1.8082684681692414,10.38249745410516,39
Location #15458,2.352834246845573,11.028389821384307,41
Dogbo,1.8582990258223677,6.781518039329228,1124
Kétou,2.6867884142789116,7.636697413195547,907
Location #15140,0.9192931026392377,10.933241627838928,44
Golo-Djigbé,2.292458428912973,6.542132622322964,57
Ounet,2.4549729908331916,11.18649527074817,26
Location #15862,1.216292359191678,10.419420938857986,39
Allada,2.2541573112628446,6.637675141519056,95
Location #8364,2.958132476248698,10.923378444773192,101
Kassèhlo,2.0278524277263092,7.301308589005314,113
Allada,2.0644208473682,6.755141199514051,44
Nikki,3.3418938776990053,10.036706357742604,62
Location #13145,1.904778392747523,9.470150796388465,54
Kangourou,2.0471026750418826,10.764956361180785,54
Location #7363,2.577589873351281,11.455997608767177,121
Cotiakou,1.3154169576911543,10.608287357125729,518
Tagayé,1.3341103023339358,10.29420272920967,95
Location #6039,1.858440071695505,9.723743926966463,155
Hio Houta,2.1854130037509325,6.338133167473359,201
Location #12284,2.1562866839850017,11.259519260196518,59
Gambané,2.823498871401415,11.073978397330725,54
Gbantodo,2.485834037014158,11.55006112398049,57
Anandana,1.4080102627988982,9.922696761795061,72
Location #14206,2.6004200197871232,11.603249576255473,49
Bensékou,3.2111517370530316,10.932906443663308,108
Houéyogbé,1.8603734745545173,6.539722339069897,902
Dassa-Zoumé,2.2577191531643486,7.710577979743226,77
Location #13934,2.415668209892858,11.134046908045484,52
Kpakpanin,2.6076482833220496,8.864962793961812,59
Tchaourou,2.8991861161653953,9.127825356073329,54
Location #2689,2.1001827633831187,8.31219408684296,423
Location #13082,2.2057173591334656,11.271906525443137,54
Location #8490,2.410694101646668,7.825191756932602,101
Location #10174,1.956284153074161,9.564507582203548,77
Kétou,2.666725020858824,7.464833196105276,152
Location #13259,1.4735359275248154,9.679957436506202,54
Partago,1.895914412856038,9.514565638540617,222
Location #15104,1.724269171401051,8.84352679835229,44
Location #3661,2.595040141288176,8.203437079999704,289
WOROUMANGASSAROU,2.8452176354609513,10.09502750305461,155
Tagayé,1.3079758941150061,10.285722590731092,44
Location #13620,1.3789483353110694,9.996907387817846,52
Dan,2.0621792509824757,7.307173941478358,675
Lokossa,1.8373228506885797,6.720584115959712,126
Malanville,3.17487222397957,11.724415152174657,613
Location #16598,2.6573218356340687,11.310187979760096,31
Banamè,2.3498104606242,7.300467708828742,116
Ahouango,2.0059382358952815,6.469135179950775,1070
Location #3310,2.1558476825621358,7.237547492983453,325
Dogbo,1.798162184812594,6.830855249877841,397
Lobogo,1.8065241594967307,6.773601822324298,72
Kalalé,3.2501150002625376,10.230893635150167,70
Lobogo,1.8856858874133744,6.686860683473612,255
Location #9133,1.650549038120994,9.921757895195398,90
Zinkanme,1.9217535819452425,7.326798971120817,121
Savalou,2.0599215347733884,7.738200792136835,144
Agonkanmè,2.0150814967166224,6.408139255970258,121
Dassa-Zoumé,2.1459162398931046,7.847430465508105,168
Location #11725,2.5926650218060785,11.559586080912398,64
Village de Detekpa Adjinangon,2.208801565365964,7.261307759396071,835
Natitingou,1.3586008077057852,10.354333678935255,82
Lokoli,2.250701095347293,7.095421644638116,345
Houéli-Gaba,2.6020498976223365,7.0844400389758935,39
Kouandé,1.8118358150458491,10.110259482643036,23
Location #15338,2.053647913568864,10.483844998225916,44
Location #8988,2.353920011460716,6.801650962325287,93
Dantota,2.0656715509761074,7.299984967759569,57
Location #15906,2.378933198618877,11.574969422477018,39
Location #7281,2.5799396122497926,6.857484586466235,121
Malanville,3.5000866851504315,11.630016700476395,113
Tori-Bossito,2.063577835874754,6.562776601214057,39
Tintinmou,2.316507588931364,11.235676226142406,34
Location #7986,1.8026220239794668,9.145020881875919,108
Kalalé,3.361916663163682,10.361815633034801,291
Lokossa,1.7538203296228985,6.705055612834558,1296
Tchaourou,2.6121240887063037,9.22112531057234,77
Location #16829,2.599989134113388,11.277587363509747,28
Allada,2.035623265643304,6.6986726828400265,116
Location #3564,1.877478541123208,7.633250420266751,299
Location #16861,1.3709245901253888,10.428472138449116,28
Location #15082,1.637847556775018,10.478719491568826,44
Savalou,1.77697948202617,7.7199529860960645,1263
Aplahoué,1.7088697896366558,7.468224890836497,309
Coussi,2.153469461441496,6.829531929118618,49
Location #11206,2.835766795970388,10.181671945595346,70
Location #8296,1.7037703079183333,9.102552313310653,103
Tchaourou,2.5153164571671724,9.077938370275675,80
Ichougbo,2.5887246034328717,7.053125923011094,75
Tori-Bossito,2.202060127805541,6.58528466010227,2021
Location #7585,1.1175071624829123,10.453697415160448,116
Goungbè,3.6912213724189336,10.663292597195968,39
Location #11979,2.2379383816478167,11.116317604307541,62
Korontière,0.9778517983283858,10.23930077703259,77
Location #8699,1.1055600393923017,10.492573572407789,95
Bouyankparou,2.9979003865333085,9.45480383835284,98
Location #5713,2.608358575771717,7.130627768558448,165
Sanni Djoulde N´Gando,3.262313429414876,9.860001097700486,134
Ganoussirou,2.493967412531641,11.362882054528603,52
Tchaourou,2.4484820312842497,8.898283697112552,39
Fondo,3.612550890326962,11.039376656240778,44
Location #11318,2.2079818784633236,11.26598455642579,67
Location #14134,1.6648335670968093,9.927796200191137,49
Tori-Bossito,2.1141270119526054,6.522279679367099,101
Tchaourou,2.91926988947467,9.203361061345362,57
Yarikou,1.5510838264721365,10.433585404892806,613
Kalalé,3.318594354676106,10.365578509946687,472
Founougo,2.532422467528445,11.518964377298316,147
Grand-Popo,1.9438940074169306,6.310632372453851,193
Location #14490,1.7524141140884915,9.873047085308418,49
Manta,1.1171111586654712,10.324832603031979,101
Location #11343,2.548761017913613,6.64916607900391,67
Location #9949,2.049167517421408,6.78334299832679,80
Allada,2.219135712255031,6.744621055663511,70
Kalalé,3.2051982039772122,10.432516092383949,407
Location #5879,1.6763045585727943,9.330060983857084,160
Kalalé,3.0256357985410323,10.109273843502367,534
Sonsoro,2.7957050304289175,11.074767345651512,75
Tchaourou,2.940337740237973,9.331390899791565,39
Lègbaholi,2.0926383517662384,7.418670777368266,72
Kétou,2.7169630716020627,7.441458904915471,129
Arbonga,2.4303314711900255,11.413243508463276,67
Waranzi,3.450769007347173,10.93451845306972,64
Location #8734,2.532039636309716,11.561064236556017,95
Dipoli,0.9902838588342648,10.399734495431336,235
BOWO,3.0614688290249403,10.04103483774087,36
Malanville,3.205640635509815,11.679142255548689,54
Parakou,2.5780576175530916,9.406299407623386,134
Agouna,1.7940424279478544,7.5368652793494135,698
Location #1235,1.4184790114890837,10.485370752495195,1010
Location #5261,1.0157178869684629,10.217685537470903,186
Location #2976,2.303766281802691,6.781178879102993,376
Kouandé,1.743119763611074,10.773032695029915,28
Location #177,2.455180249540029,6.497365665455355,6629
Ita-Ogou,2.66669801881719,6.907136469612411,90
Gbékandji,2.559234791579121,6.696154393303946,152
Copargo,1.6031447945740607,9.871433403161245,39
Location #10471,1.1044222238226795,10.479882756653023,75
Location #8126,2.3275678601838132,8.223344961746303,106
Location #3553,1.0300853812053248,10.761552672357984,302
Takotiéta,1.0476850776388815,10.327867785709007,28
Kpessara,2.8328661139406766,10.431161917089634,206
Kétou,2.7140836698527115,7.268895719467635,142
Location #4407,1.3331569552767373,10.600398893110732,229
Location #15829,2.4181602552743935,11.121874531333097,39
Location #5676,1.1569586834191523,10.483195427717549,168
Location #14634,2.6368128952258982,9.680199199455602,46
Natitingou,1.3888648466433702,10.39672384509583,28
Kountori,0.9188944227883378,10.430664315988569,67
Location #8458,1.706394632452904,9.86459167990953,101
Péonga,3.267265635872281,10.329689328621665,98
Savalou,2.0573073824526165,7.861235978481812,31
Gah-Baka,2.4074086481856707,10.180294665780675,49
Location #7917,1.8484993405444443,7.412029485080836,108
Kétou,2.6704461355044335,7.395621759483606,160
Djougou,1.698038847956721,9.82811024922285,93
Location #1829,2.434941512063853,7.835718609726292,650
Touko,2.838833315241222,11.088025927072305,88
Kalalé,3.1890213747663556,10.363835876303202,67
Sakété,2.7014759167274494,6.8183134232380915,162
Borodarou,2.9106523961448887,10.983488037627893,62
Location #16754,2.4239327120887326,11.104996788484282,28
Kotacomè,1.7106713419533504,6.568566609137066,162
Dassa-Zoumé,2.3514050811736587,7.582146261622022,121
Location #11519,2.5828129083248625,9.46269613306776,67
Location #8929,1.486240720596177,9.968859375689465,93
Boukombé,1.0164810489418243,10.235563055113634,82
Location #10483,2.5947876535333974,11.556429045454255,75
Location #17117,2.2275479053939238,10.887571523619824,18
Location #8332,1.1026606566994357,10.49373658438074,103
Sonsoro,2.781561101614491,11.059731932395403,103
Ouèssè,2.565056789624285,8.644246257370558,119
Location #8777,2.0829372798576746,6.485126282819719,95
Location #6609,2.3308436880479997,7.0738887916787965,137
Materi,1.1746504537866254,10.725159752763476,119
Dassa-Zoumé,2.396967653340572,7.644022655655287,80
Péonga,3.2832175868905646,10.345515241802401,260
Location #4804,2.236737833254518,6.649660421500365,206
Location #7705,2.1941314669005627,6.851891875833313,113
Location #13177,2.2888408877071247,11.312910092205284,54
Location #14033,0.9559764507669937,10.844088563012859,52
Location #6136,2.2467057095317116,6.69737748205436,152
Bâbô,3.63460268019594,10.667960462891006,54
Hio Houta,2.1615754507620504,6.335526402042888,101
Dogbo,1.7838916752978975,6.847220608219784,1523
Nikki,3.4497440269520836,10.101565012079057,46
Partago,1.4703441361905307,9.342267946872042,52
Location #13480,1.3675260003196381,10.111283117035743,54
Copargo,1.5725860490375938,9.835863349241633,173
Kalalé,3.1310208034192493,10.292472845079892,139
Agbohougoton,2.065391953975151,7.3413588607392395,193
Partago,1.9232908961768502,9.506416827272888,121
Houndossodégon,2.1153572106125016,7.367570197726987,77
Sèmèrè II,1.415928069952245,9.495134289222188,44
Location #4598,2.030401299930233,6.534520278499322,217
Za-Tanta,2.1941105488550874,7.267347932893493,59
Location #12031,1.2389094689934714,10.472547365105376,62
Location #17134,1.867221736646642,9.820517707625442,18
Location #13441,2.7904066638750225,11.043003641582288,54
Goumori,2.2079541847281443,11.143954980610447,67
Konarou,2.877580993303895,10.319477987346785,44
Tori-Bossito,2.073040202754591,6.57751390071052,170
Location #6318,1.8738023033449165,7.598282711468489,144
Tchaourou,2.5157272100942523,8.821768063080993,240
Bopa,1.973131418466083,6.713093641622201,131
Nikki,3.3744655968664206,10.12149924048799,572
Kandi,2.9825072383043914,11.141565580301293,121
Iloutan,2.6317453908261292,6.915040774202673,85
Sakété,2.6303248486401882,6.725568108469706,46
Ounet,2.477274619655438,11.20655706789186,59
Gomè,1.9913670929953609,6.363455137845158,98
Bohicon,2.1973338944230507,7.1623632309279746,376
Savalou,1.6386236882803271,8.082827670701752,1059
Daanon Kpota,2.0471942045758147,7.41210816682315,186
Location #8271,1.0062067858094128,10.585555862124545,103
Kalalé,3.2675181203866,10.426062073837695,348
Location #12749,1.4525303978862327,9.873254425518754,57
Location #1628,0.943626219169689,10.77906268990042,742
Location #9867,2.8350029564360986,10.17199867721422,80
Location #580,2.2116399022497784,7.074469539562195,2137
Gbéssaka,3.4047224174516995,10.957887645498516,64
Kongou,2.9232173025641575,11.202689427749293,67
Gbèssarè,3.732148885669931,10.9863434873868,34
Manta,1.0894660542484895,10.411718230070079,294
Tchaourou,3.0644622968444337,9.14946627980812,34
Location #4023,2.2365940788693157,7.520389542925834,255
Kalalé,3.1360210356124254,10.322404151180326,77
Location #15492,1.3709751581497163,10.43126515541504,41
Toura,2.3573128071025873,11.087285298522277,80
Location #3452,2.4551878246147854,7.140672149255051,312
Dèmè,2.1754337343958845,7.066930355212234,2191
Savalou,2.058389437004233,8.085036357630896,1459
Bohicon,2.1379353146317723,7.1781260861858565,49
Banikoara,2.461423120662928,11.16623630084322,57
GBABA,2.858606256821838,9.899346053342125,495
Kétou,2.5823143314656583,7.3256005638930235,1526
Péonga,3.273566041505067,10.459755030095197,946
Sampèto,2.4384668066088038,11.62524150585982,108
Founougo,2.5583524541415326,11.490705482747941,75
Location #1220,2.4457211031063215,7.13746676368054,1021
Location #16625,2.0285416321383467,9.889812392802025,31
Lobogo,1.8612322754603126,6.657315431104955,299
Atchédégbé,2.530481521250779,6.7906322942629735,745
Kouandé,1.7093198812073145,10.522243669503267,31
Sinendé,2.3689537341629947,10.308754137798056,108
Savi,2.114481148297604,6.433725842883021,652
Location #7826,1.9755896493460388,9.72183707080358,111
Location #14470,2.6198304342483207,9.71405593908112,49
Location #14835,0.8632624401208441,10.398031669037726,46
Manta,1.1184246263207354,10.295369371555216,142
Bafounou,2.541974580058286,11.42247324892301,49
Location #13501,1.1267980784942642,10.558618505690095,54
Allada,2.1386786744710307,6.629083397014641,90
Dannou,2.475947593076103,6.64097879043009,2052
Banikoara,2.384366403155577,11.297427100321714,108
Za-Kpota,2.2222328923557435,7.215784209059402,214
Ouidah,2.0713881388413267,6.4271017656204865,237
Kori,2.509286031133009,9.922206345772675,31
Mlinkpin-Guingnin,2.151181091823605,7.327108224589728,77
Djidja,1.8890228386953567,7.36723602525551,80
Kpénati,2.3881316688101406,10.164711106452874,624
Location #11561,2.6188699635365897,7.104693734015649,67
Ouaké,1.4731733644403835,9.467234297436345,85
Kalalé,3.04280384373017,10.38729388991485,425
Bayakou,1.734202607747175,9.38244884554811,49
Danno Gah,2.9854487853989284,9.734974314541478,52
Location #7254,2.093888279400946,8.370445424508617,121
Boro,3.035508396994353,9.489662760914952,98
Grand-Popo,1.8204354384405752,6.365340155262586,101
Anandana,1.4570899781766224,9.896590133178318,247
Ichaagba Adoundoun,2.635636894820972,7.088825435149639,539
Boukombé,1.0887534369620302,10.166667785569002,77
Kétou,2.670852043965667,7.389064461557071,106
Gbékponnin,3.081191747002432,11.420826968172191,113
Missité,2.0119206312842683,6.464712347734576,82
Gambané,2.8411499610523654,11.067853147507465,70
Lobogo,1.8385555649795895,6.679432421964452,423
Location #10156,2.097482496687999,8.295644888203984,77
Location #9326,2.365328288061305,6.79730791689277,88
Gakpe,2.09592447158376,6.47085097856551,72
Location #5816,1.8469957096655476,6.416600908808767,162
Bagou,2.689008842674857,10.842821976155854,26
Location #7042,2.82815749509671,10.948376398784928,126
Dassa-Zoumé,2.269495400157513,7.591609315622847,39
Tchaourou,2.899377083637112,9.212374057528674,72
Allada,2.053699970914053,6.74010298876402,869
Banikoara,2.4790917866818902,11.156549361473003,31
Location #1759,2.4341235864537865,6.831584014592402,680
Ounet,2.3864265220621776,11.158012638923067,28
Tchaourou,2.746177503737338,9.227715153733536,82
Savalou,1.7558408281374576,7.9945612378064945,956
Location #15244,1.8639580518204828,9.837095645638142,44
Location #7545,2.0536864802027335,10.525258310388375,116
Ouaké,1.388975004966132,9.726703403818425,131
Takotiéta,1.0383835316586052,10.322518788564821,119
Igba,2.5775910944879694,6.998088169281256,237
Tchalinga,1.406410178976184,9.780690785677152,242
Ounet,2.40207400442138,11.151110794820422,57
Manta,1.1115550482933227,10.363241083282567,149
Sakété,2.7081932865153338,6.754142569382728,119
Taba,1.6168252194356896,9.282141585673775,34
Yinwonnou,2.542692521893513,6.8157864484160395,77
Dogbo,1.844199149941134,6.829363418826474,214
Sontou,2.922266976394624,9.693433180793964,49
Tori-Bossito,2.0923670832425953,6.523717840792136,70
Goro,2.528039782606195,8.99210311108684,134
Kouandé,1.5155016992030237,10.06557743885355,44
Tchaourou,2.8498625443062915,9.165773017011832,46
Illosso-Saharo,2.5874287189176894,6.7656244319091785,106
Dédomè,2.022350484354237,6.551055321310681,307
Location #2348,2.8959609938633615,10.80657285449644,492
Tchaourou,2.7207917214963064,9.079329035907787,155
Location #16415,2.2412853188762867,10.794647867065619,34
Ougoubigo,2.50040308115899,11.655412754677505,44
Location #3563,1.5916975767219088,9.510113705553461,299
Location #15415,2.9509245545667944,10.892469354117209,44
Location #11139,2.173972923060049,7.319177593682622,70
Grand-Popo,1.8327382894106907,6.378439465394144,57
Location #3355,1.9817539312724652,9.608823161374415,320
Location #15034,1.2024190683382834,10.253217104600559,44
Kétou,2.63744812507316,7.581249026301374,763
Houéyogbé,1.8251260760000847,6.644180452992382,121
Location #5850,1.1094486419083758,10.49759815555566,160
Banikoara,2.5126346478600907,11.210485310998251,106
Kétou,2.4963946289889476,7.284292024192284,46
Kandi,2.9297807947419527,11.090174258611883,410
Kouandé,1.9371189293400513,10.688536551599151,88
Pobè,2.6396728878310576,7.097795581080763,62
Tisserou,2.886588887715392,11.10238018973295,322
Location #6160,2.3588658280578025,10.961207620782627,149
Location #11093,2.8475807428975393,10.696557613464234,70
Manta,1.1385195081808073,10.354742670336542,44
Gbaho,1.9980477134459578,6.475176060730603,263
Parakou,2.5962415318444316,9.41336049571323,57
Kétou,2.6487977138291297,7.462161660007233,237
Gbada,2.5266239149056613,6.655654848370287,62
Location #13516,1.6425473592920845,10.49289658239426,54
Dassa-Zoumé,2.1067519686691756,7.753335406933836,253
Dassarou,2.93350848377902,10.042492922383639,44
Location #12684,2.526216724697808,9.538941032540968,57
Dassa-Zoumé,2.3655561028648058,7.485478648480564,531
Location #9465,2.137605780301709,7.227646919218232,121
Natitingou,1.417770172214218,10.308934593235701,129
Natitingou,1.3619055623605894,10.39881779232273,541
Savalou,1.721666547132512,8.029814933732403,106
Location #10766,2.7816025354492764,10.984950466052455,72
Kokourogou,2.2054856664933298,11.28514385956369,54
Domè,2.25934041230048,7.1046710678865335,235
Tori-Bossito,2.1340902587064825,6.605848808432326,44
Location #7151,1.6390641015803642,9.870800207630001,124
Manta,1.144677209652603,10.410251084634863,85
Djanglanmey,1.8036698368166897,6.408437428053958,188
Kouandé,1.692015744834371,10.465153963298748,1049
Ouèssè,2.5654617075165778,8.36750773674897,80
Kalalé,3.134150063336233,10.279586449247981,137
Bopa,2.0038357912669023,6.667283921092844,121
Kouandé,1.6664814435537805,10.294217890329216,54
Location #14135,1.3084508204991867,10.192065254500378,49
Cobli,1.0448925482405096,10.497317990553972,95
Yoko,2.646308365425507,6.777746112474888,72
Morou,3.277393224169144,10.650639692529893,26
Beroubouay Peulh,2.713170667342001,10.502493908985606,93
Tchakama,3.301422053827928,10.903669230760894,36
Yingnimpogou,2.443748067319817,11.549063938441476,62
Dogbo,1.8145956208705778,6.752890058046654,214
Koko,2.78445994133994,6.707305005881477,80
Tchaourou,2.585831197075763,9.108419870332641,193
Aledjo-Koura,1.445353660484358,9.296717937990794,62
Tasso,3.1987462471712362,9.655844480126007,62
Kouandé,1.7493373506844359,10.463448810449286,85
Zinkanme,1.9471735272503683,7.281892636377545,892
Lobogo,1.8645317268422368,6.663845848797849,183
Ouaké,1.4639395288091235,9.667154867754697,180
Tantéga,1.068044835324176,10.843954171633435,126
Dassa-Zoumé,2.4061269711213864,7.813013446532451,39
Zoungbonou,1.8242244057012715,6.544207637749685,209
Kandi,2.801577494629335,11.042939292203238,101
Ouokon,2.4572887381414135,7.0620532703666035,57
Savalou,1.7968804927417819,7.822669272945993,229
Tori-Bossito,2.110932427324382,6.5793562730623,57
Founougo,2.503699536934902,11.51741174771879,137
Tori-Bossito,2.2124466056749212,6.542477752118486,72
Toura,2.3146604061012153,11.277262410165138,52
Dassa-Zoumé,2.1333462071123908,7.838532201615401,2199
Lobogo,1.8483108804790405,6.676673676995096,49
Location #14836,0.9170985159666819,10.353758376943858,46
Yoko,2.6245708606597278,6.754031090084347,52
Kouandé,1.7283898544375405,10.032689002576708,54
Tiélé,1.2111598646420876,10.727015406798117,88
Kandi,2.9163331832123305,11.078023516959366,211
Malanville,3.367729632233913,11.741509406690383,108
Location #12211,1.9074684100623756,7.230249962017545,62
Keroukpogo,2.6502239393231384,10.169098835865496,923
Tasso,3.275073444347267,9.71136708408053,503
Malanville,3.528739834485925,11.656992628469316,170
Location #2704,0.9763462092300135,10.629558086022898,420
Tintinmou,2.345982644717157,11.24028473702239,505
Pouya,1.4654416464571727,10.250545321067992,49
N'Dali,2.6625454657869834,9.84411268666552,75
Kétou,2.640080448759968,7.453085769643972,52
Location #8077,2.8435875318133657,10.713426274615687,106
Location #4371,1.025008390212469,10.564358103815456,232
Location #9345,1.6436405654680135,9.882260526163416,88
Gandobou,2.657709878892519,10.764775593738392,95
Bohicon,2.171694656148704,7.171505636424854,263
Location #8540,0.9138905471838754,10.456472630385255,98
Tchaourou,2.880939748406578,9.348921685637194,49
Sakété,2.677667446225526,6.80519227889651,70
Location #2882,1.051304332717951,10.52476816870676,389
Location #4638,2.180218798350243,11.03886602649395,214
Kpomassè,2.020216304628636,6.42738786097902,332
Serekali,3.149801089799346,9.909942596591973,59
Location #6808,2.0176094462158325,10.311000345892252,131
Ouaké,1.4305553659981347,9.418849804666944,64
Karhoum-Yaourou,1.4599150149901579,9.828606910955209,1057
Location #11334,1.7081856491718654,9.939664216733854,67
Daagbé,2.718846151579063,6.599054995620599,750
Tantéga,1.0044825665703734,10.833987113558894,52
Location #3050,1.8768769855494742,7.543629037250106,363
Onklou,1.9957348500872902,9.555439204264792,82
Savalou,1.84249218789386,7.727435370123797,85
Location #4507,1.922470850932056,7.265543103425253,222
Malanville,3.2321703888907742,11.83847516549938,1152
Location #6440,1.8521880496518377,7.235966717736304,142
Tanguieta,1.3417121659841513,10.688212204233578,258
Location #6314,2.4146119591569324,7.427601562067097,144
Gninsy,3.024491557777651,9.564295008602937,155
Bopa,1.9733614640643222,6.730066244316984,54
Daagbé,2.716646333196679,6.5657859747593275,1704
Location #4239,1.9071926800691095,8.128028988230673,240
Dassa-Zoumé,2.351617992943094,7.805629654727478,286
Location #4444,2.5541990996364485,6.664994792188666,227
Affèssèda,2.589163851733257,6.917037935381995,902
Takotiéta,1.0608470673698005,10.340732445676702,113
Guéra-Nkali,2.8999456010272895,10.27032201898121,2817
Dassa-Zoumé,2.415670990925097,7.760199636190473,90
Location #2569,2.2309408147519556,7.9101562893670465,443
Location #9857,1.9507769464353357,9.5854842656924,80
Location #7237,1.1758053665270887,10.493648169246866,124
Location #5369,0.928920052606905,10.831961091490836,178
Kétou,2.495986859211859,7.6690775580733455,80
Location #7354,2.4424504735243384,11.490315572121217,121
Doutou,1.9290885533421334,6.5823405849346805,165
Massè-Adjégounlè,2.5013084136794914,7.166018506040792,4385
Kabo,3.0323170634294327,9.129336832853898,116
Biguina 1,1.6429008994031418,8.686764012108352,436
Adourekoman,2.27892287780099,7.83496659509501,1446
Location #11714,2.8486316489792856,10.987121838427209,64
Location #9582,2.826074850860523,11.000418770846453,85
Ouidah,2.1753600494498224,6.393758780243431,987
SINANGOUROU,3.1412315677459905,9.785075120610161,106
Tanta,2.2185688492725486,6.713527875614843,157
Location #5121,1.1017100905730584,10.583970436598566,191
Za-Kpota,2.2200244498442236,7.152334225133928,98
Location #15118,2.040073547459351,10.730468892035162,44
Agonlin,2.0786554846634266,7.0165569541008,1559
Location #1326,2.33173161544069,10.939503977666098,928
Kalalé,3.133933223696781,10.27427085049955,54
Djougou,1.627433636610994,9.684777667315803,291
Location #15197,1.0544752246111566,10.5987375879118,44
Location #9634,2.4098157599934646,7.0243976707351035,82
Kandi,2.9844777116575774,11.202525204318595,62
Sèmèrè I,1.4324955243131494,9.537621082372313,41
Bambaga,2.506776112755451,11.562975100855054,52
Location #10981,3.226821256384256,9.610975117485541,70
Location #3039,1.6346475633124267,9.179316570513535,363
Kétou,2.671631787596293,7.470297814576891,54
Location #2245,1.3872906425962785,9.951736733459802,521
Kalalé,3.570244296488312,10.552879554511428,93
Boukabo Kparou,3.095823332268714,9.520024873641715,49
Location #11518,2.005944230343554,10.855616961966843,67
Location #16744,1.1281904271025638,11.099464514405662,28
Tantéga,1.0046504251307482,10.775152604925838,85
Korontière,0.9991486159736825,10.291102189228411,52
Ouaké,1.4422019997503592,9.437387821232772,44
Malanville,3.4579572524586357,11.56400536663865,28
Location #8178,2.242258633443065,7.502950509367742,106
Nikki,3.4687310764407906,10.098843358440096,763
Bassila,1.6680238513311443,8.946582173432216,34
Tounga-Yacoubou,3.7110594196427424,11.064375998428298,469
Anandana,1.379020180614351,9.948773203314017,160
Malanville,3.418022657618252,11.846264339040637,289
Ifangni,2.726540686094917,6.554525365515933,111
KPIRÉ,3.145377397543298,9.732834644516245,258
Cobli,0.9948884836711891,10.562075485130578,54
Location #6222,2.1182493125861113,7.411892413653069,147
Goumori,2.3026523654001165,11.108232048770848,39
Towi,2.5517194117803146,6.896197821080595,191
Dogbo,1.8489229148096815,6.830349378733352,57
Copargo,1.6102654424680194,9.871227372314438,147
KPIRÉ,3.140710968180704,9.718037834902942,59
Location #5451,2.077572637680666,6.479596033820193,175
Location #3059,1.6359395382067534,9.376964457978676,361
Kandi-Fô-Gah,3.0014504639294293,11.03951209122477,34
Lègbaholi,2.0781423856494112,7.416187687615419,157
Tayakou,1.1946306495592636,10.497862186822028,44
Location #11634,1.3002270109995788,10.469228424845175,64
Ouèssè,2.5983587887258603,8.424965912096676,608
Location #15085,2.5848332885710676,11.55526702027112,44
Nikki,3.449336230376409,10.10581574363744,46
Parakou,2.5854521203296623,9.281535943183966,443
Dogbo,1.7458211934008165,6.807248106652264,209
Location #7356,2.080008918253539,8.141528442099368,121
Tabota,1.029418289613221,10.398658405126035,49
Tantéga,1.062655035534146,10.838031520098149,59
Arrondissement de Akodeha,1.9069235406410965,6.4337431210143965,209
Malanville,3.1760374577322006,11.576635681583717,36
Location #9872,2.046964170920988,6.38497499542626,80
Ouaké,1.4774108406578565,9.651697831680716,70
Kouandé,1.6428274090397417,9.992936804624,36
Tchaourou,2.5850603389585283,9.01841625015907,235
Location #3986,2.2157612513231193,7.102963135075581,258
Kalalé,3.3295881537468444,10.303744970598578,90
Djougou,1.7448706338133815,9.697841828412207,52
Toura,3.0922131702818385,12.173895284053847,41
Malanville,3.165243047372041,11.719098218282454,64
Kouandé,1.6722818357374551,10.013063756539633,88
Dédomè,2.034841340609064,6.573873688515717,119
Agbohougoton,2.0589631771357038,7.3577267754979605,322
Parakou,2.632944112202079,9.27767299337945,281
Kpakpanin,2.586085138255092,8.79107894262086,72
Location #4159,2.547761752233835,7.967033208428832,245
Sakété,2.6178878346811865,6.73305670839141,59
Location #4106,1.2477577036968743,10.496477230169411,250
Sampèto,2.4220804426746203,11.641019974492519,41
Tagayé,1.3082229945262474,10.258300444163112,52
Setto,2.140727511216032,7.5135713685541194,77
Nikki,3.3335599652067627,10.004398600054826,90
Location #8284,2.4196327395567914,10.811774616559347,103
Ounet,2.4061783916490147,11.248804209976292,31
Gah-Winra,2.745095445337409,9.683744736385773,64
Ouénou,2.6777417432631205,9.834307109856361,119
Boukombé,1.1194542221856139,10.188874382895282,196
Location #10418,2.0318589094893276,6.513499450345834,75
Dassa-Zoumé,2.3668854266637673,7.664101060463517,160
Parakou,2.7074177289781995,9.304867099444538,59
Location #12005,1.3825278958248441,10.4309706807094,62
Savè,2.489421320966924,7.983182888341857,103
Basso,3.6922393752557245,10.526116270196153,325
Sissigourou,2.8771573803478963,10.260788421025161,59
Ganro,2.828093644937784,10.366337321908942,57
Agbangnizoun,1.935520160752247,7.077996532828715,168
Location #14120,1.1133097905910627,10.314216737714702,49
Abomey,1.9036095753531264,7.13145561403387,224
Location #9813,1.096736609018133,10.542356382098024,82
Kétou,2.6062388783138513,7.236511374711813,224
Honhoué,1.9041543780495107,6.569792446543256,227
Malanville,3.3346380830423596,11.644166979475498,52
Dassa-Zoumé,2.3721946558491522,7.583474378058219,142
Dassa-Zoumé,2.160789447099024,7.550291905991923,88
Dédomè,2.0361576680951883,6.569252745020097,286
Location #6784,2.659969530830579,11.293648824179941,131
Location #15954,2.1071871022454314,11.086943386889741,39
Location #15178,1.7635384995812489,9.949367747883999,44
Location #8739,1.4973405588170934,10.11909542869992,95
Thuy,2.9645451453265306,11.31200455340338,49
Iboto,2.426829444309004,11.332133760552319,113
Tchaourou,2.759455171595549,9.098425196228705,265
Ouèssè,2.6130179685813437,8.532519275120984,144
Location #12705,2.5725925597727084,10.703725056594944,57
Tchaourou,2.557943034552503,8.859191456243813,191
Dogbo,1.8374487056783149,6.768120608371627,534
Batran,2.362809602918295,11.385271934315881,116
Location #1313,2.438904988771038,6.554462623773671,938
Atchannou,1.7826355988352016,6.5243335665228015,835
Location #2879,2.2555726346783738,6.756852543808164,392
Location #17119,2.252369688341269,10.837600782711391,18
Pobè,2.7053379643768185,7.158127027967307,3070
Location #5959,1.6931628149324034,7.480921362852352,157
Lolo,3.071489175228289,11.265020710649582,2418
Boutou,1.5301505609525474,9.436622758001747,72
Dannou,2.47555928257572,6.65490679554302,1665
Location #8315,1.1830581940704399,10.422186318108684,103
Batin,2.9895305937736723,10.464953831758669,46
Adjarawamè,2.554645723490774,6.828040946430456,46
Démè,2.4367600815826576,6.694672210671215,418
Gbaho,1.9974713116368952,6.468586443717345,219
Bougou,1.6419870320500456,9.420012058389077,64
Location #6821,1.717977665321565,9.89944640615153,131
Location #8220,1.4812271444508491,9.39938684109121,103
Ikouagbou,2.980304573360545,11.319181094625659,72
Kétou,2.4897889169378518,7.342649919118517,116
Location #13477,1.1889215649512506,10.398951935887913,54
Pam-Pam,1.4740834833577365,10.092610779189073,778
Location #1087,0.9608370211016583,10.869003116710338,1150
Sanni Djoulde N´Gando,3.264723995569839,9.858453598807195,59
Location #11717,0.968186690618203,10.327210921278386,64
Location #9144,1.1123360679123322,10.4083118574712,90
FO DAROU,3.266940535582,9.676366734134243,232
Ouèssè,2.153020235458802,6.426571845243153,103
Donwari,2.8321186899042483,11.104819953807947,67
Gbanou,2.529697693273922,6.886354656721347,137
Lobogo,1.8659167526562395,6.691347721742214,399
Location #13795,1.0096595269605382,10.5739543426973,52
Kouandé,1.7210054280997433,10.546889812685578,64
Tindji,2.1476432296993018,7.239084304639285,247
Tori-Bossito,2.1573107516012837,6.5468853106847344,796
Avlamè,2.1193112253045108,7.105272333804891,1130
Location #15003,1.166107174421802,10.507204206268224,46
Golo-Djigbé,2.2966357003678595,6.5351643608607,77
Allada,2.1080307291939446,6.669998330736198,131
Kpoulou-Idi-Èkpè,2.5656748057872556,7.039546885724521,44
Tchaourou,2.670563873748942,9.015500042003,85
Tchaourou,2.108330638604986,9.147710786967346,39
Fô Bouré,2.4192999790098044,10.093403272367668,67
Location #2828,2.060606889009397,6.516042461280961,399
Dassa-Zoumé,2.1535642306281884,7.897375159890915,1879
Bongnami,2.903149832840032,12.244445975982758,825
Location #5970,2.631881805729552,11.213482873994513,157
Dassa-Zoumé,2.2645767898535207,7.739026233338335,39
Kalalé,3.0927948047856466,10.080194717636152,1075
Nikki,3.178604525565574,9.842527413766003,827
Boukombé,1.0720602425601515,10.215106880571184,72
Location #11669,1.0223283283125038,10.590306683311363,64
Location #15850,2.59178680496811,10.717413167105908,39
Location #16667,2.83257440044666,10.274385414563623,31
Kalalé,3.5160530870360525,10.251116976602288,39
Tchaourou,2.800967774399353,9.11124452070645,39
CHEIN TASSO,3.2451629269480815,9.761127726719401,155
Bembéréké,2.6824616768491625,10.20134926865558,495
Dunkassa,3.129907400170934,10.36135210241096,21
Sakété,2.7116686131787247,6.752349209611961,57
Allada,2.165912849730324,6.620791753262459,286
Location #13654,1.7273693272552455,9.581763486039193,52
Kalalé,3.226960034114805,10.386683864411182,103
Kétou,2.514322248458546,7.254076536940663,54
Location #9787,2.567603930325086,11.623839413844003,82
Location #12499,1.687657507602665,9.398277712616506,59
Tchaourou,2.5213765594866073,9.187796501675782,95
Dérassi,3.206259020407186,10.222482113378474,82
Location #12944,0.9913215026985558,10.612167437681181,57
Ouenou,3.506693706770121,9.889014815055194,36
Kalalé,3.1608695726082194,10.08317565863414,31
Ègbè-Agbo,2.5634120072626896,7.138919156289645,62
Houéyogbé,1.887044362129848,6.46604583846586,214
Location #14496,2.582526404364752,9.641440329851012,49
Allada,2.0436067289334603,6.6944599847675725,889
Nikki,3.383930993005121,10.033255777834876,126
Location #7774,2.764631827285777,11.0148387786056,111
Ouèssè,2.576633623603223,8.730815523749413,126
Ahlobé,2.2342956510836447,6.346450062422899,168
Location #15084,1.3919046536123498,10.102940762447501,44
Location #4820,1.723674877850966,9.912684662584946,206
N'Dali,2.59080932618008,9.82680542057224,36
Datori,0.8650459289819329,10.363715969638106,884
Simpérou,2.508975540072072,11.302758335291626,111
Bayakou,1.700331019899839,9.367020169519932,157
Tchaourou,2.489996643219037,9.098238265796445,75
Damè-Centre,2.2562291616268806,6.852426331896599,67
Ouèssè,2.3917519170129506,8.297442512298812,80
Location #16709,2.5629217069492745,11.560888587362554,31
Athiémé,1.7065773712825727,6.58154118411389,204
Djougou,1.7335310315804255,9.76267932910116,124
Sanékou,3.0910101284818055,9.429264132710047,59
Takon,2.6286521670523006,6.674531679996483,284
Allada,2.020224204769565,6.609690086533159,134
Korowi,3.703971986896084,10.806568245217889,15
Location #8749,1.0723971786431825,10.442078543366065,95
Donwari,2.8210083613395893,11.04682549161306,124
Location #11601,2.3668126940808243,10.983661541050923,64
Location #5860,2.1904071482096867,7.419792723520203,160
Sandilo,3.1656733926568963,9.523695044316867,101
Gouandé,0.9321088895450952,10.777481757537382,52
Abeokouta,2.4721710176888045,6.802690930298046,91
Sanékou,3.076052665656847,9.467836795738092,85
Location #2279,0.9549230051522712,10.588392094487316,513
Location #9226,2.321391704955056,6.75779719263455,88
Location #14274,2.4765627895132925,9.854309192758013,49
Kountori,0.9711290090293866,10.472206230224906,44
Korontière,0.9903342761779657,10.252336070883405,201
Dabou,2.723624913882019,10.198731575489282,36
Location #705,2.544088548111358,10.646954753039598,1760
Kokey,2.545322582735553,11.367565369577031,366
Nazoumè,1.9648035942804003,6.372970597612884,41
Location #5858,2.835341512692481,10.18541297870301,160
Ouara,2.696472310580604,10.600983239593836,28
TININGOU,1.381112272637597,9.888534340026002,575
Adjan,2.2300601668578675,6.731027098415758,88
Bori,2.45188314989309,9.759095704607722,36
Tiélé,1.1969723321961874,10.691258057695674,64
Kongou,2.930285425861001,11.207654779285924,54
Location #4567,1.0533147216802605,10.460061123652997,219
GUÉMA PEUHL (GASSA WOROU),2.9790959877075256,9.96787236394888,103
Malanville,3.469153468372795,11.667392379170849,451
Kouandé,1.5403774212366377,10.02147055541962,72
Kandérou,2.5634190460154276,11.620681181284127,28
Kétou,2.7380623578408008,7.329366421363996,173
Somè,2.1242031358188154,7.25947502441334,72
Toucountouna,1.4380456918075464,10.568997585468061,80
Tounga El Hadj Tourou,3.692782948505431,11.081441805107392,39
Location #12240,2.1959032615471523,7.0061148350878355,62
Beket,2.016535652365282,10.257034488624884,39
Gogounou,2.8185725460913806,10.861322776658554,31
Lobogo,1.8306249588371766,6.683284257221704,77
Location #13153,1.3960144676040311,10.205634573648421,54
Mansafèdjo,2.7640603218553657,6.74834695046592,72
Dassa-Zoumé,2.202105422556614,7.626229843440729,930
Affèssèda,2.593878413665783,6.912204876366202,77
Location #9934,2.1692036680019733,11.117258647238563,80
Houéyogbé,1.8341028143024078,6.633853244774488,95
Kalalé,3.791590430245801,10.512553406735186,72
Bureau d'Arondissement,2.3417595299067586,6.759327598546457,224
Location #14813,2.6304971380119406,11.55339444884077,46
Location #12767,2.5552163035514983,11.405716520647871,57
Location #15129,1.666008717762723,9.53026190081072,44
Location #9446,2.5173962817600657,11.07349534220937,85
Location #10043,2.600200694326735,9.44489777127708,80
Ouara,2.715521220458838,10.731784332727926,193
Gbéssakpérou,3.0598104539422315,10.400603200747724,263
Location #3978,2.627269596035664,11.414019051577334,258
Kouandé,1.672919824987386,10.424368703856851,327
Bagou,2.7252195632203158,10.886897842756312,75
Location #11531,1.6559394132574385,9.159910296160284,67
Péonga,3.2516239730654584,10.327778736095144,113
Gbanson,3.419982549959534,10.753181104203295,54
Ouenou,3.5242966302312912,10.023623680056618,44
Mongo,2.8736100536954683,11.153499461199083,1183
Kalalé,3.4972750182187715,10.178469397106982,338
Savalou,1.6922752205349374,7.748947378564722,54
Taba,1.6587547229943902,9.28990635885177,157
Goure Bangui,3.2394890866681205,9.95357114659284,415
Location #7290,2.594056276239081,9.723049380771066,121
Tchaourou,2.4330244871783444,9.143724858015457,39
Bopa,1.9568194558500456,6.718784191032215,268
Perma,1.4809290923247862,10.157782084889265,126
Parakou,2.690067795562068,9.302230890288289,82
Bayakou,1.7858895914359285,9.348487715639035,85
Savalou,1.9977460461877636,7.609306158048671,162
Saltimbara,3.7434139043282673,10.962697539315403,93
Lokossa,1.6303033190146317,6.676451290049261,515
Ita-Djebou,2.6710962599886665,6.841128781942356,57
Kpomassè,2.030684761555608,6.405669659589057,175
Lobogo,1.8830299870756233,6.7256956076168795,245
Location #11832,2.613072913772289,11.464989916080524,64
Teme,2.471489262249689,9.896731240288894,2142
Location #4060,2.1941956590407075,7.963684417896282,253
Location #5919,2.137199664465582,7.233990303113569,223
Azowlissè,2.48198722123795,6.667134029048837,57
Simpérou,2.4739590748280413,11.302189061527733,82
Lokossa,1.7802970946404004,6.629182815896646,85
Location #1663,2.2241911674363775,7.125737859858757,724
NINGOUAROU,2.886504285684475,9.916637998107161,134
Tchaourou,2.8952141794922435,9.086361132899059,103
Ouéré,2.791000552373853,10.773758484761903,41
Tchaourou,2.483486002755294,9.165329296106183,39
Kokey,2.574589972146528,11.380790667586668,59
Dogbo,1.8842387627995232,6.782605215800981,82
Mékrou,2.1989333977386702,11.321667930262047,23
Malanville,3.3428215655936846,11.664014464801761,46
Dunkassa,3.1336986364318182,10.317526085404667,52
Savalou,2.071064376641456,7.618788326970777,23
Location #3860,2.2324657436784423,7.488331847469582,271
Damè-Centre,2.216872021209313,6.852939681485189,15
Tasso,3.2027816714251016,9.770205745768905,119
KORA SEKO KPAROU,3.446449983333794,9.943415055777882,863
Location #1973,2.352582375803275,6.701096770265425,601
Dannou,2.4535806038754235,6.638886214366182,106
Kouandé,1.6905141679792959,10.193682164767049,111
Savalou,1.8804521590391248,7.984103795263999,1245
Location #16812,1.8106127164873689,9.820666166697839,28
Sokotindji,3.432047619029045,10.85163107761335,72
Dogbo,2.607305955427703,7.063896596640648,62
Location #15290,2.065684646953896,6.4669006658303,44
Bohicon,2.1663677131426127,7.174013626487614,119
Bopa,1.8376030756499961,6.709384484627389,77
Basso,3.6455219590197183,10.55406294406436,18
Location #11413,2.0157237159931274,8.157670404646199,67
Tchaourou,2.378147002506926,8.809096109370477,121
Location #7287,2.0143583839666785,6.518152321844867,121
Kalalé,3.2391188336000085,10.140319592527252,70
Ouokon,2.4342701782638536,7.081464690279173,173
Sakété,2.611462441541255,6.735409727872252,173
Ségou Gourou,2.922051584137599,10.200382511563832,54
Tori-Bossito,2.1886151330853716,6.477711233728974,265
Gakpe,2.088575396487333,6.472821160283234,129
Location #9095,1.748335422842702,7.36028201761612,90
Location #4349,1.2991070068988908,10.476493562930358,232
Parakou,2.5788840018246644,9.286995529907992,253
Location #5275,1.2115487696974958,10.32719394467093,183
Location #1891,2.401520789028059,7.924384583508671,626
Location #686,1.3466394866762113,10.541445117696526,1802
Zè,2.302244172931362,6.725713827247396,479
Sé,2.1033643149528385,6.781525775985145,2485
Location #9907,2.6294426866922214,10.766269459239382,80
Pouya,1.4726469076888515,10.271613580608554,75
Location #9883,2.8101487451659652,11.018684612126751,80
Location #7010,1.9269356833002835,9.738959505433469,126
Wassarè,3.642846716775562,11.123332585996826,650
Savalou,1.7125103518993712,7.589359633646185,268
Location #4379,2.8303525020225457,9.587291940303542,232
Ahomey-Domey-Zounmey,2.4033372008707192,6.564088656390421,2018
Bopa,1.9417898651046033,6.6308280157115185,77
Kalalé,3.3801540174388958,10.252851851475949,67
Diguina,3.5936295856704064,11.133485685761332,70
Adido,2.510025479333087,6.84836112761608,415
Hlagba-Lanmè,2.196270457570635,6.967495270448278,108
Location #6304,1.0447442663292485,10.286358764727822,147
Kandi,2.866211134120523,11.266979589720847,144
Tchaourou,2.3322256411666578,9.097568237606541,52
Location #17085,2.2689423278022405,10.895312601336228,21
Davègo,2.17288409891086,7.3093610139765905,134
Awonou,2.5646139670906747,6.755524683373555,49
Location #13910,2.5536630003938234,6.640745983158286,52
Location #12160,1.1388169863578934,10.550797642357294,62
Natitingou,1.3535146850022002,10.305793299336276,147
Dassa-Zoumé,2.2277996927138317,7.531836770083832,603
Location #13861,1.1363815296424635,10.508927133064054,52
Location #8297,2.7363453746400785,6.8872142066249005,103
Allada,2.1238556988506034,6.662033772745181,131
Glazoué,2.2602574962692548,7.985887622584984,67
Dassa-Zoumé,2.2791840130416205,7.680675347093035,36
Location #9522,2.761279733032656,11.442328597114692,85
Gah-Baka,2.410221247677752,10.187556185273602,52
Ouenou,3.3818231858467533,9.853278037136533,64
Kouandé,1.7406654450490664,10.372472686908486,887
Savalou,1.952993066148656,7.938376358551094,52
Kalalé,3.304856235732155,10.193060894943198,49
Location #16210,2.7125517941185007,11.434415196437383,36
Location #5286,2.160263941129021,7.230957841459207,183
Kétou,2.7092281365886484,7.548243826000004,358
Location #15367,1.4966486649391042,10.130638645268833,44
Travo,2.664304846034432,9.861595167749133,49
Kétou,2.6576451030818693,7.206112640560408,72
Bakou Bè,3.4132391156679747,11.156924330657226,64
Liboussou,3.5162386739636324,10.982325533368083,52
Lissèyigbé,2.0623938313726193,7.274991332922289,3108
Gomè-Sota,2.6066631094516417,6.592814754586441,242
Boukounourou,3.0908225399463234,9.484533124626122,77
Location #14722,2.256445708448983,11.02073590583133,46
Location #3188,2.850775317962249,11.011642207464078,343
Kétou,2.6237243620888164,7.287416932018481,54
Kalalé,3.4583851944778377,10.251208773811683,88
BARKEDJE BARIKEDJE,3.286871787555689,10.02588181732084,595
Location #5382,2.579512348499335,11.343450876656023,178
Tchaourou,2.8479670244652215,9.490488186232346,34
Allada,2.002313560513664,6.6093504408045165,557
Datori,0.808343165998246,10.415119431030059,75
Manta,1.0769139650568336,10.411854611317366,52
Kabo,3.0223628578556205,9.11841079270999,26
Dassa-Zoumé,2.1559966485634803,7.653342485996633,147
M'boroko,1.7758642541577982,9.17678455042738,31
Ouèssè,2.624228293066971,8.667083139477118,3083
Hetin Glahounsa,2.4986494563874384,6.584084574633319,18479
Location #3028,1.9005629843800775,7.212017518627818,366
Savalou,1.6674973991639472,7.623305211538906,36
Sonon,2.920028330712017,9.51215282059393,317
Location #13282,2.5663692593285594,9.647705563716713,54
Natitingou,1.4345231931829496,10.322114519920062,52
Savalou,1.6640643858339697,7.6327980553268215,67
Ouidah,2.070410359519652,6.455093919655738,170
Keroukpogo,2.6485896962832802,10.105461813532514,1142
Sé,2.0849553510999494,6.731403437502609,46
Djougou,1.788609713281541,9.75176515253307,98
Dassa-Zoumé,2.3592501773535535,7.837466295195681,706
Basso,3.625315086656423,10.553843628775278,111
Location #16573,1.9959639045152004,9.88387061520471,31
Kalalé,3.460726306779031,10.317904291333733,1320
Location #14298,1.8831316446712203,7.4407721815944585,49
Kountori,0.9526621870303235,10.45234313083329,46
Location #14241,2.187140086549629,6.995744629337607,49
Location #7991,1.6745152503321248,9.89483756378352,108
Tinhourè,2.2025839773173566,11.011705477486897,75
Location #7742,1.7141173845909887,9.948764417066885,113
Location #16717,2.182742468823451,11.193144469198351,31
Tchaourou,2.5961029215959885,9.137779024442166,528
Location #8155,2.811995411082012,11.352723356882969,106
Tantéga,1.0001670590302787,10.804380944738654,139
Ouaké,1.498844067231745,9.600632370688043,46
Ounet,2.412976370510059,11.153014381702226,67
Founougo,2.4990047067014496,11.479308110227985,345
Takotiéta,1.0917845990643495,10.321907217851638,57
Kofounon,3.080376392665704,11.990624767588733,253
Location #9004,0.9366241427065279,10.832327866419554,90
Akassato,2.4003094230032866,6.495008559491756,3920
Kétou,2.7485070443662187,7.225789153500434,90
Location #16676,2.763544770433582,10.637276417455299,31
Prékété,1.638122358171662,8.645323261793477,278
Location #13766,2.808284101551733,10.943935717285,52
Natitingou,1.303414340217333,10.165242944321145,44
Tchaourou,3.0576390421321404,9.258090853776574,54
Gbahouété Kpota,2.592141476844006,6.949355109643499,477
Tchaourou,2.6987385304391767,8.974425392409907,1289
Savalou,1.78956597469363,7.867644243352271,62
Parakou,2.6964950447994505,9.27951404559631,80
Kouandé,1.6343196141349274,10.299600201193815,343
Ichaagba Adoundoun,2.6162105289729283,7.132867710904604,39
Lobogo,1.9247027441738924,6.638934635891078,82
Abogo,2.1397307633259066,6.817936065281118,247
Tchaourou,2.9073905412316563,9.277411091904671,72
Location #12996,2.806744537337561,10.993342487693704,57
Location #9795,2.2259778942603896,7.111261239711557,82
Location #16651,2.197345631695645,11.182181375777638,31
Location #14220,2.329568190933686,6.817695439007245,49
Gakpe,2.119326288425732,6.455771999110726,420
GUINROU,2.927171325531697,10.008513249122467,1503
Kalalé,3.4323161956573913,10.228537246738979,1000
Location #7341,1.7653933178868384,9.885908279881356,121
Location #780,1.9751413212516202,9.623337473263387,1601
Location #2820,2.7237247132808458,11.445275102737698,399
Location #12623,2.6876791728348746,11.055924152547327,59
Tossotai,2.0344795984580624,7.115697034233104,2632
Location #16303,2.3563291748737,10.97676249498604,36
Houédomey,2.4830270741018126,6.605420269837829,930
Location #15281,2.2885681050452202,11.014207190817384,44
Gando-Borou,2.839774645158729,10.195119753803999,49
Sonsoro,2.800462228531679,11.067113752157493,77
Kikélé-Logba,1.7984654431986564,9.042370892555828,54
Location #2720,0.8534661077812792,10.746400704414807,418
Bohicon,2.1570899911102193,7.135815320021854,173
Location #12592,2.093268038905709,6.439200465693229,63
Location #2272,1.951629312087728,7.480719504373338,513
Location #12276,2.4369713448932884,10.999166672877042,59
Kouandé,1.6659010591713312,10.185206613282714,75
Kalalé,3.192763024889516,10.422192088828993,52
Kouandé,1.6926617043265468,10.41801169001946,577
Kérou,2.082988902870234,10.820502120069001,57
Location #10960,2.319724691837396,10.971833549790661,70
Allada,2.0955588501605993,6.690144059829061,198
Lobogo,1.8722726208282061,6.731078373564465,64
Kalalé,3.11439775266336,10.179166204499529,49
Tchaourou,2.4414587526959823,8.791607884097468,34
Tabota,1.020535371697915,10.422589521109963,10
Kouandé,1.8246387958648735,10.60378989867018,49
Natitingou,1.2872530091144145,10.412832660014718,139
Kérémougourou,2.315623687397904,11.349769108966099,46
Location #13252,2.340951525882718,11.142452242316242,54
Sèmèrè I,1.4175769295694018,9.60372613899807,75
Savalou,1.7780401925921472,7.737882975942164,1668
Allada,2.128236686180375,6.711943684309369,113
Tabota,1.0139381839580122,10.389421668481695,67
Sompérekou,2.523131878006876,11.254341575431043,31
Ouenou,3.4935637942448836,9.94503546014561,46
Tchaourou,2.528465938315143,9.252986099711876,116
Location #8814,1.4672918104984025,9.966883129820662,95
Agbangnizoun,1.933090308077847,7.146348174685693,255
Dassa-Zoumé,2.3237607720072733,7.857465524816494,126
Location #16882,2.545008428111659,11.066637052104257,26
Birni-Lafia,3.2070478290080358,12.03325440713481,1874
Lobogo,1.9480208585395469,6.60454545786508,229
Location #3476,0.950798466911836,10.372186407653002,309
Location #6498,2.115846800895986,8.169110203866746,142
Location #9427,0.8256611132542321,10.501937246389884,85
Location #13990,1.1911252055036394,10.256487759572625,52
Dérassi,3.2759882605538446,10.14624240632655,62
Location #14913,1.1560912036340658,10.567308389755215,46
Banikoara,2.495974607561157,11.167640452536006,34
Location #1811,1.900982710448259,9.799208923362066,657
Houéyogbé,1.8890622693273438,6.525987174268704,289
Location #14592,2.796704649814558,11.011333987773126,46
Zoungou-Pantrossi,2.9761535940895345,10.777457379078266,93
Location #5530,1.04978253947376,10.549186338017407,173
Nikki,3.3832926746276715,10.132599494848728,121
Allahé,2.2466439207565037,7.146321408576455,147
Wanrarou,2.7285844207367305,10.153715030262001,52
Location #10265,0.9674864476228308,10.873566059540751,77
Location #15080,2.4601593516135054,10.997375166099838,44
Location #13151,2.5340391615174145,11.16632725095921,54
Location #5126,1.4807688596702258,9.953148448051108,191
Bureau d'Arondissement,2.355459666307389,6.750288283594597,570
Komiguea,2.5683474595719544,9.45173150671529,325
Location #16366,2.1429436346209054,9.824576128321887,34
Location #13776,2.872797409679673,10.515718187688197,52
Tori-Bossito,2.1471016259705924,6.512499982695778,85
Dassa-Zoumé,2.1868639613669294,7.579423688074193,198
Kandi,2.968520244569364,11.086463609525302,62
Location #6043,1.2289118003533799,10.2264887792532,155
Location #5485,1.3924596316890991,10.424574993334284,175
Kouandé,1.5916125047609972,10.078920918679948,80
Location #2070,0.9497000807888659,10.639482866012457,567
Kouporgou,1.1333668541786106,10.23181618623755,103
Libantè,3.5917983449414805,10.786855149275649,102
Djanglanmey,1.8093856857475659,6.4054240461381,67
Location #7762,1.8555753313131733,7.42963709297447,111
Allada,2.0897589941971306,6.603260111695597,72
Fouditi,2.6644636595473647,6.892354334704788,72
Location #9944,1.658335070049766,9.166124279234817,80
Location #6488,2.541455342243084,6.868117072523389,142
Location #12020,2.6241963617030453,11.178416194611389,62
Dipoli,0.9513545662048434,10.329736667048516,72
Ouara,2.6800863147659686,10.696905469746302,54
Kokiborou,2.317318820458996,11.196335882013647,149
Hounkpon,1.7812569839063077,6.489653650922882,320
Gaoudéa,3.515316379476179,11.044642911408614,70
Parakou,2.650395584238904,9.397536014634786,39
Location #4569,2.332860508405822,8.117599741354942,219
Kpomassè,2.0320274400561624,6.46880288724534,271
Ouèssè,2.63495384836472,8.754267393466332,291
Tori-Bossito,2.1951982695256573,6.474953357307272,170
Location #13131,2.8052406245763457,11.022353619944164,54
Location #16388,1.2264150035996784,10.322452614868121,34
Location #3617,1.0048036400770897,10.314728053845474,294
Koukoua,1.1175927397359968,10.233492660312725,67
Ikpinlè,2.6471063365024925,6.881099246105049,52
Djougou,1.5695745235741663,9.611217740469192,59
KPIRÉ,3.1745721085870717,9.72913756792962,157
Gounarou,2.898456335544467,10.900810313116784,64
Sèhouè,2.1923912959612037,6.920297599839092,129
Kétou,2.686612245815211,7.373016384757804,77
Gbèzounmè,2.044176891831182,6.341919643803806,77
Boukombé,1.0712763600839765,10.212187166161492,46
GNELKIRADJE,3.322513983822551,9.946180278887255,67
SONWORE 2,3.3218870240908087,9.978790258972024,379
Yarra,2.4659035311599067,10.494813318719856,88
Pobè,2.7064677463700453,7.178371342480326,59
Igbo Ougouchi,2.49373747935085,6.919963903761887,631
Doh,1.9205033299007694,10.418941744581774,64
Comè,1.898257332937216,6.377254986059161,626
Location #13102,2.6927127987787363,10.639146762959438,54
Ouaké,1.442522478480564,9.671747789391446,90
Dogbo,1.6899995301126547,6.749757392391248,693
Location #15531,2.184481983756372,11.040457506709629,41
Location #10499,2.1562781031842793,8.328030654193032,75
DÉMA - GOUDÉMA,3.1997596749954145,9.731171539710536,183
Dassa-Zoumé,2.2723561801103425,7.733053568567846,64
Kalalé,3.3195506560594614,10.26737391718203,82
Allada,2.235888411503304,6.760309575721502,204
Kalalé,3.036656104313808,10.123902904425018,36
Location #4008,0.9533607357412288,10.728985011883854,255
Location #6501,1.6460294336779242,9.834272635342392,142
Grand-Popo,1.8004058580692255,6.372233017082997,196
Ouaké,1.3607710084846614,9.750056828293934,121
Location #15282,2.3972500593300343,11.067744275394125,44
Kouandé,1.627372584920875,10.680541481451472,809
Ouénou,2.7024449808101436,9.855746253946437,41
Aklampa,2.1051717183686898,8.214723387954809,49
Siliko,2.545356970158716,6.80449781735538,116
Perma,1.3927529380297898,10.139001904219345,67
Location #12245,2.371306397833833,6.815203261148783,62
Soudou,1.4105069708451583,9.363266140555881,49
Location #13759,1.6076728169074532,9.173200511516388,52
Location #12089,1.9019453105681978,9.89563978337886,62
Manta,1.0244944581462498,10.392448375379253,809
Kassiassa,2.1699167735677762,6.863320330020025,309
Houndossodégon,2.14537431318688,7.438541840394065,299
Darnon,2.737366756360513,9.508010687298151,46
Dantcha,2.6276858638536376,10.465879029659506,46
Agoua,1.9732429644897935,8.330230937901812,64
Location #17031,1.551293262554922,10.491677648881446,23
Location #5574,0.8936353061794744,10.48004766228105,170
Tchaourou,2.7427168095953642,9.237239426043171,75
Location #7933,2.652425764734051,8.025327926321308,108
Sakarou,2.81201609839466,9.8887744426472,479
Dogbo,1.687666308966638,6.7318038965919955,392
Aklampa,2.104560457989303,8.251965601258322,307
Abomey,1.9497721684285145,7.230011761909667,222
Yingnimpogou,2.4948748445752402,11.5158753075179,41
Gougnirou,2.46159170340513,11.451955410307145,972
Location #16025,2.040514909551336,8.466680396967249,39
Location #6566,2.6379607095753657,10.641774192781817,139
Location #13638,2.602520431698678,11.220879304806006,52
Pogoussorou,2.489557049727949,11.474783070875572,284
Wavina,3.4134068648463725,10.741555564973106,307
Avlamè,2.111162265001124,7.111352263431852,454
Gah-Baka,2.413048118873111,10.192760043102805,162
Location #8843,2.5950248803996,11.34328612347218,93
Kodé,2.514085167651818,6.757923658839374,72
Location #11132,2.384670107545865,11.007708192628296,70
Lokossa,1.6706011068224516,6.6733738195562635,1273
Dododawa,2.8711053097874077,11.08893731666105,67
Location #2233,1.3636435208817246,9.492827524213158,523
Location #2270,2.309069041381434,6.816571025612986,513
Tchanga Koira,2.8623179169049973,12.389078854642424,95
Tori-Bossito,2.129961006922262,6.536231213627306,59
Kalalé,3.2738609252961752,10.080526404032002,111
Location #3048,1.7819444944991962,9.809525715223248,363
Sé,2.097659422071599,6.760771625481709,217
Ifangni,2.7490611593325593,6.707902923275357,296
Sokotindji,3.427671223652804,10.873206079526375,49
Location #12912,2.5095192163989806,10.287427451406804,57
Location #14963,2.673792021067668,9.530207388103912,46
Malanville,3.4575491400864755,11.570771622993984,39
Koutangou,1.066482397328401,10.363993530887365,77
Dassa-Zoumé,2.4236394781427353,7.66756930683896,77
Kalalé,3.367570397245804,10.233149104521413,82
Dodji-Bata,2.2944989045751667,6.682377894755135,62
Dassa-Zoumé,2.2396464876371995,7.60815084783911,278
Koukoua,1.0801600408823622,10.233153996545731,88
Lokossa,1.646989076331819,6.706527468147324,387
Kalalé,3.4730225734569364,10.177881421621581,198
Kalalé,3.0183583494121895,10.122610819097632,170
Iboto,2.495332240585959,11.432239134068713,52
Banamè,2.317292473679143,7.351811890589176,44
Location #6552,2.7477102140449587,10.888945123708794,139
Dassa-Zoumé,2.3053146060365726,7.825928412162695,611
Ouidah,2.068087541162717,6.442823456778006,281
Kalalé,3.216151546790145,10.39433216134858,93
Wodora,2.7498098101654262,9.930113860765452,39
Guiguisso,1.6790720798836627,9.052454420517577,436
Bambaga,2.5099218264274104,11.566494787418058,98
Location #13662,1.0595354776178894,10.27517628920308,52
Nassy,3.002592539439482,9.65233078028744,75
Location #15942,1.322170198145809,10.019611447988154,39
Location #9137,1.520546578225529,9.748257404792197,90
Boukombé,1.0896004001371493,10.15857415935497,191
Location #13908,1.1073260237675948,10.525613072415322,52
Location #2405,2.408422097480977,7.8901451314489455,479
Location #6127,1.8472485083315653,7.196850304786286,152
Lokossa,1.6273994161471395,6.611241877504513,98
Pouya,1.461732373883342,10.241102857049192,696
Dogbo,1.6692761567141108,6.773968281431578,180
Location #10708,2.3084982786305486,11.086505965424656,72
Adonhondjigon,2.0379119422905343,7.080212400246141,214
Yingnimpogou,2.4775026750356304,11.50586270884466,80
Location #7279,1.6638117106723729,9.128551919735546,121
Kalalé,3.219073390136657,10.263812650119295,709
Honhoué,1.9051648855743648,6.53745968480676,157
CHEIN TASSO,3.2159082776839325,9.857535998803604,98
Location #7165,0.9845871149556966,10.589272794176773,124
Location #10817,1.4687518191438904,9.73580846885977,72
Location #5539,1.7643187119669401,7.634279703323297,173
Gnémasson,2.057586281481121,10.304839907546603,1286
Allada,2.1136588393198474,6.687330869270551,126
Taba,1.5882515974293907,9.308293882608693,126
Madengbé,2.312109467353158,7.9344388899865095,1717
Malanville,3.4793640404580723,11.74913364214193,217
Location #8186,2.0737724899730194,6.416044160885468,106
Ouénou Peulh,2.6007856651131886,9.815453926500856,62
Mlinkpin-Guingnin,2.1602564908513866,7.3384725649168665,111
Savalou,1.674147475953998,7.779449523109641,461
Bodi,1.5388200484100025,9.37915073104541,62
Location #7752,2.2575425088631906,7.216002416212716,113
Iboto,2.4998963268483934,11.437576302380913,273
Location #4449,2.3656721402208016,6.8021620840801305,227
Tori-Bossito,2.0937416549484813,6.4898164851857905,75
Location #14111,1.7151767418789465,9.875701945737909,49
Ounet,2.395599834462929,11.217556171021073,111
Location #3429,2.6281457129733448,11.338729551201169,314
Yarra,2.504118310959483,10.513997332898155,46
Nikki,3.2287528133130228,9.998228418712735,75
Lokossa,1.6478870177151552,6.711300722887796,196
Kouporgou,1.0985715202840545,10.25641357515654,72
Parakou,2.675668236863619,9.318678417801568,75
Za-Tanta,2.1901850462984584,7.272351244159836,869
Location #5199,2.132450426034142,7.363887301382354,188
Tchaourou,3.0251288916629937,9.297072088293158,964
Sèrèkibè,3.4731405811949827,10.830186297267002,1186
Boro,3.023123441916071,9.487202482648835,106
Location #16771,2.7178880555207034,10.603322945264617,28
Massé,2.6126575124863547,7.207364320513497,80
Ouèssè,2.4190824806192253,8.611596986546925,39
Location #4195,2.232351224261861,11.122772664268078,242
Kalalé,3.406511084276933,10.179711931884588,36
Location #12195,2.8406872065200477,10.984927695895488,62
Tori-Bossito,2.0597974492742286,6.5628918128365985,343
Sokotindji,3.3558887571817064,10.848434847743254,34
Toko Toko,2.036787819666897,9.748115536987148,802
Dogbo,1.8465646511625717,6.784270141751732,186
Kétou,2.649199494013558,7.297662745169268,54
Kétou,2.664657280816174,7.597657917468931,52
Soroko,2.3969284779054294,11.332008643805738,124
Location #762,0.8458611446102059,10.511381112936652,1647
Location #10426,3.165164349385089,11.218093794288922,75
Igbo-Assan,2.582170025243897,6.800240427910486,70
Lokossa,1.8052702408633354,6.63060628812562,131
Location #14786,1.9314551614428352,7.434353189230997,46
Savalou,1.6915622513056863,7.901293073332778,59
Tabota,1.0490849417878163,10.384331123461065,34
Tori-Bossito,2.145581263029984,6.612103791448938,46
Location #14990,2.6385600722644935,11.287253162664374,46
Location #10888,2.2993774586178457,6.648861869511565,72
Location #17101,2.6689563207281064,11.151875260597244,21
Dangbo,2.541385648737566,6.568457228619464,224
ANGANKIROU 1,3.3162741119616896,9.805937583509415,304
Manta,1.1125092331812332,10.371963395455104,39
Location #17088,1.0991880892204897,10.4348833972318,21
Kalalé,3.272207386723028,10.46762006393251,98
Savalou,1.7529010827253153,7.860826895667708,41
Location #13866,3.0945662897727897,9.763390519558794,52
Ahouango,2.001401542719179,6.5470048458995835,49
Biguina 1,1.6438127868212429,8.737229220802034,131
Ouara,2.7027859388820152,10.626613341875784,36
Wanrarou,2.7303906181929007,10.158959256816084,93
Korontière,0.9767112064032579,10.319991440843582,28
Bori,2.4762140529215055,9.734319109551492,64
Malanville,3.3257508216442573,11.821772833502878,75
Bouerou Bweru,1.9546381387719483,10.162842001861568,436
Djougou,1.661174475849572,9.658792376664831,255
Ologo-Akpakpa,2.695301961413204,6.888421079322113,196
Aifa,2.260514812098457,6.777387475870991,147
Savalou,1.9671830069421257,7.848129459496996,448
BELLE,3.424635923598902,10.110914658227482,191
Allada,2.13753291963751,6.6410676192163365,454
Kalalé,3.249592487111298,10.24364318351175,2010
Touranyannou,2.3430334033353963,11.447946630539072,46
Gougnirou,2.4405944109506246,11.466340139604672,247
Gougnirou,2.445497289311005,11.469946923220634,111
Mani,2.780231918134969,10.482701267965044,361
Location #7873,1.0268045529749086,10.306526497602102,111
Location #7103,2.1237088563005373,7.248339943285401,126
Pobè,2.7013676853037807,7.121272660751899,217
Tchaourou,2.3227689566770438,8.813889850212774,119
Founougo,2.6150274979505355,11.509686803318411,111
Faranguédou,2.8808317744418477,11.195020447075434,616
Location #663,1.8620196761064691,7.483679252418239,1861
Location #9891,1.8359211644264188,9.971518868870549,80
Location #16448,2.0594357054391472,11.02648475890932,34
Location #6431,2.6549212462695975,10.837590037419554,142
BOWO,3.06142948491048,10.045300098417528,57
Location #15910,2.0211485875695225,10.331113150546285,39
Kpassana,3.670541274405814,11.058936095776755,95
Ouenou,3.4921577765053335,9.894236599158097,90
Location #930,1.4693470871077767,10.82074698999451,1343
Agbangnizoun,1.943303045304739,7.101732214545172,129
Location #11099,1.4571327589771101,9.876450511742092,70
Tori-Bossito,2.156455702954586,6.536740482190042,103
Toura,2.355559059208073,11.10696423604102,28
Materi,1.0606252561594331,10.678301537200852,214
Kassèhlo,2.0159317922079496,7.340258233001054,302
Pobè,2.651373678484277,7.080640212683647,44
Location #4102,2.0645920556272053,6.511364928147386,250
Materi,1.0291441181936207,10.67606953023226,82
Kétou,2.499159012030202,7.385634830505282,157
Location #15979,2.9116100025915523,11.001151402593438,39
Location #5799,3.1686780436461524,11.221382815562329,162
Bougou,1.629390382746817,9.423310050217928,59
Location #5522,1.973327120704745,10.196323616018343,173
Location #16007,3.163211053794844,11.221726769521778,39
Goutéré,2.1384901490193085,10.884508259110135,44
Village de Detekpa Adjinangon,2.213982149295397,7.281254634843888,930
Location #9837,2.798722715531881,11.435382901200255,80
Natitingou,1.3466185682859584,10.178480992787106,93
Abomey,2.034649045108013,7.146596661214995,5085
Don-Kondji,1.7655488785997737,6.571966079418307,1271
Kpessara,2.798169154848318,10.414368610530191,273
Sompèlè,3.7141822393147343,10.837726185551984,31
Biguina 1,1.6494653014404421,8.844207637728086,39
Kouandé,1.578537066642807,10.104309140974923,193
Parakou,2.760819390455011,9.327370724726999,709
Malanville,3.4309811614439942,11.778064591547649,260
Kandi,2.7910799779179882,11.201000735080855,93
Gbérou-Daba,2.938472705813569,10.228311282290637,817
Kalalé,3.2574218435255813,10.380202655251237,111
Allada,2.1399628013007863,6.754666112650134,242
Tanta,2.2392558962656883,6.713772340361267,461
Kalalé,3.028079657455203,10.226091697279326,229
Pira,1.6860353931972571,8.597487952393742,175
Sompérekou,2.5087480652612397,11.33654150149239,106
Ounet,2.4239970621912734,11.150033467656076,49
Tchaourou,2.115427645034701,9.199903407140832,44
Yoko,2.6105506799781617,6.757717069704876,80
Location #13388,2.5025082004343226,6.875563244407941,54
Tagayé,1.345449000984329,10.250893609655229,214
Manta,1.0697736893896272,10.414640320106383,263
Gougnirou,2.4526343808170545,11.479670490158101,137
Location #8430,1.3178329843778807,10.131906438904242,101
Bureau d'Arondissement,2.3776331328380227,6.749736918158029,67
Djougou,1.6359555504538532,9.717271851652615,461
Itchèdè,2.582060548677414,6.885164379072345,188
Somè,2.133023508323834,7.269248811092552,209
Allada,2.061208516880331,6.702247324207196,405
Location #7191,1.370689249853838,10.441445488308688,124
Lolo,3.0810414993852935,11.264012467617514,41
Location #10020,2.1920805166607877,6.777512953693461,80
Azowlissè,2.512760137724342,6.684138282101053,72
Sayakrou,1.9903841349581712,10.313133232433088,500
Doutou,1.8900492373025244,6.559874986292548,131
Doutou,1.8949757026420584,6.593569832161067,121
Toffo,2.1204465611998478,6.828123781081964,322
Gbèssarè,3.740828312732367,10.984995453766281,54
Cobli,0.9440799087792064,10.513490454446934,307
Avlamè,2.1501304496606015,7.112989236758556,526
Location #944,1.4888870324785162,10.899175746867977,1325
Serou,1.7209014279752954,9.63811978768862,77
Bafounou,2.5481599768940044,11.435958749725774,147
Toucountouna,1.397426863320339,10.513444308254323,281
Location #3483,1.3864651243379735,10.61874619856468,307
N'Dali,2.70698507480933,9.793896534948916,106
Abomey,1.9958672009792189,7.144837183557657,227
Cobli,1.0025835896744053,10.536513359231625,82
Parakou,2.596620363568081,9.280260448809283,88
Tchaourou,2.7208988628129975,8.97338292246743,41
Village de Detekpa Adjinangon,2.203716039796342,7.292531051582878,601
Location #7653,1.6573139027950359,9.142008113152434,113
Dogbo,1.8509442287100761,6.78447443883816,322
Coussi,2.1603457240283976,6.891875063122994,31
Location #11790,1.6108569222174298,9.376943083196736,64
Tasso,3.1608621653057094,9.7006745239701,88
Location #6524,1.7182304686145402,9.883435772745765,139
Gando Namoni,0.7848024114038639,10.417755547781427,44
Alfakoara,3.0866694003974247,11.438430296255161,70
Lobogo,1.8300398306646168,6.724688259644599,1106
Gah-Baka,2.441109843602786,10.19983959200758,57
Firou,1.899827559580245,10.920499658763001,64
Tchaourou,2.5773538359396397,8.86280849674318,126
Igbèrè,1.9602733580788638,8.991844192313138,884
Location #6226,2.874379882083639,11.004796369703191,147
Location #8133,1.1353828515184088,10.634736176545005,106
Location #3810,1.85349721092942,7.540496318807775,276
Thio,2.34860622691399,7.982730011079937,90
Tisserou,2.8770517630229793,11.11341392035904,116
Kpanroun,2.38843595389965,6.681205624333602,247
Nikki,3.42889317219949,10.038272165919334,2139
Location #7976,3.033233325617529,11.075022748771518,108
Location #15744,2.6967218307846705,11.44205783784316,41
Azizakouè,2.0316939171620487,6.32147587459726,858
GOURÈ TÉPEL,3.3168888391228846,9.910466053476107,155
Lokossa,1.6266422018023683,6.717116880770033,943
Materi,1.0036522977988085,10.669606588700068,93
Location #2011,2.374828153022915,6.813427980208564,585
Hio Houta,2.168037515645514,6.33526421526784,526
Fouet,3.1705073144354565,11.29886830033393,3044
Ouèssè,2.7577698344081703,8.526511217045702,327
Dansourou,2.873304978723666,9.546987408707118,70
Dassa-Zoumé,2.0762356379057567,7.69815766161088,196
Kétou,2.7001336911387335,7.20845070782841,98
Sanrin-Kpinlè,2.57253091147414,6.71113020444484,1191
Location #12547,1.9783501238318926,9.831336255375115,59
Location #2476,2.1418565984929145,10.671960666707788,464
Location #10829,2.983664658620655,10.879653966809524,72
Kpadé,2.862734212102289,11.041722348664099,62
Djidja,1.8622054599054547,7.358058680534906,415
Bohicon,2.1928662112972432,7.1322411872285,88
Kouandé,1.7148326161100045,10.371054992408075,111
Natitingou,1.2255224049891806,10.309324470214616,72
Location #12913,2.506264807498047,9.632639274670993,57
Dassa-Zoumé,2.2130009673821456,7.706045999270598,49
Location #4039,1.0364906383059644,10.242164047891714,255
Savalou,1.6933164591644416,7.824481325455056,490
Location #6309,2.0040909140195073,6.735518026767309,144
Tchaourou,2.498457329641342,9.092051587628296,103
Balimboli,1.6267161315572227,9.098624221569729,204
Location #11551,1.986332340840951,8.46444583559459,67
Pobè,2.6728734809440944,7.136195622295027,219
Kétou,2.720320575514954,7.239738282475438,376
Location #14424,1.7310666993056434,9.986798453312588,49
Goro,2.5004002059574395,8.98888998311359,67
Location #5904,2.611555796418182,7.08544874018095,160
Location #10599,2.390184543036678,7.45429031890697,75
Tchaourou,2.4635644057169857,9.408863484446808,142
Tanougou,1.4165024527180299,10.783946040666862,474
Ouenou,3.487530670985664,9.89347513837727,111
Biguina 1,1.646781651757523,8.766444692724686,1921
Nalouhou 2,1.6275587071705875,9.77725253849051,113
Location #6385,1.880959672659895,7.213567577233875,144
Location #13113,2.2549592898816364,6.792677757345638,54
Manta,1.1499965763533546,10.422320476208037,82
Kpénati,2.399236950760755,10.28937356712497,856
Igbo-Assan,2.5633278807819937,6.790904465074078,103
Tori-Bossito,2.115649902130657,6.504010857872016,178
Tchayagbangba,2.5948620737774584,8.147729419903682,108
Yarikou,1.552503033566685,10.345219112548053,523
Tantéga,1.0116400985699086,10.788982375192834,227
Dan-Zoukoutoudja,2.1018460679614694,7.00772037053343,768
Faranguédou,2.883790445027047,11.180036786933131,41
Location #1779,2.040284805867037,7.292044971001283,675
Ganoussirou,2.5151729014090494,11.433323844181244,34
Location #8979,2.362317099274704,11.145650562627846,93
Tori-Bossito,2.137621437513782,6.486329502624231,54
Abidomey,2.571263824892401,6.739607961522932,693
Kétou,2.6539372612186587,7.35890748549222,284
Location #14833,1.4930913961549703,9.869876168514413,46
Zinkanme,1.9597216710111522,7.264561007940154,418
Kétou,2.7043956089010552,7.436193284971863,134
Tchaourou,2.9544846083957963,9.242418290038936,946
Partago,1.4956310041679854,9.325071443566666,52
Location #3453,2.134257779052951,6.755359958488732,309
Location #10337,1.1679417491694335,10.7469325426935,77
Damè-Centre,2.2574882743883355,6.905976020287282,273
Sayakrou,1.9913906376324613,10.325475455216912,1054
Location #15319,1.9448082894895344,9.577730955793019,44
Dipoli,1.0047657521388522,10.444677263324264,59
Location #11472,2.012625911924653,9.777046938366942,67
Location #12186,1.628658591906137,9.317226544498805,62
Kankoulga,1.5653187126824981,9.957216569420456,95
Location #9107,2.241930146094727,6.7876793964152595,90
Savalou,1.6398843360794562,7.796580286960237,307
Zoungou-Pantrossi,2.9041784187284425,10.765579158365085,36
Bonhanrou,2.4633402605706824,11.44394007340343,26
Ten-Dora,2.3267056806835145,10.20472713885446,52
Dogué,1.9397506346777815,9.128944107632307,67
Location #4667,2.116617266833589,8.305814286377334,214
Lokossa,1.8908239471427895,6.751496978621226,44
Dan,2.087346809734475,7.34818438192551,57
Location #5361,1.44232965462523,10.757637871325226,180
Ina,2.781221973996134,9.943689313133934,52
Location #3704,2.1748638823923847,10.124650766456822,284
Lobogo,1.8742550708665886,6.692791060628291,201
Gbéré,2.633290125021896,8.040410855253267,327
Tchaourou,2.778588773495459,9.127047926995834,155
Gbékandji,2.515320669397047,6.695717947973577,57
Sakété,2.7080649508972843,6.706925742096231,103
Balimboli,1.6456233699420066,9.05998515691489,564
Kalalé,3.2326229561795747,10.130272772549194,186
Ouaké,1.4665138142982186,9.428323244226291,103
Location #2627,2.3339516216158644,6.806495315595078,433
Location #11373,2.810379726333135,10.63424791412059,67
Location #15561,2.370540972782008,11.514696498134,41
Gah-Baka,2.409878770128438,10.190267506291253,41
Zalimey,2.196876002193405,6.955448244571843,59
Location #4551,1.8378947015571996,7.625352917660422,219
Location #5825,1.427877067416921,10.641488429870924,162
Savalou,1.7192447519755438,7.6688483408791175,95
Bodi,1.5537708292440584,9.369247994382297,62
Ouenou,3.5462371661746923,9.951260736203608,59
GOUROU-PIBOU,2.9237669199538026,10.077166655157002,131
Location #9212,0.8602136848963963,10.421990982219004,88
El Hadj Sourou Kparou,3.0955796037978733,9.364652855116985,52
Gbéssakpérou,3.045975581271655,10.431501407759258,217
Kétou,2.6693647570024455,7.283231808189798,77
Location #9328,1.563720114211044,9.508170266334387,88
Taïti,2.816242282446182,10.319056642806693,52
Tchaourou,2.8399264392815198,9.166358851314174,28
Kalalé,3.1718489232922176,10.437233175654285,52
Ifangni,2.7299178319937254,6.570459818567744,44
Pétchinga,2.8527634483770377,12.347303909881,938
Founougo,2.5152810429539154,11.499998081268155,46
Dipoli,0.9767122777391304,10.322698111872759,52
Founougo,2.5541591824092813,11.443269093755648,57
Kétou,2.6960671417003335,7.4023713417068375,106
Djougou,1.5859452814294825,9.61101402945291,198
Onklou,1.9830202225302445,9.566114047925614,103
Sakété,2.5889449741993937,6.659299623351432,2796
Yingnimpogou,2.478245014646834,11.527740639545497,95
Location #16930,2.049826559938918,9.629206482532343,26
Dégouè Domè,2.080195262710635,6.345394875003682,103
Tori-Bossito,2.1357103709800107,6.529739191097374,103
Birni-Lafia,3.2216841418963567,11.976431299957575,5004
Beroubouay Peulh,2.6700362886436917,10.50967581520327,67
Ouaké,1.5078944934785143,9.448340338388558,49
Konarou,2.8509149893114745,10.323054934330143,59
Keroukpogo,2.650216810935562,10.118281160323917,369
Za-Gohoumé,2.2175521445910245,7.199588891106182,144
Gbéssaka,3.387284418137527,10.971485387125924,62
Igbo Ougouchi,2.503372777984955,6.933918084041805,54
Location #16093,3.05981153387407,10.308605676319305,39
Tchaourou,2.7777961234029958,9.040013390694263,28
Oko-Akaré,2.6744783413968554,6.923986872681807,49
Azizakouè,2.0461632659388567,6.335281500092416,348
Gounarou,2.8354541164287697,10.8767666923376,80
M'boroko,1.7550580935007762,9.18697778601463,62
Location #5869,1.8598948844334595,7.58732590989377,160
GOURE YAKO 1,3.297609471320969,9.975430972327874,211
Dassa-Zoumé,2.2193812486426214,7.814406778933895,307
Location #2385,2.1070574209700363,7.414737436705081,485
Location #4581,0.8514714232580783,10.420811635096076,217
Founougo,2.54120054617815,11.462533082396297,75
Sompérekou,2.535389884271489,11.257457512731918,263
Location #14941,1.23006869035283,10.449119996809682,46
Kouandé,1.8556407604477945,10.077114795237591,54
Ouaké,1.4532385324839519,9.505686940543676,75
Agonkanmè,1.9963571468957302,6.3834331664030355,165
Datori,0.8608213224554307,10.35930181993198,49
Banamè,2.3070515107620007,7.495348196126608,54
Firou,2.0238007283562145,10.886027013126911,44
Dassa-Zoumé,2.08299648741335,7.6760613774271915,168
Location #1823,1.0816240803340673,10.834505252507807,652
Agouna,1.7049979868470615,7.571011659379256,564
Lafiarou,2.9976891271794677,11.172893554193521,137
Komiguea,2.624645390696226,9.431598910026894,155
Location #16468,2.768238353637828,11.442494418369884,34
Wassa,1.5610075399949777,9.46647017531114,129
Gbérou-Daba,2.9361612948793625,10.240669468698826,183
Location #4666,2.1486193113049654,8.340329433363367,214
Dassa-Zoumé,2.359234516051398,7.795183652444756,93
Tasso,3.16732115924081,9.674924259508897,54
Batin,3.005828339566252,10.456012658148069,31
Pobè,2.6466369326962482,7.090339472287116,193
Namoutiaga,0.9829282046731137,10.435603353277354,101
Dassari,1.1896839635034828,10.765166898133767,392
Location #3203,1.7490091948380742,8.180923660689578,340
Location #11901,1.9456186328951623,7.594857679378738,64
Anandana,1.371723189009492,9.962044035792665,75
Tori-Bossito,2.0469815266386093,6.572890833916199,106
Kandi,2.977297445425944,11.127808129582485,52
Ita-Djebou,2.585507160981366,6.798790337152176,119
Location #12060,2.77309223011987,10.943753451181964,62
Ouidah,2.110595658522772,6.380487162869403,62
Location #15307,2.3065713540352353,6.671864363243882,44
Location #6838,2.058657175130174,6.483607556268794,131
Sakété,2.6866068352577788,6.707216707049108,180
Illosso-Saharo,2.5933212956374523,6.766198523666316,111
Location #9800,1.1440920660980682,10.547562412097758,82
Bopa,1.9589542229168275,6.612539346685784,64
Boukombé,1.0734110078394048,10.250092187123338,39
Location #12550,0.900753437691799,10.831101492610436,59
Materi,1.0468290639562168,10.707255952590625,263
Ouèssè,2.5679784523210873,8.647158068067801,77
Savalou,1.675713624394007,8.058373560032322,64
Marékpo,1.999134490773036,10.877129534045604,62
Manta,1.0922531105298479,10.390419797167691,82
Gougnirou,2.4546443838898995,11.435078325458862,106
Koukoua,1.0938876915600115,10.232597435755224,85
Location #13845,0.9821348188056797,10.90340002596924,52
Location #13575,1.5730904967266643,9.955532499342127,52
Location #991,2.751315758393607,10.625332032885773,1258
Gaoudéa,3.511543467589889,11.039942158802253,41
Location #17185,3.3124366479220453,11.261437754346549,13
Houègbo,2.163422413956187,6.827636058511582,683
Location #15776,2.487524879431201,11.114147811055737,41
Location #4540,0.9549081607375197,10.488637233606289,219
Assigui-Gbongodo,2.524416008850713,6.72675594054411,85
Tori-Bossito,2.1095823755262204,6.510420598770148,62
Gninsy,3.063874729694988,9.669180717580836,44
Lokossa,1.656301581731969,6.6337015249365985,376
Houéyogbé,1.8770941171076134,6.612461977319896,4026
Cobli,1.0801706282616583,10.511769705324461,54
Dassa-Zoumé,2.054065800589208,7.791561196582337,482
Allada,2.096440556077098,6.715694353199026,1876
Location #14692,0.844959553188836,10.475256868136105,46
Agadjaligbo,2.1150225450369393,6.974736418350782,52
Ouroumon,3.333927916687978,9.87138447905011,173
Pobè,2.703046631637211,7.0855753001206105,39
Location #15620,2.261614845650188,7.086066413433547,41
Bomako,1.8398241654831171,9.01505566458365,67
Lobogo,1.8565878023306548,6.730112016984851,80
Abidomey,2.563778897672852,6.731237397693521,433
Location #11576,0.8261862299405075,10.654902330061722,64
Location #14049,2.1310463287900174,8.176515018190782,52
Djidja,1.887494477464742,7.379573375077032,338
Savalou,1.6554913379743053,7.868727673874421,41
Aledjo-Koura,1.450898126965734,9.372595354317925,157
Kouandé,1.5940230029185647,9.972987118918855,175
Sakété,2.6917240773283173,6.833655411340826,487
Location #10991,2.8070593582892607,10.95183776606655,70
Gbètin,3.6340267166737195,10.723921774602324,101
Allada,2.0556298368815558,6.726870692819095,46
Allada,2.1569930416827003,6.694569446900601,204
Banamè,2.3073994308768224,7.535896984889827,36
Lissèyigbé,2.049161095878096,7.251109252598865,180
Bagou,2.741432651783264,10.81342341089404,103
Kalalé,3.5523811731275,10.193816084561634,188
Location #10363,2.473000271192548,11.106989829337893,75
Sèhouè,2.2088031572410127,6.927082629385903,77
Location #1612,0.9732400423908255,10.48986198948867,753
Ouaké,1.5394208390993247,9.483923651305437,57
Location #16369,2.6134440526100358,8.154099744644572,34
Sompérekou,2.5726521692692472,11.172201493912866,46
Location #2502,1.53046387655028,9.927598254372365,459
Natitingou,1.3151932371747204,10.331772859406723,46
Savalou,1.733562069670641,8.247858783012344,260
Ouèssè,2.5482739098153053,8.662861276610835,82
Location #8004,1.5723016193514046,9.928927052152787,108
Kétou,2.597481793914859,7.269461517780857,59
Location #10451,2.4148090711487264,6.921774839223472,75
Doutou,1.8603846532627142,6.551981094095444,250
Boukombé,1.0458772655463147,10.22911185823713,77
Houédamè,2.534022101266533,6.948013318004099,90
Location #6120,2.476684290887714,10.914687448903043,152
Sinwan,3.4399061480546522,11.025970052283752,44
Tayakou,1.1853656566155266,10.525939661487602,67
Kalalé,3.092573937916609,10.256387225457566,531
Bopa,2.0182457698294276,6.7257421970135125,717
Dassa-Zoumé,2.194809409997256,7.5841620437634765,41
Adjohoun,2.5303554911834545,6.714636210967682,209
Tabota,1.0334394952804102,10.379576575320817,49
Malanville,3.177328996505582,11.567861338553287,31
Kouandé,1.6381328165561964,10.360195663079242,1320
Ounet,2.424983618060597,11.144822473266185,52
Location #4405,1.165775538179084,10.544953782304209,229
Nioro,1.485887202348882,9.300619068544858,46
Igbo Ougouchi,2.511711870492663,6.910777577107655,18317
Allada,2.201966059887058,6.652149671045133,124
Ouokon,2.448866483802058,7.068833516765772,67
Location #7604,2.052573792281306,6.482533176201482,116
Malanville,3.2853830197697835,11.698933093613523,85
Ouadjito,2.014914043520115,6.531345005339009,492
Tchaourou,2.743307872223488,9.106995699647875,214
Location #6550,2.8228084438484493,10.990420176714872,139
Kalalé,3.012813676939654,10.103583367005971,108
Dassa-Zoumé,2.2661279154187493,7.532793955336446,77
Houéyogbé,1.9184991662375963,6.4968546202296995,111
Ouaké,1.4827443145898218,9.500484386782418,111
Ouèssè,2.249052796425623,8.695967151634632,54
Dèmè,2.2175458754643986,7.082514498335507,142
Za-Kpota,2.193723120823419,7.239560636641592,1415
Tchaourou,2.947872898413974,9.25012939521461,1064
Taba,1.7648825917234787,9.227466604263265,170
Kalalé,3.3281960060172557,10.17431562368569,472
Malanville,3.2915786110593817,11.698380946227763,147
Tori-Bossito,2.0722470269319087,6.5387122519610585,67
Pobè,2.6484737497217257,7.062881488497273,75
Gah-Baka,2.404534121113242,10.189904619842087,98
Ita-Djebou,2.6108499993303713,6.85997004959757,106
Banikoara,2.468306672606007,11.167777625495036,52
Bohicon,2.1998731922532055,7.13154381894536,77
Dérassi,3.2873623704090025,10.112182268670649,193
Location #5364,2.4576600619181166,11.018249383296089,178
Location #8204,1.1422185063538788,10.678539165571271,103
Tagayé,1.3124944458119963,10.275102576243356,46
Ganro,2.8262379779868043,10.34949061917514,85
Igbo Adou,2.5449498314255266,7.140452495957901,165
Savi,2.1407872421204983,6.423987197381548,990
Location #17157,2.254212686327017,10.893108529901607,15
Location #11161,1.5046852718518389,9.399360267547959,70
Tchaourou,2.7349516301087444,9.078850198514223,49
Copargo,1.615117422257571,9.850746170029229,39
Allada,2.201963585596052,6.695709225196257,531
Monsi Gourou,3.203883701685789,9.607538048258974,119
Location #12204,1.4097581097286462,9.885032709349643,62
Savalou,1.7942993602036137,7.8586275439381295,665
Savalou,1.9560727239520617,7.817106311417427,157
Kalalé,3.089853747700704,10.174171725166747,80
Location #13196,0.8207563642867194,10.435823691151175,54
Ouara,2.6819652492551267,10.627613278061512,41
Founougo,2.574178280587241,11.47527662780394,284
Dogbo,1.8284787839415388,6.8307287777156205,374
Tanguieta,1.2827132225390483,10.672777042492433,23
Gbéhoué,1.9003548552234906,6.3639681803685875,46
Location #6749,1.9722941138330912,8.4889339763247,134
Dérassi,3.243600418825355,10.179995027466385,54
Djougou,1.6660617345020052,9.73534221693644,105
Location #8206,2.795397433607011,11.059543029696071,103
Péhunco,2.008885719552199,10.247717240662478,36
Location #12697,2.7549360689989673,11.39555930646027,57
Ouidah,2.1239036354308776,6.351380931918546,147
Materi,1.1283975096163423,10.698411832486238,57
Agonkanmè,2.0167928631751058,6.3705024240456165,103
Ahicon,2.4846049793774334,7.0800940579234055,28
Kétou,2.6653344741311074,7.467347300683373,64
Toura,2.3586175897068826,11.183153932229999,1340
Nikki,3.204375725184105,9.864532305820774,137
Aklampa,2.0828469452006946,8.266023801139518,80
DJONWOURA KPAROU,3.4025116702782467,9.887692382638802,44
Location #11377,1.4978069672118783,10.148542056899988,67
Kalalé,3.1650165900256466,10.17902269312053,108
Location #2824,1.753814955605324,9.572823843427157,399
Location #11742,0.9022061119113144,10.887188932987074,64
Igbo-Assan,2.5666548906967974,6.78108237306831,869
Djougou,1.8221866825296966,9.734237313823414,1477
Agbohougoton,2.0575523719512727,7.353471717579182,201
Pobè,2.7399337423316643,7.08201684620967,281
Materi,1.0892697261111588,10.70946596866679,36
Kétou,2.659693895779101,7.247289884108658,52
Sobourarou,1.9959699452196442,10.38315236469865,472
Kpomassè,2.0031213711510216,6.435245441711579,90
Location #9348,1.4083601780811639,9.899257315029294,88
Boukombé,1.052953631061214,10.238110170868094,131
Savalou,2.0816541848563994,8.078934749895948,338
Kouandé,1.7418490420054955,10.007852749717339,57
Location #14530,0.8540712224705224,10.575728584268576,49
Gamia,2.6668498666519787,10.404437095205344,142
Location #9973,1.5165249569794361,9.949887055580493,80
Kongou,2.9349207401895416,11.223584806787562,101
Location #1986,1.9342920875394816,9.76512720273996,595
Faranguédou,2.8888169773029024,11.187270693846841,28
Location #13275,2.5743595648374065,11.619943006744755,54
Bafounanou,2.5456593904161458,11.4410619173723,80
Tchaourou,2.950460858016434,9.258841002469145,113
Tabota,1.0260628034511843,10.378870409669238,75
Location #16195,2.2152639233912463,11.175912447426594,36
Avrankou,2.6349685886270624,6.557868697030732,62
Location #8848,1.1210304370187945,10.393844463922344,93
Ifangni,2.7280658795446193,6.558623833349692,67
Ouèssè,2.596062385194761,8.726336058402495,477
Location #14557,2.3070937402113256,6.7470174516025105,49
Location #9952,2.5322126071947353,9.65921770742894,80
Location #6733,1.9376572367791145,7.497348299795889,134
Banté,1.8521557867559717,8.385583624107996,85
Dagbla,2.5712950898202718,7.091107487878855,67
Location #9719,2.73912763754126,11.381771707257974,82
Pobè,2.7002136841529656,7.080775019653194,157
Diguidirou,3.1979175644120805,9.614393351567019,80
Kétou,2.592361018328713,7.548941505242262,137
Kalalé,3.1652828440814695,10.297371713832558,688
Zogbodomey,2.1338969945630417,7.06837645947801,1430
El Hadj Sourou Kparou,3.095769769036637,9.359109275155154,80
Boukombé,1.0558843199057688,10.209664227806512,75
Honhoué,1.897835002818004,6.538814633547863,126
Location #9087,1.8426959595267467,9.672708950245205,90
Kétou,2.508913475522211,7.544918675056736,67
Location #733,1.984666437989843,7.250070612305198,1704
Kandi,2.9487247465128648,11.050684131505603,165
Copargo,1.5760356480768256,9.854598825304109,46
Location #16310,1.6732148483782765,7.594451044884595,36
Aklampa,2.0717288964796383,8.216575916642638,219
Lokossa,1.6202049383298276,6.723239641793328,116
Location #14353,1.9183428267739582,9.955025761523741,49
Location #7072,2.614531511914121,11.457501475760594,126
Location #12563,2.2011971971008646,7.503490435191025,59
Kouaba,1.2050978635401162,10.18605982965397,67
Manta,1.1297912009080981,10.374217047890575,113
Pobè,2.6971257727726337,7.119698240230429,85
Sédjè,2.391851247624719,6.731651649003426,168
Douroubé,2.694377485682632,9.414727827234563,332
Onklou 1,2.102886078432113,9.391895856230011,124
Location #9213,1.673745682310891,9.954551452751014,88
Kétou,2.681535895453951,7.5672829914153255,57
Goumori,2.268599993390607,11.197907865974223,34
Monsey,2.92292976218374,12.293000470281228,918
Malanville,3.096050464758851,11.98645783586859,90
Tchaourou,2.9085040634393224,9.252706014796578,52
Partago,1.922111317668664,9.457266378768416,111
Location #3157,1.0009427328022003,10.769446347127078,345
Kokourogou,2.2938457328343165,11.25113228098407,64
Allada,2.043126906737647,6.712252938222179,90
Founougo,2.529511678692786,11.52322195365914,72
Allada,2.225387704510437,6.765881814703725,41
Kalalé,3.470434875262853,10.193081422559086,46
Dassa-Zoumé,2.142372969353832,7.78949780964011,36
Location #10903,1.6255863124653918,9.888935847838335,72
Adjohoun,2.5373720656356946,6.715680715239179,822
Comè,1.876011542897368,6.365995805115344,77
Location #6326,2.640627204113278,11.51435326838105,144
Allahé,2.2403009255321336,7.144018251025244,144
Location #1692,2.667709108583945,11.236662397098211,709
Location #10951,0.786039506160307,10.470682298487777,72
Boukombé,1.135496890013516,10.18774167020593,108
Kétou,2.6590006956921073,7.495497242095676,59
Igbo-Assan,2.5604930964280785,6.807473683508531,162
Location #8787,2.7426780281949275,10.484650955605463,95
Tchaourou,2.597901061300175,9.012568071252854,57
Savalou,1.7628231596015522,7.9720209482095745,804
Kikélé,1.7288013884639748,9.01219538036223,1791
Sinisson,2.722121112883741,9.792279423618886,59
Ichaagba Adoundoun,2.619063193394954,7.112093614619285,121
Tchaourou,2.5530730517783153,9.144171053974379,95
Allada,2.154221057148549,6.732451220150057,46
Djondji,2.011277650045481,6.309551149695795,735
Kétou,2.6444527105167537,7.5011720312511745,59
Ouidah,2.1049995927103837,6.409428988293368,188
Tanguieta,1.299174565033591,10.658621130973817,44
Materi,1.0940397046381252,10.667087063047155,59
KALA 1,3.2711644667601636,9.72666263832807,137
Location #13221,1.3918585145298012,10.203430707716123,54
Founougo,2.491162964178524,11.458153891801429,75
Location #10572,2.242215503082437,6.784454978090487,75
Tchaourou,2.046600668919742,9.138437497950788,15
Boukombé,1.0588285125531152,10.186021251911775,54
Pédé,2.943265221464949,11.22104241309373,49
Gounkparé,2.8848355872787343,9.360342125552878,39
Location #6398,2.1045579994207664,9.755848024421631,144
Cobli,1.0444115831048424,10.495004665972326,62
Location #16957,2.0273546354338587,9.631793464041333,26
Agonlin,2.0532318828402296,6.985254859003617,152
Boro,3.0914085653850485,9.53485100317718,273
Houéyogbé,1.9157144353655415,6.477706072850719,304
Location #15409,2.1976604428624884,7.533623848185608,44
Location #6310,1.728470427244131,7.443730578634258,144
Location #1726,2.447017650660419,6.793909361951218,698
Location #6932,2.597034904813006,8.121354899184455,129
Location #10391,3.0567605060054945,10.343573917414007,75
TASSO,3.230343282656126,9.646943708069474,82
Nikki,3.4235403535524096,10.097001071037898,70
Location #12355,2.2996319247508104,6.7672779106677785,59
Karhoum-Yaourou,1.42199714965415,9.849775809627397,49
Location #16325,2.226789854785522,10.87132523991777,36
GNANHOUN,2.902492357047405,9.897419764446827,98
Tchaourou,2.8741934354820513,9.186421732645483,178
Location #13235,2.3014768088338227,8.209816494576508,54
Location #16060,0.9491350602466849,10.342584598116552,39
Location #6340,2.346385237261768,11.14804765113266,144
Location #15545,2.0725777373337264,8.200535300543867,41
Location #319,1.3027847480281416,10.441857920093412,3714
Tanta,2.2431378211959645,6.69294563755553,183
Atchonsa,2.4484643270421373,6.856550205579798,67
Tabota,1.063365541410681,10.413099653796122,198
Sikouro,2.7639254073681756,10.035243111023913,387
Kalalé,3.1569225173441953,10.17651427246106,64
Pobè,2.724616089874686,7.064195015456793,193
Location #16209,1.0026288099651102,10.224842290863425,36
Kouandé,1.756702956601924,10.473570582353656,39
Nikki,3.178243231329029,10.016079709500238,211
Location #7962,1.119950090233605,10.41989660305738,108
Location #3941,2.5094902994843764,11.095732279059817,263
Houéyogbé,1.8940463271405177,6.477749865638041,103
Tanguieta,1.2511814010482243,10.65564042571607,70
Allada,2.068933702778062,6.649899048851867,247
Djougou,1.6596756639215946,9.611139243060856,75
Agbangnizoun,1.9345679728935832,7.072107431323369,217
Kalalé,3.333120246051868,10.299051708300079,467
Hinzounmè,2.045693562791374,6.440474775176822,198
Toké-Banta,2.4108121862668934,11.33682545753334,44
Location #4670,2.1161795053418984,7.407131674694733,214
Djougou,1.6870447304154745,9.760241893304899,304
Yossinandé,2.4868575101430097,11.394275196040816,70
Bopa,1.9701439637267426,6.665348979925934,616
Sinawongourou,2.7558717107541093,11.137968258928714,144
Location #12206,2.3782784088101843,11.09039519790348,62
Location #13649,1.0614303669577583,10.27039506068252,52
Dodopanè,2.9157936482898985,11.16922903995856,776
Location #13484,1.8430674157327684,6.410606245543192,54
Tanguieta,1.2156869380517188,10.712015357790053,296
Kétou,2.5811558867596283,7.651485944044315,64
Dassa-Zoumé,2.043661571052068,7.798101085891785,52
Kalalé,3.753481943167283,10.467551228458337,31
Location #7075,2.653650579659191,11.440439342483895,126
Modogui,1.867360764260231,9.014303877135868,54
Allada,2.158544259867017,6.6148785366016645,242
Sakété,2.701245121056852,6.833976842560747,70
Gobé,2.393673552536203,7.935695933919759,330
Location #14181,1.3781880992255597,10.015186758481152,49
Oké-Owo,2.7031766663557297,8.047524059452137,253
Location #15190,2.3673414205458037,6.816424413843064,44
Location #13642,2.7055245700029684,11.057672700003415,52
Dunkassa,3.1133354099642037,10.33526505675505,101
Kalalé,3.150502174833218,10.13850428089336,77
Poto,2.5269895791688786,11.330588232458988,1340
Igbo-Assan,2.593329380214023,6.825872395085388,183
Akiza,2.0328941254345256,6.96915354087766,637
Kouandé,1.4895319129214541,10.038633245783831,874
Location #12679,1.1670447741481107,10.648275382151871,57
Kalalé,3.2002587976668124,10.280750194480428,348
Location #15915,2.395653545932227,11.085650645623357,39
Savalou,2.0163256473498348,7.879249808608238,44
Abidomey,2.580595018767559,6.735462666652483,26
Siliko,2.547286016195437,6.790952004114268,930
Kétou,2.59805670348326,7.215404754132063,52
Location #14710,2.720540359993551,11.467213654046361,46
Location #16831,1.380558083816658,10.412607304325517,28
Natitingou,1.311618173509869,10.367697297974882,44
Location #3872,2.2859489066032928,11.078120675149844,271
Zinkanme,1.9600121923748632,7.270311949554532,235
Sompérekou,2.5781557032029125,11.213524879058184,46
Natitingou,1.5013928621551924,10.370176611470708,52
Location #1276,1.9615060395652177,9.955560359760264,974
Bopa,1.9787347258421948,6.67375119427135,206
Goutin,2.4859593096771673,6.727936562464654,102
N'Dali,2.63895566701822,9.876304143665156,52
Malanville,3.511045627002585,11.565320900399788,2420
Tori-Bossito,2.212561416700425,6.61848957438309,98
Bopa,1.9652387214716225,6.56087020212393,155
Location #3378,1.3673649923429745,10.433608332120185,320
Kpassana,3.6472128953448317,10.959418760147319,106
Ouèssè,2.6351890149840482,8.545659594651475,1113
Location #2051,2.1286970505482845,9.762516854314987,572
Mondara,2.013754746774512,10.803032217858872,54
Oubéro,2.954821235400042,9.746190233645153,155
Grand-Popo,1.7906484581728361,6.422358402251773,90
Location #3668,1.2106628812271774,10.317845328069332,289
Location #16713,3.1022083417736015,10.737630920504046,31
Malanville,3.34689162553256,11.825547183003215,180
Sonsoro,2.77797079494842,11.063088536126092,209
Dassagba,1.6580823255859036,7.644092651276703,49
Location #15069,1.394846417900448,9.992592958363463,44
Parakou,2.6416004650203373,9.293474695090218,201
Bopa,1.9532817639778077,6.553676492599614,387
Kétou,2.610656822921908,7.245469660883921,46
Tchaourou,2.5266170571788913,9.107386948084704,106
Bembéréké Peulh,2.760202552166326,10.116682983239558,54
Kouandé,1.7157822310417181,10.350809358496457,72
Kétou,2.6575395671501743,7.422991924222802,70
Tchaourou,2.4626213030577233,9.475406962858829,44
Dramè,2.153961324709213,7.289181778785154,2494
Kalalé,3.808228349823724,10.536917751714656,54
Location #2010,2.635321704874396,8.069605273887408,585
Sakété,2.6927531056293508,6.775095820153333,72
Malanville,3.455269981872683,11.618159779216201,209
Tori-Bossito,2.210825484969502,6.61350961134442,139
Location #14412,2.587050982541671,11.222275957154897,49
Dan,2.094755096009324,7.360075723181028,46
Location #11660,1.3885088263614758,9.866567719196263,64
Takpiéni,0.9312166862363397,10.271615631134367,95
Kountori,0.9374860510404655,10.399729318194536,88
Lobogo,1.9333355783955386,6.735467887981232,247
Dérassi,3.3042613235683076,10.134393394169,278
Allada,2.0351393520183323,6.686912389978623,557
Ahouango,2.003202237018599,6.462002410690681,108
Dassa-Zoumé,2.112351653893467,7.629952329354024,709
Allada,2.1093989003120295,6.720288713878196,57
Lobogo,1.8910401383465982,6.616255121858008,54
Location #16346,1.4078710294753036,10.186511571723806,36
Datori,0.9129517698227491,10.370321660037083,129
Djougou,1.573597263878658,9.62499872240126,198
Kalalé,3.1493936568717404,10.319539778696521,85
Bouaïna,3.733378476312859,10.881257318935088,46
Kouandé,1.7766551562835387,10.18211473314422,95
Kandi,2.878039096284053,11.279622196328665,46
Location #8349,1.129071751323691,10.563356993785122,101
Location #12960,1.345419257760732,10.087314723269488,57
Dogbo,1.708050496899841,6.773796521809624,183
Partago,1.9036382839101673,9.523302003555804,289
Location #4247,2.5392842423374016,6.728040330541043,237
Simpérou,2.471325159014717,11.301576626949487,39
Bonhanrou,2.4608227438257497,11.439826988889944,62
ISSA KPAROU,3.0740898196716167,9.99886932194908,88
Kouandé,1.710525373867944,10.025244825863517,49
Kokorokèhoun,2.6340754793289687,6.961356014238431,242
Savalou,1.6742627991039167,8.077769008595604,639
Location #14371,1.2464733044931218,10.492142897381909,49
Kouandé,1.6481927607350009,9.987401487639692,72
Tori-Bossito,2.1984026702844432,6.565539663158282,116
Pobè,2.7134486836564324,7.1483158214264995,232
Tchaourou,2.4890714561360325,9.395423133358182,72
Kalalé,3.2538284263498607,10.281147086925012,175
Location #6755,2.661179123153647,11.47736958225967,134
Location #15511,1.2990543808207673,10.038521901701257,41
Location #10492,2.716308294429883,10.878820773069622,75
Pira,1.768980798002417,8.555991945005415,152
Gbahouété Kpota,2.5618038258664826,6.971072271720817,59
Bonou,2.4385782839589,6.926204122908546,6695
Adonhondjigon,2.0339685131462115,7.087388343422562,742
Lokossa,1.6045255670745777,6.729049142956027,52
Founougo,2.5689404313327198,11.471038589081928,82
Location #2831,1.8042798199674723,7.280013735017563,399
Bagou,2.7066158341081366,10.744051528603794,34
Location #4490,1.3929813674584528,10.701692038066128,224
Basso,3.740897525887177,10.485264856631437,15
Dassa-Zoumé,2.389302702629931,7.5082086112724875,157
Tchaourou,3.078116060510363,9.281487184907114,62
Cobli,1.0144152935487865,10.506277111423078,57
Boro,3.0575749608572305,9.596476314657016,271
Sakété,2.727969560133796,6.8175276360339065,41
Location #8950,1.826724724577977,9.028983262014288,93
Gonri,2.049397042829796,10.251748801984418,660
Toucountouna,1.3856357700306468,10.485476509194308,161
Kétou,2.62793275232325,7.526251521131654,70
Zibangourbi,2.9136393314342612,12.327377288537386,36
M'boroko,1.7222027628821672,9.17642458964506,39
Bouérou,2.569341371158183,9.745066314463868,54
Sakété,2.7120472819201544,6.80110318282417,198
Location #16521,1.5956522736810936,10.493025477624862,34
Location #7608,0.8132243937130379,10.517629343381401,116
Ouaké,1.392038473249713,9.772750390407351,912
Kouandé,1.7261745564457793,10.305107641783858,46
Lokossa,1.7367068297168666,6.653169844439663,64
Séni Pibou,3.104272156466254,9.547111150262984,70
Kouandé,1.795294217415385,10.641523640091362,1250
Nikki,3.2927177667946617,9.999418606432604,70
Lobogo,1.8409994641053857,6.734496562929372,905
Ifangni,2.7183643246519336,6.710750169181765,317
Gurai,3.27581050144095,9.666170566865713,193
Kouandé,1.8311497573413262,10.382105283333955,144
Perma,1.4344487378861694,10.13528104497183,103
Tori-Bossito,2.078273119789951,6.575947419176785,211
Takotiéta,1.0522284673386486,10.318898381163425,108
Comè,1.842834853830203,6.454728503810824,119
Mafouta-Waassarè,3.6588902711205455,11.121028458264385,281
Location #2582,2.7158659520923267,6.852477550992996,441
Houéyogbé,1.8538843974659704,6.580505918000455,819
Kokiborou,2.3740955121837564,11.162583719069776,31
Ouaké,1.3720602054945479,9.507131545080583,485
Kalalé,3.050881048391566,10.159741374136038,46
Lobogo,1.8463886679659158,6.7361201962548645,531
Tayakou,1.182368948895216,10.569509676843525,44
Tchaourou,2.5331016290677275,9.092464832412583,75
Natitingou,1.2523615903994392,10.289325869093082,88
Kalalé,3.755847228779053,10.465590467092845,23
Location #6661,1.993791815383909,9.757392920731759,137
Location #3116,2.5477493306995536,7.838988506526937,353
Toué,2.314950544327287,7.213715183615935,518
Ifangni,2.733596538714655,6.577694724349694,183
Komiguea,2.615117913432943,9.435432748198767,590
Igbo-Assan,2.560058851861402,6.81735377915732,219
N'Dali,2.6578992824205643,9.62428614110521,64
Sègbohouè,1.9803368382041184,6.437233679179412,129
Location #14890,2.5148488874287374,9.488924621011542,46
Dogbo,1.868111117017383,6.799768046416044,281
Savalou,2.008162148433787,7.8659706930243924,62
Ouèssè,2.523310014560957,8.76177407472457,64
Cobli,1.0603471786336829,10.51654201530874,562
Sakété,2.6628859466517327,6.65231733855671,49
Location #10334,1.8392514999672027,9.616923134580746,77
Koutangou,1.0755949225663257,10.363421050079955,242
Hio Houta,2.1520541960617505,6.338655190159594,85
Location #15465,1.9402060944939072,10.592637538997604,41
Agrimey,2.1494809093112464,7.031108214836492,70
Kalalé,3.1888587517989633,10.215101713813333,82
Kouporgou,1.1557371789808788,10.235492735826707,57
Allada,2.175751370051196,6.683113271721278,77
Tayakou,1.1818216184209775,10.533614649100338,188
Kalalé,3.6359019464383295,10.121554353545456,647
Kouandé,1.684697375609316,10.05486888813241,54
Agonvy,2.594540953372872,6.869199737733218,103
Location #14492,2.4783768624141604,11.10668674859732,49
Partago,1.456162273661306,9.323733176096056,340
Gogounou,2.9063175314664456,10.818214204532389,34
Kamanan,3.45418271278255,11.248382863861421,95
Location #13105,2.0853451181335507,6.467401805713796,54
Location #9909,2.001572545160177,9.804466163269344,80
Ouaké,1.5014915470364976,9.449334167067434,119
Ouénou Peulh,2.6115354112277727,9.802506024211212,49
Location #1186,1.9855998126060632,9.724806468463935,1057
Location #9620,0.9490908741521189,10.512467082891009,82
Location #16665,2.2508749992691928,10.918680290790943,31
Natitingou,1.354154453419192,10.374397240565497,552
Location #13486,0.8315189340338291,10.45565637829987,54
Sakété,2.7051601258424514,6.801818161758753,443
Location #13716,0.831572870599247,10.426991511557185,52
Kétou,2.7495206648930366,7.510896213604479,52
Lokossa,1.6217879552413732,6.65480496050718,77
Location #17080,2.5154477636785297,9.648151013525522,21
Itchagba-Gbadodo,2.577089428069902,6.9135493707700375,495
Location #7018,2.8962760061544035,9.642600323606912,126
Tchaourou,2.839195516877879,9.09278017548662,36
Allada,2.2148807244191095,6.750677223225035,575
Kalalé,3.174266051846019,10.196248640307505,575
Djougou,1.7486849172191914,9.685433193877717,500
Pobè,2.754443522152673,7.072311973784933,196
Location #5160,2.390509442198165,6.647019497613202,191
Tchaourou,2.531421320382728,8.837745668876417,108
Nikki,3.373392504207724,10.082291009913133,93
Tchaourou,2.1504937029840354,9.172363081873005,44
Kotopounga,1.5359460052573561,10.27954881307923,44
Nikki,3.5235376567684367,10.068815634456719,436
Location #14453,2.5711356691925262,6.668265053779195,49
Natta,1.1025301722212182,10.219293179414352,139
Tanougou,1.3804169788464342,10.728140374088865,101
Kouandé,1.85623818088991,10.26482635806355,28
Tori-Bossito,2.1469647006592436,6.530252623049345,41
Sakété,2.668887669761706,6.76523287904223,113
Bagou,2.7476586457198717,10.826785411926455,46
Tchaourou,2.560388377314928,8.85251807636037,39
Tchaourou,3.113884132467392,9.193995754016472,67
Sé,2.1163376588252634,6.786787882134739,49
Kouandé,1.6690632390926095,10.065972544664673,67
KORA SEKO KPAROU,3.403117166693352,9.916089677736833,242
Location #17089,2.1654721541709754,7.375647874231839,21
Tchaourou,3.065625925693034,9.241184668972165,995
Sakété,2.6857359860071135,6.693869065221996,170
Wari,2.393929355257341,10.236669847144254,49
Dagourou,3.019898047890543,10.888235715927658,57
Kpomassè,2.0262890031513825,6.470987408657434,717
Faranguédou,2.8936687481873125,11.188838535949884,39
Yoko,2.6023587672494704,6.697220248814591,121
Location #15322,2.648783179862118,11.506711421184157,44
Bensékou,3.154172792408592,10.985754794969589,2693
Location #11441,1.103089247067222,10.611827836805336,67
Sakété,2.7118317203818747,6.711223942773616,217
Natitingou,1.3305879957308626,10.369588830331802,186
Bohicon,2.155551956370321,7.1465072870421675,168
Boko,2.6256030518834685,9.556087007944248,88
Lobogo,1.8551035054354574,6.727702292685957,46
Sakété,2.6739836317845187,6.709330537967318,131
Ina,2.6914445326623113,9.999937516616429,72
Location #16386,2.18436982127572,7.424310408283132,34
Tchaourou,2.5029879212529185,9.293139165394713,121
Grand-Popo,1.9546322154465894,6.324418559700878,54
Kpébié,3.029310870184974,9.716631740236485,242
Djidja,1.8746749647041543,7.294252149502523,217
Kétou,2.5650550356665804,7.274493999223852,196
Malanville,3.370300950497256,11.549739967628907,28
Location #10281,2.881706147516516,10.44572885438823,77
Doutou,1.8982291791081738,6.567950197841471,335
Location #7130,1.1014652080184064,10.433123409309644,124
Daagbé,2.722621991339855,6.563378237372197,49
Tchaourou,2.159442829402016,9.283980709641781,39
Kouandé,1.7183562502854983,10.066219536227656,54
Location #1719,2.380195174832324,6.688108547212126,701
Savalou,1.7118716517564727,7.935813224002703,451
Location #16688,1.033955158127803,10.354153426852134,31
Lobogo,1.9327293594674495,6.752150494849912,139
Location #9516,2.0565083837119533,6.458536152517003,85
Kétou,2.508460064054479,7.305545831461951,88
Tabota,1.036739971137151,10.416383179696656,144
Savalou,1.9360476450055337,7.908918127154606,1064
Kétou,2.4951902449321124,7.244954762217922,90
Grand-Popo,1.8393292666136667,6.358092805260877,832
Batin,2.98704244564106,10.44812188777659,273
DEH PEUHL,3.2491344827094593,9.884317039561822,95
Kalalé,3.412156081769964,10.289493774998096,296
Dododawa,2.873652797658668,11.090164869155663,64
Cobli,1.007934311020239,10.521622730177596,49
Location #8323,2.688231330499923,6.840372712678298,103
Kpassaba,3.568917995043235,10.918133758244082,46
Allada,2.1713016216631007,6.7074831099505055,41
M'boroko,1.7293590209797924,9.219889203112567,49
Dodji-Bata,2.27021979932233,6.676343925967872,116
Location #12080,2.3231667697592884,6.812211994493039,62
Domè,2.1712615644796642,7.095078476444653,2400
Location #15557,2.7649518166197526,10.943955225606288,41
Banamè,2.3020374085604343,7.452504106120028,539
Boukombé,1.1388045527702442,10.177405880793126,168
Location #8488,1.8887379511966946,7.444082747552856,101
Sombouan,2.648443476564274,10.483434046275745,64
Ouaké,1.3801110483596555,9.835147923738615,2650
Tanguieta,1.2338867735381358,10.645547037302741,31
Location #16838,3.5422668740857914,10.71550791904853,28
Kouandé,1.7984974033301953,10.42845826680929,193
Aledjo-Koura,1.4498206882360085,9.327607671962198,162
Adjan,2.263152442915898,6.718500183454708,840
Location #11015,1.9182615461418715,7.175218369854021,70
Kandi,2.950692328922038,11.044993607754515,39
Anandana,1.3979383822757576,9.956722981995297,52
Tchaourou,2.8186308840437206,9.133227261515382,70
Location #6777,1.1039862907185216,10.483107307955207,134
Location #10601,2.869040713717111,10.929229158962968,75
Location #16075,1.6718559622280524,9.175398848974714,39
Allada,2.1297766259130446,6.626006601193595,75
Allada,2.05426096940314,6.644840456285599,70
Savalou,1.8710029802988142,7.903451323933387,198
Tantéga,1.0126475914413204,10.765301058647214,57
Yingnimpogou,2.472787541063584,11.526950597472712,149
Itchèdè,2.569086733189919,6.8991967072978415,121
Lokossa,1.773255519458686,6.711075938834518,485
Tantéga,1.0378436775474364,10.772328733272346,320
Ouaké,1.4278341760094786,9.542051247679206,64
Kalalé,3.048069290998076,10.110912338301102,423
Kalalé,3.300992348310239,10.170424429547378,546
Ichaagba Adoundoun,2.6336336756742296,7.0948487422400275,258
Sikouro,2.7609024917405054,10.028153988500602,62
Location #14040,1.55791550403147,9.45110896626667,52
Lobogo,1.9401152447179077,6.736707620954564,198
Location #7883,2.618882829630465,10.596372570629502,111
Location #10997,2.3171047698238225,6.805254820083043,70
Location #14302,0.9405360528165564,10.341154915839438,49
Lètè,3.52309973631493,11.03742939226511,77
Allada,2.036003457333549,6.705899999354477,44
Location #4320,0.9409352191518566,10.434097695868605,235
Nikki,3.2525968194980313,9.838389375291037,1193
Location #15633,1.5085400123928756,10.153709194102701,41
Agouna,1.6795404175403439,7.578237084734834,62
Kalalé,3.4166855237826814,10.289963720533931,98
Location #15902,2.7327585165397554,11.190715881041879,39
Tindji,2.1170678975591617,7.2528525682062694,67
Donwari,2.827638110111121,11.138583984298045,46
Location #9150,2.724438246000792,6.897063435960754,90
Ounet,2.4202933887203946,11.172042116939606,41
Nalouhou 1,1.6128976277081675,9.74728587349891,366
Kalalé,3.7068838401543553,10.634306784721142,34
Tchayagbangba,2.6481223464773236,8.245633220556526,423
Location #4987,2.8215776492023337,11.002890637681269,198
Dassa-Zoumé,2.1908703189543535,7.5922698255623,263
Location #9410,1.6062218945363047,9.211435561430802,85
Gomè,1.9772091152054119,6.366182643528028,52
Kouandé,1.7838094789760595,10.288721082110698,376
Location #2408,1.7723552858937859,9.591067433921125,479
Nikki,3.276220848259373,9.93157917958434,41
Ifangni,2.723703614609568,6.713122658865191,57
Location #9301,0.8338654188346041,10.517814671402746,88
Pobè,2.6774853520713062,7.083919582012577,41
Gamia,2.6681556677111717,10.371514925643293,88
Pobè,2.6527639470976623,7.068203881370533,59
Location #10385,1.9231593424768878,9.436857981020399,75
Kouandé,1.8187136877048418,10.009429174608503,52
Gnonkourakali,2.8919469146634613,9.955405437245776,70
Nikki,3.2687515773451206,10.166116614628075,407
Location #17035,2.0952697051624147,10.443605460062571,23
Kandi,3.02948314627112,11.076084601517593,36
Adjarawamè,2.5546397006974715,6.834464163402715,201
Awonou,2.569858755465647,6.759243635533861,101
Basso,3.6874634733590947,10.52386423108796,34
Location #1003,2.1710862016670687,11.138823790991088,1250
Bouratébé,2.5871428664258134,10.485938706409772,724
Kétou,2.7039335620902816,7.654795641296501,85
Allada,2.1145413289361694,6.679491181484487,729
Bopa,1.8434944866540104,6.720497849126547,170
Tchaourou,2.952118692325508,9.102645815928732,59
Basso,3.633232577803916,10.553769503596774,505
Dassa-Zoumé,2.4170306193627265,7.601892270765044,276
Ouidah,2.050384411261536,6.340541813844571,75
Allada,2.196626279842801,6.665308679108239,103
Kérémougourou,2.3120021254105922,11.347258476009094,31
Allada,2.108583073172345,6.662828452698439,2660
Tori-Bossito,2.1052100742123043,6.4969096268247,52
Korontière,1.0052952824280894,10.233968058634694,201
Kalalé,3.696374426958132,10.587448457829321,52
Location #14155,2.3971744450350068,11.665245426705422,49
Kpabegou,1.5362616618416305,9.790144482941566,317
Location #8855,1.925350953993013,9.773243914142995,93
Tisserou,2.875364703773491,11.1071736149366,232
Assogbénou-Daho,2.017885015199247,6.348598178645517,52
Nagayilé,1.54698104102791,9.342350928420313,90
Zounge,2.4914178479380946,7.019655547460098,126
Location #8340,2.1708346624187995,7.431436586166202,103
Lalidji,3.054125534099358,12.146575118782566,26
Bonou,2.4250367578098104,6.933881925260635,31
Angaradébou,3.0592182293258707,11.330063469681646,173
Sèmèrè I,1.3842236652067221,9.57730667668854,621
Location #3626,2.0789776465768046,6.796837213989321,294
Location #4746,1.358435473865878,10.447276518336823,209
Location #4076,2.48050139179321,11.129630411995766,253
Aklampa,2.1589728683756886,8.274710539021429,101
Tokpadomè,2.0186715029325555,6.511882691612158,52
Grand-Popo,1.9370595878974255,6.318878847372722,178
Kankoulga,1.530992826685127,9.943258001403729,222
Dédomè,2.0298813461232417,6.57688084823724,44
Tchaourou,2.4595350682066006,9.360251902520993,49
Parakou,2.5262415399028813,9.379372625965015,46
Dassa-Zoumé,2.0971387219932525,7.633945180400541,31
Toffo,2.0879528580414575,6.812204632024892,41
Gando Sanni,2.955694974962621,9.544486344510815,379
Toucountouna,1.3761882378841663,10.464381622792477,57
Taïti,2.790755817787522,10.343549503210449,152
Lokossa,1.6904913188071133,6.719038291100902,168
Tchaourou,2.734947737333293,9.224111036660174,31
Location #12626,2.5689472279610266,6.8637402185191885,63
Location #14432,2.6666521306943336,11.512901805210737,49
Barei,1.5339566218980092,9.643640923954413,54
Location #5692,1.3769164546495305,10.45604214375861,168
Location #4238,1.059022464414673,10.624291459575574,240
Location #16058,2.692879705284096,11.177247653740428,39
Cobli,0.9940452574403545,10.494452447674027,327
Gougnirou,2.441848404404047,11.447556855359915,320
Tabota,1.0534250020760085,10.38884166882745,126
Location #8560,2.296725145022325,6.75600845786473,98
Location #13985,2.670391653664776,11.479275289865365,52
Dégouè Domè,2.0601144270429663,6.32100658230748,418
Djidja,1.898789019007708,7.274466148230027,70
Location #15826,0.9831208105177367,10.757966283359067,39
Location #6708,2.0082636225367363,7.509753787516026,134
Kétou,2.6765753327410704,7.3626115658912585,80
Location #14872,2.8905803196679374,10.705367724924715,46
Sonsoro,2.7963478786954763,11.071804330461188,41
Banamè,2.30666751316267,7.409979878845031,157
Location #12009,2.8057333168075265,10.981860173787922,62
Touko,2.8363399723859954,11.052313866916677,54
Location #2441,1.686867117345001,9.951126064099883,469
Djougou,1.6984458277921652,9.837258207765116,70
Adjan,2.2111627903640128,6.72677341990012,121
Grand-Popo,1.8222039384265039,6.324694047944607,18
Manta,1.1178317564120683,10.387929118991478,49
Location #15075,2.2339008674951724,10.85217854032975,44
Kpomassè,2.0356636132059895,6.397022844004264,85
Kouandé,1.705557918255797,10.517240805851266,90
Pira,1.77244481191969,8.556950097863814,39
Dassa-Zoumé,2.0651317494087063,7.795610503187576,131
Djougou,1.6102837742024754,9.6959525068936,49
Nikki,3.2647693892306853,10.04042549572697,49
Location #12448,2.8847199476675414,10.420200537162199,59
Location #802,2.080709850366519,7.084966475724448,1544
Djoléni,1.9875482973898713,10.989299581660493,2235
Igbo-Aïdin,2.5298047056876656,6.962422071669027,18
Ita Itèlè,2.5546415899557293,7.106184659722318,59
Location #2670,0.8427759380793927,10.42183720887868,425
Gbéré,2.600877088873363,8.039121174533559,131
Atindomè,2.3403778345633857,6.712038495881482,62
Location #17164,2.255899126726936,6.870891965820463,15
Agonvy,2.5478342337743465,6.890412369084298,265
Wassa-Maro,2.0344814778780407,10.21605517849469,907
Kori,2.49935117730025,9.954018783376812,1088
Igbèrè,1.8851616625833947,8.996206725443955,351
Kétou,2.6337551663832905,7.2568552437434715,139
Sakété,2.720235585475027,6.754253219846009,54
Location #7065,1.0646424900109632,10.551655698565497,126
Location #11495,2.7447464197034606,11.43607416758556,67
Kalalé,3.1384999285179838,10.404657743399055,72
Kokiborou,2.146721161735024,10.861762779610515,180
Tantéga,1.0105441808345788,10.8309744108582,46
Sèmè-Kpodji,2.6799328206095225,6.416436253991552,379
Pobè,2.635852470866219,7.119068793484779,52
Souamikourouna,3.1061333587559585,10.910860850848582,544
Grand-Popo,1.8391740108101413,6.377320519529459,54
Location #10225,1.2485463861056638,10.511405896478168,77
Tchaourou,2.8373536795451963,9.150782788737386,57
Kalalé,3.3263969106915074,10.350176583240831,72
Donwari,2.8118179262172633,11.112669905627675,44
Location #6221,1.653978508937414,9.889876461211173,147
Korontière,1.0003397407005579,10.301132924559814,168
Location #6571,1.7245681054389745,9.56753233364448,139
Domè,2.233948497073626,7.105072657785739,129
Location #11748,2.412521531238848,11.099355409894459,64
Location #16509,2.6101565141378154,11.210355876559825,34
Sagon,2.4300953401263587,7.156140538949335,4845
Azowlissè,2.478250617430876,6.675587447607773,1979
Za-Kpota,2.2052779316418993,7.152693246071975,129
Kandérou,2.51966406401553,11.617129077533207,49
Kalalé,3.330963171401508,10.141243783305285,217
Korowi,3.676933827673232,10.859947478361248,59
Location #15416,2.6851799900831397,11.070614094823814,44
Kpanroun,2.392626443167026,6.684026712931662,335
Location #5666,2.170116823024379,8.405528600731301,168
Tchaourou,2.2107849544268294,9.182990443032661,85
Ouaké,1.4782683527082952,9.644445855307008,46
Location #3890,2.143690352748053,8.284754402778798,268
Gamia,2.664785101356664,10.368956637094955,34
Natitingou,1.3184585524827033,10.329727998982559,57
Natitingou,1.3443458067348577,10.266738416613283,124
Location #16215,2.8258560440286775,10.596765895062168,36
Location #2036,2.401926455905507,6.601458888859094,577
GBÉGOUROU,3.0393570773927547,9.986633851173696,54
Location #16782,1.6896174761952296,9.460335621817272,28
Djanglanmey,1.7952589194377055,6.411602159721576,54
Boukabo Kparou,3.117797762692737,9.519200726695095,36
Ouenou,3.437872503114236,9.985611137460525,175
Location #4304,1.096135792471905,10.41665959366164,235
Possotomè,1.957148026327247,6.5388124710979145,77
Adjibogoun,2.559050178883349,7.122521857979512,59
Ouèssè,2.6373295320842174,8.315827266044357,49
Location #14989,1.0710003870095037,10.576696932965923,46
Kalalé,3.1546871258238025,10.427302393029478,296
Location #11442,2.6794875004428444,11.440987405423714,67
Location #4176,1.7341355163702445,7.539640926032054,242
Kétou,2.618570171522803,7.310158343520059,276
Djidja,1.8717236737228207,7.378423969154384,222
Cotiakou,1.2788683526465274,10.570150668283233,209
Kalalé,3.5299130653099104,10.156415850056739,36
Location #12579,1.0943861580413456,10.497845463330226,59
Sompérekou,2.512624665259505,11.346113858367572,72
Location #3169,2.7988502101504844,10.917484823198993,345
Kétou,2.478204314790233,7.35740814264017,108
Bopa,2.0367151995506076,6.720751785023088,82
Location #16135,2.414037926447365,11.506060571343793,36
Houéyogbé,1.8816274640196935,6.590159629572313,103
Location #4412,1.7659841286079758,9.838350804301236,229
Kouandé,1.694226232988816,10.372585972871056,39
Location #15870,2.637525533828382,8.080261084178227,39
Banigli,1.7433995685441666,9.39985342648649,39
Djougou,1.7190221011122,9.759630559390848,103
Kouandé,1.7460096191364969,9.994716652247465,219
Location #2041,2.0620555433942194,10.047405785386202,575
Savalou,1.7180856065941206,7.673319720805639,113
Tchaourou,2.9615265394917256,9.237288277142797,64
Location #11788,2.653493839516991,11.514228817587169,64
Location #4466,2.643564435019005,7.6872799540575105,224
Savalou,1.6618091566131112,7.702090816021836,1052
Nikki,3.3301784831797843,10.032013833171714,222
Tantéga,1.0774953115944037,10.826214943512598,838
Kpoulou-Itchougan,2.6145135227353533,7.036459925794767,49
Pobè,2.5965176051993057,7.161599928138884,82
Location #16899,2.5042949964854184,9.601638771590334,26
Lokossa,1.8262714891671055,6.665496132714455,52
Djondji,2.047458069797915,6.316740539850614,232
Location #2087,1.284534619905628,10.54586149549524,562
Kalalé,3.367821378687303,10.296389976553774,70
Kikélé-Logba,1.8630081595007262,9.074439045315069,129
Kalalé,3.816413852845664,10.59922867507516,124
Dassa-Zoumé,2.077599155450155,7.824052451319972,271
Kalalé,3.284906565279108,10.213160332674104,211
Ifangni,2.719685068760681,6.546735093704679,180
Sakété,2.712891268836857,6.819135167884314,88
Location #1127,1.656296566085335,6.784455437780432,1108
Savè,2.456751309984316,7.9827586680878895,1381
Nikki,3.1665104951594234,9.857066605456337,77
Location #12853,2.3250946052338874,7.439586967673674,57
Pobè,2.6169788010193,7.064846747239208,49
Balimboli,1.6529950078284734,9.048534137348488,77
Sèrèbani,3.464956364258949,10.73574644125201,39
Savalou,1.721008949113243,7.662523652932983,49
Kandi,2.8798542437218124,11.24178353140103,88
Pobè,2.6696620724007007,7.112574108745238,62
Location #2880,2.8709840319706776,9.46070147480802,392
Gninsy,3.028884574215445,9.62095408805318,52
Igbodja,2.5426359746672635,7.905673989551604,536
Dahè,1.9459617925299089,6.528559800646173,166
Location #15766,1.4601748916580573,9.964589460951572,41
Location #12317,0.9310361783089461,10.59780166228195,59
Kountori,0.9344695787325382,10.39917273991065,34
Malanville,3.274068991834592,11.90587838089149,340
SAKABANSI,3.38127968941135,10.042220727481093,3436
Boukombé,1.0382973984472859,10.219757627134904,193
Location #6056,2.138075788568143,6.765151180390867,155
Abomey,1.9112808086264845,7.144278732526057,263
Banikoara,2.433474127978864,11.152804977595938,67
Location #9591,1.7620778910701371,7.379546882072519,85
Ouèssè,2.6514320555476134,8.558060945548025,39
Brayigon,2.0403207613494776,6.36814943675791,52
Location #13307,1.6257367218318133,9.350659168428686,54
SINANGOUROU,3.1349741803767115,9.814700670921486,454
Dassa-Zoumé,2.3748232963682137,7.516306032720468,1567
Location #2268,2.0065973938499773,6.536371477599673,513
Bogo-Bogo,3.105887243641764,12.10357250889449,2057
Kossou,2.069914321190018,10.732242575496919,13
Kalalé,3.558044444496379,10.190639049885345,103
Location #17111,2.4092116182316223,11.046818690661388,21
Location #11508,0.8038337802573189,10.366945229959558,67
Kouandé,1.6724988521924973,10.039878725924229,2080
Boko,2.634052541840922,9.562764160966516,170
Location #3179,1.0446153975850163,10.279215216506305,343
Kétou,2.6910182690781457,7.370300102066075,250
Location #12198,1.42618826002909,10.644236719150506,62
Natta,1.1380389494075078,10.221988555429963,52
Ouaké,1.4591780707231286,9.660213669378862,59
Tchaourou,2.4922000698332507,9.291292475122434,198
Gougnirou,2.4879399322524587,11.46619594577709,70
Location #10801,0.8443692590364817,10.490194936782155,72
Location #5469,2.277976542697734,7.120955773773367,175
Location #14541,2.2410640013100975,6.748096797831728,49
Tchakama,3.290777064997371,10.911150795557738,85
Ichougbo,2.5724480985301614,7.095433897369975,410
Kpakpamè,2.1445583433497606,7.284254808653598,2986
Location #9043,2.616264824728785,11.328696136286771,90
Boumoussou,3.4191864807513257,11.014930890867449,856
Location #9796,0.9722329834984704,10.915320206115137,82
Agonguè,2.474946542572356,6.613175525875017,3670
Natitingou,1.3630767486951443,10.327705062382494,655
Kongou,2.9104646894171666,11.210744154078133,88
Sakété,2.683209760070104,6.665947316747008,147
Kargui,3.2524303690485223,11.936994605392469,93
Location #4961,1.6303179162843502,9.324641011355522,198
Location #15940,1.9854545421121053,9.795912849392534,39
Wassa,1.6318565005566972,9.640167362291441,54
Lobogo,1.8290622869934623,6.714335759699465,70
Gougnirou,2.4508271223671527,11.471184552486175,57
Lagbè,2.704545680418374,6.70409817136607,124
Sandilo,3.1515470722824768,9.519601689858114,1500
Zoungou-Pantrossi,2.9022815462643567,10.710735057561845,46
Location #3538,1.962189923324759,7.423181438197635,304
Tantéga,1.0496686894633385,10.840894233984905,95
Location #3749,0.9614757772581024,10.838450052224234,281
Serou,1.7449878870922748,9.639045268955043,62
Takotiéta,1.0389286286408588,10.303868265027946,31
Ouidah,2.1136602624088847,6.37599917399067,80
Savalou,1.7220298994622154,7.536726972653704,54
Ifangni,2.718571058983744,6.716610802609872,332
Savalou,1.939379810574713,7.879794743122956,206
Location #16648,1.125733288884361,10.658030359169688,31
Malanville,3.3920980991517444,11.834130346940627,57
Setto,2.112812043460279,7.4972922261858095,64
Tayakou,1.1696446605444522,10.525060488583405,142
Kérou,2.1292302221713686,10.854031235986271,72
Porga,0.9717845883196511,11.049788574697686,54
Sanni Djoulde N´Gando,3.303095983476662,9.844446363934535,193
Location #16152,1.920818977778506,7.438878337179482,36
Location #15470,2.157005816925417,7.494830506888525,41
Location #11644,2.7471398756633616,11.178515985371817,64
Sakété,2.6244997097350233,6.807068381346946,72
Kountori,0.9538666166454572,10.442264787172743,54
Location #8346,2.656179850135787,11.447656670497466,101
Location #13625,2.7379523691507406,6.870555788383996,52
Banikoara,2.4918109151756758,11.230828803532047,126
Mani,2.974861964707871,10.447085364263197,804
Location #6669,2.3041847047329806,6.694803855777671,137
Loumbou-Loumbou,2.932339167564224,12.218393973700838,18
Wassa,1.6310094319453656,9.627506370072622,144
Djidja,1.8874084791382904,7.354458110256411,93
Dangoussar,1.516621914114038,9.69237496719928,219
Location #13505,2.3034695627089197,11.089284624507815,54
Bembéréké,2.688015594363572,10.244224843958788,46
Malanville,3.201085997935588,11.880358661316041,57
Somè,2.1162149132154493,7.2590449955963186,211
Grand-Popo,1.8535840127275969,6.359762835651036,119
Donwari,2.8246865021279337,11.148774431648272,57
Tchaourou,3.1226309172980384,9.198628557954393,57
Location #9001,1.3576067229240225,10.619581386426713,90
Pobè,2.7026026162430163,7.1165775634803685,255
Sèhouè,2.2432040519607144,6.891338470057101,64
Malanville,3.3561045787628063,11.78040774649998,126
Dérou,2.3840576744032638,11.284895598147052,611
Dahè,1.9297127879713734,6.527810268449279,124
Savalou,1.9195514627229149,7.846140193413276,459
Location #8327,1.6901558072410143,6.797578959579825,103
Location #7837,1.768100805135503,9.280646317890572,111
Location #13003,2.199765981355122,11.31849434201686,57
Tayakou,1.201642184981481,10.517822682818915,621
Location #5710,2.412497006343158,6.687005372330592,165
Location #5477,2.1140646868176436,7.4135163862572915,175
Toura,2.3491038620245184,11.096865437368525,64
Location #7771,2.6632816480266035,11.410581687752535,111
Kétou,2.4963665578776584,7.278127230243537,338
Lokossa,1.8967236472531408,6.759828060318942,273
Natitingou,1.4421080146235825,10.362331946865334,72
Kalalé,3.2567415857131925,10.271525397173269,1418
Djougou,1.5865310227682738,9.594968656644015,49
Dédomè,2.0398830959716086,6.548188786379555,77
Nagayilé,1.5787671777266399,9.300767899378338,67
Kouandé,1.574033338924213,10.169594866690934,49
Gakpe,2.1346857012184968,6.489080967206486,52
Lissèyigbé,2.063239112489735,7.264103761988903,101
Lokossa,1.675315641233699,6.649634507157512,541
Ouara,2.6367305361429434,10.652332906025258,103
Bonou,2.391061586255566,6.926966220997427,217
Bouaïna,3.7066941463070897,10.911414463571923,21
Malanville,3.11037687832991,11.511459198726659,557
Location #9463,1.450889378452439,9.953667119073152,85
Kouandé,1.8319032413289265,10.40074028588363,39
Mota Koaro,2.9386424096126915,12.316313585061224,28
Kandérou,2.5290283400177467,11.494213420011233,57
Copargo,1.5357245337349599,9.870474858490365,162
Libantè,3.65095528028932,10.738948602316421,64
Ouaké,1.4311186529405078,9.731615472213642,278
Bohicon,2.1866192602908754,7.1465726336541024,80
Founougo,2.5693607122600786,11.497568415576568,46
Glazoué,2.265227959413691,7.985755642708333,57
Gando Sonna,2.93228523223576,9.480581377287034,116
Kalalé,3.258095146740791,10.398321245144556,1376
Location #9859,2.11139034879762,10.352572909334512,80
Natitingou,1.3692078075141496,10.253886115258913,237
Agonvy,2.6016604447615976,6.88496411484865,139
Saltimbara,3.741595520609873,10.950392428391083,41
Kadiri Kparou,2.73015745015045,9.539907330011877,64
Datori,0.919834173812984,10.378176435877359,49
Location #8181,1.7821040765216234,7.337755715247317,106
Kouandé,1.659099074852683,10.069032531337237,34
Kandi,2.918352002232888,11.19006363442877,191
Zoungou-Pantrossi,2.939896683254185,10.74002713027997,39
Allada,2.040244031329513,6.694958557694644,80
Location #2981,2.408186399238611,7.030370871682142,374
Location #6816,2.540710913049937,7.7256240306165065,131
Sanson,2.4784515300346883,9.271922490199273,75
Materi,1.1531626561145956,10.725066112804631,186
Honhoué,1.9090046863598573,6.57610628916065,327
Kpebera,2.6971133756633736,10.418487590815962,263
Location #1453,2.296444593456222,6.751731010341886,840
Location #10226,2.684689005775905,7.728078377713884,77
Yékéna,3.1461195691004753,10.02880466769812,101
Dantota,2.108997424423008,7.283130641950816,82
Kalalé,3.436917347613241,10.192210173469176,374
Cobli,1.0118554351035536,10.54633505181544,57
Kpanroun,2.355273641187682,6.637004193167785,131
Kétou,2.708495151802556,7.427420035096708,142
Location #14007,2.855904283692009,10.944606648789268,52
Agonvy,2.5884737694110935,6.89278114727839,44
Sonon,2.8758634966403784,9.533778953020494,52
Location #4284,1.0976800714681885,10.74347361041209,237
Natitingou,1.307350700490889,10.313357160313952,85
Takotiéta,1.052967210437508,10.34472442030441,82
Gbaffo,2.2761470588251282,7.106443746887804,121
Dassa-Zoumé,2.3805058305502547,7.7944888292177055,62
Sakété,2.7040194383048783,6.707625778801305,75
Kokourogou,2.2817087055726417,11.255594826234715,44
Gougnirou,2.436505571637844,11.439707202530405,64
Ouèssè,2.228819089800027,8.675555257711313,175
Manta,1.120967834084736,10.287911798428368,227
Banikoara,2.5769952117012376,11.270684904936958,52
Location #9334,0.9141133241583693,10.477824959816349,88
Bopa,1.959056529041131,6.630437938963309,178
Location #5966,2.8758403090918754,9.42338659083207,157
Tantéga,1.0454658689833218,10.77571116409428,67
Kalalé,3.1996227136142132,10.204129294697529,420
Dogbo,1.8314504763845698,6.772236903080623,75
Location #8201,1.8235824888839478,7.653814713185559,103
Location #4635,2.6841868954267007,11.321553345658211,214
Touranyannou,2.3445358719161913,11.451389430699392,39
Lobogo,1.8306659842354651,6.695399579756739,575
Tchaourou,2.5378621360677633,8.949747110296347,62
Location #7146,1.770419153624846,9.949601090661284,124
Location #4123,1.4393118073877236,10.423580526148669,247
Location #10675,1.0813963949182792,10.526766399554786,72
Tchaourou,2.5126681998029685,9.230031456581898,88
Sakété,2.7141803455318323,6.891639874024345,41
Bako Maka,2.8451133703521316,12.35786220985764,113
Dassa-Zoumé,2.3906085605664966,7.683243281454521,75
Nikki,3.5071207971371945,10.079530573717358,59
Nikki,3.2370560037199008,9.995230975477364,54
Goumbakou,1.6808846053997395,9.533833786835602,67
Ifangni,2.718516107445428,6.700152441968867,297
Location #14979,2.1446282998098174,10.700955491628806,46
Kétou,2.6704046736410194,7.616309452359275,90
Location #9038,2.3900544553408953,11.08315473642783,90
Sokotindji,3.4337480831466025,10.85430184153808,147
TININGOU,1.3773023544599574,9.906988383774117,85
Tchaourou,2.5499223395876047,9.19720015115274,39
Location #2452,1.9046919836717886,9.439328481587147,469
Location #7997,2.179262240579949,8.104877233504629,108
Doutou,1.8851257638709924,6.5392693966795115,147
Igbèrè,1.8473818527573944,8.995912110810764,62
Location #9305,2.192203288406619,8.38449563143977,88
Yoko,2.6017595357259706,6.758451127554051,75
Tchaourou,3.0998141330292492,9.193899727015008,381
Wèrèkè,2.5269389631928565,9.729160532496373,250
Nagayilé,1.565390268113362,9.34926043565134,175
Bonou,2.420580903349593,6.941356323226673,2152
Bonrou-Gando,2.903395931173492,9.808714136387177,451
N'Dali,2.7371785507539697,9.834957471855475,49
Kandi,2.927627863396139,11.160187784672004,196
Location #13669,1.8914871877060644,7.567524274916058,52
Tantéga,1.0512825858848251,10.833722520141661,698
Kouandé,1.6605659039687766,10.04563658605585,119
Pobè,2.671824275935059,7.149276888741451,144
Tori-Bossito,2.134769584197874,6.634330980666575,95
Tabota,1.0409325562239509,10.384686049263058,637
Location #8934,1.8378937256265286,9.624447200466507,93
Location #2790,2.1601539585206546,7.345247644276266,407
Bopa,1.9275382044576237,6.705196866629131,193
Location #10885,2.8343199134070365,10.962764142281987,72
Location #15576,2.1406551043931463,7.401482185492436,41
Ouèssè,2.751377447483137,8.561611248776343,1923
Lobogo,1.9305313679165552,6.672002446659422,57
Location #14013,2.7434908876374093,11.431495605362361,52
Donwari,2.84636841132815,11.038422237371385,72
Bonhanrou,2.4467256896000396,11.34931220350111,39
Tchaourou,2.5571147142423465,9.085764669264801,423
Porga,1.0748261537737216,10.908848426841885,1351
Abomey-Calavi,2.2623798324866375,6.525937096545145,95
Location #6792,1.8313151473233338,7.614736890176289,131
Sougbégba 2,3.1555075925684664,10.917249905622274,15
Camp Peulh,1.7106456882161087,9.034603835127399,54
Location #13891,2.028162037561766,9.814643707824375,52
Kouporgou,1.1594104833218113,10.246973832596879,95
Ten-Dora,2.3103398242877966,10.226607075268824,134
Location #11165,1.5218078720936834,9.679035626430972,70
Location #13368,1.4919734714858246,10.142644273779604,54
Tchaourou,2.4493205124443844,9.094623817318563,54
Location #13476,1.4778636624852373,9.681630494553856,54
Location #13183,1.9239969052523225,9.656117821655567,54
Location #10258,2.7880298770510046,10.9958587963291,77
Houndossodégon,2.1085841243353682,7.392338823061318,178
Kalalé,3.3233223403609253,10.301228507439292,1771
Lokossa,1.694802805824097,6.646302967707526,250
Djougou,1.7312265430087814,9.77425715058502,72
Zinkanme,1.947077789539734,7.319736008036338,52
Tchaourou,2.8213469631397454,9.19961408160799,59
Location #14892,2.172171108594777,10.996083815645662,46
Location #14099,1.7524867194729639,9.14372627518092,49
Ahouandji,2.1603938610702995,6.33955123620666,729
Zinkanme,1.9518865692862093,7.296215173505631,351
Goumbakou,1.6615348310726095,9.572581164973455,75
Alafiarou,2.3850250597013325,9.102709117802505,119
Abomey,1.8951025668627275,7.122996006296465,121
Hlagba-Ouassa,2.236294283449861,6.996645372299198,1631
Malanville,3.499405566204169,11.614471905134067,979
Location #16765,1.8955264679602364,9.469186353331542,28
Ouèssè,2.241473079587275,8.565701438436488,1186
Zoungbodji-Centre,2.0899411486662824,6.339835043722661,1250
Sikki,2.447249111738295,10.147072469320426,108
Domè,2.237756429614516,7.089497923870305,415
Houédamè,2.5549384103674067,6.949513706772641,366
Kokiborou,2.35950032507647,11.225581422595381,835
Lobogo,1.8266244364443074,6.738214276187933,363
Location #14994,2.1767324726574757,7.4368090015785135,46
Biguina 1,1.650579864590289,8.795860854788756,1613
Location #929,1.8646217673331411,9.894465180149709,1343
Djougou,1.697196920598887,9.555300203928208,39
Koui,2.1165678440023683,7.017350291433017,116
Nikki,3.2580592366675716,9.94562015250121,113
Awonou,2.5493008512016573,6.734145236350768,113
Tamarou,2.6578059174209305,9.765256607466446,198
Tchaourou,2.0871065465456815,9.331290911985409,39
Kassakou,2.914404826672866,11.07470600476956,18
Location #6955,1.7343898771637825,9.523432705252208,129
Tantéga,1.062066785646464,10.814705365220442,1229
Location #12494,1.0718001057720226,10.526544057445912,59
Location #4530,2.244074939989924,8.204779489791937,222
Kalalé,3.197931052125955,10.169223429577793,77
Location #8971,1.6344921319699186,9.878565389200809,93
Dovi-Dovè,2.3864283815959975,7.174371621983815,3175
Bagou,2.7099654990272524,10.828116109935893,41
Soroko,2.3577371125005735,11.337115605563058,425
Golo-Djigbé,2.260684141214575,6.509321544770457,62
Pira,1.7080435594542576,8.493143384797351,77
Savalou,1.7496241000921753,7.857944878657957,402
Kpassana,3.665853322107148,11.02269522760192,67
Dassa-Zoumé,2.3359424261819903,7.6726857867316705,98
Location #1933,2.3076410216409844,6.701176282271407,616
Kalalé,3.2553724678553255,10.420335534766515,67
Coussi,2.1400399430415913,6.837521504708462,644
Banigouré,2.7629073659329513,10.843153620370545,57
Bembéréké,2.7041376901581824,10.237182737770205,39
Saonzi,3.5889609331882637,10.727838523533261,15
Location #2926,0.9379639461204821,10.698105564320151,384
Location #17049,2.4210421972820897,10.806344099866836,21
Allada,2.209621629116192,6.7072485442418275,80
Location #5689,2.2368546330667733,6.770947590585253,168
Location #5939,1.9038052381216828,7.444796408802936,157
Igbodja,2.585411144467748,7.81423745112756,691
Somè,2.136238724796166,7.271774658617283,144
Kalalé,3.2663276520591205,10.184435071128572,255
Location #16897,2.4683915313014206,10.679624326840681,26
Pobè,2.6325107856965153,7.116264056073755,36
Location #8987,0.9663801743529482,10.85127913277297,93
Boutou,1.52810407246991,9.41476286122911,227
Dassa-Zoumé,2.454151689649476,7.565124457883412,165
Location #1468,2.40376396175073,7.192303177779124,835
Pobè,2.6984263045302272,7.026913283119265,46
Manta,1.106658978269973,10.313197021771748,90
Kouandé,1.760389365891462,10.42353247483236,34
Location #1787,2.6943854890332477,11.001451932691085,673
Location #5752,2.0884153774557577,6.4648923695251055,165
Location #3717,2.0817504815742196,6.455464222404592,284
Location #11661,2.573361713748921,6.673928404956934,64
Malomi,1.8542146091330156,8.304857569560244,82
Péonga,3.253910293593353,10.342409470885544,59
Gounarou,2.8537405046271953,10.85600545151491,49
Location #15934,2.5711876620522482,6.697148107934107,39
Location #10145,1.3595880129724476,10.42582667370907,77
Kétou,2.710296980265796,7.415659335937122,57
Tchaourou,2.807475975740357,9.436395262719318,95
Location #16043,2.424133064517995,11.59243145054685,39
Location #2661,2.3795641961025225,6.867678962804475,428
Location #14260,1.9214644948261634,7.447613688004171,49
Kouandé,1.5196854881333548,9.995972534135163,152
Kandi,2.841278135384587,11.256951749404296,90
Location #16652,1.1896131892772703,10.123802903751395,31
Lissèyigbé,2.0524519274591584,7.253914624923619,108
Igbo Ougouchi,2.5018344715510965,6.922291959521767,209
Gbanbanga,2.320898643529634,11.13970129467569,291
Bayakou,1.7497018848039738,9.367636195680802,1626
Savalou,1.9323192842772436,7.796613680113136,44
Houéli-Gaba,2.604804558029647,7.091767329730953,49
Kandi,2.979532514254951,11.137325532756948,54
Sakété,2.6656394157451766,6.660297904667155,2773
Location #13214,2.643489393548234,11.441034949449637,54
Location #10095,2.07099745291024,10.16844634095527,77
Location #8025,2.694523858506399,10.642068635980491,108
Allada,2.0515566270521024,6.678597917422112,62
Dassa-Zoumé,2.235394227071551,7.740362196630664,467
Lokossa,1.8274558740396392,6.668894975872622,54
Location #16196,2.385522204254904,6.621183177888332,36
Allada,2.0262579734613455,6.655970016204312,170
Tchaourou,2.7334613461559747,9.145985071991031,93
Kalalé,3.1307440169507195,10.240972572629351,72
Tantéga,1.0207170901488147,10.796537572167825,284
Location #14265,1.6832315195455116,9.134635548035787,49
Location #7025,0.950894009775057,10.278004372252083,126
Location #4497,2.1256009985442996,11.13532593962776,222
Prékété,1.6410000646612908,8.598978273305319,54
Gounarou,2.805063409541279,10.885564385770621,85
Bouaïna,3.7314698975527465,10.86142940767229,93
Location #11871,1.4293223291560309,9.979085982197828,64
Tchaourou,2.5217536483311536,9.07209788515071,108
Location #7048,1.0352161222537426,10.549206432682128,126
Saah,3.0127601122236163,11.207968543310484,75
Location #11135,2.930407396893583,10.824439495271784,70
Grand-Popo,1.797972856843883,6.314245049428383,52
Kongou,2.9385663231958605,11.22215073938292,59
Natitingou,1.426773521846091,10.387993561248594,361
Location #6358,1.9034257985632728,7.62063414119202,144
Tchaourou,2.4412908405175386,9.434281602601096,52
Biguina 3,1.6785314422060875,8.74999156800905,49
Location #11331,2.6095680878769207,7.080638177347796,67
Tchaourou,2.723571533141844,9.19270651132442,34
Frignon,1.620032514247879,9.147576541481936,34
Bani Zoumbou,3.6533313992793732,11.095862381369997,155
Gnonkourakali,2.889470954667505,9.957152480403469,54
Ouokon,2.462184416165699,7.059984740314709,46
Ouokon,2.4590215843245558,7.114588627048087,160
Kétou,2.5885883248900527,7.243800115656306,57
Dassa-Zoumé,2.4613704757328447,7.757402841201679,129
GUINROU,2.947104999715929,9.959625759387851,683
Wassa,1.614717308868502,9.632503030615164,101
Zè,2.2705764407872606,6.7263914816380765,575
Savalou,1.6523225516312972,7.743662615213048,441
Location #15998,2.6006928038157024,9.706138448584385,39
Tchaourou,2.9357915939677013,9.284457989762435,26
Pobè,2.749234132870992,7.137583879227341,67
Village de Detekpa Adjinangon,2.2136437221787957,7.262457706444598,64
Tabota,1.015520299153975,10.41494145320347,113
Tchaourou,2.965707511004334,9.160113259335493,85
Boukombé,1.019593524303278,10.239766872128495,162
Houéli-Gaba,2.610779889861558,7.095304701798325,111
Location #12978,1.6450185313021115,9.39109826650228,57
Tori-Bossito,2.1344918700022917,6.480903614137793,103
Kakindo,1.6085413132137834,9.486745724864424,80
Malanville,3.186205985723724,11.643199558168943,822
Pobè,2.7019755127413645,7.098447359135635,49
Tchaourou,2.1472871001062064,9.460364375289263,72
Ouèssè,2.429668541714509,8.613496665145192,108
Location #11824,1.742989065219078,9.94484681376682,64
Tanguieta,1.2226926783356253,10.704794002467091,67
Tori-Bossito,2.12996068924875,6.603508643865303,418
Dassa-Zoumé,2.1256334798193928,7.772363272090525,36
Awonou,2.547075195825197,6.77328701829142,294
Dassa-Zoumé,2.3656494078624224,7.658893267838503,162
Yossinandé,2.4906206951306333,11.395147165199582,62
Agonvy,2.5962602734264353,6.872552602268057,64
Lobogo,1.9000552399968542,6.6523335743596075,64
Allada,2.0537695763438744,6.675079388391011,276
Zinkanme,1.9392018631077712,7.297584554708876,709
Location #16143,2.782783117804772,11.371842073430582,36
Sé,2.093435406518792,6.759220101978688,379
Location #503,1.9043030593331958,7.531190024619617,2402
Bopa,1.9397687909749828,6.636873213946205,72
Ouenou,3.535397966985727,9.95795054071545,54
Zoungbonou,1.8178973997634797,6.590919600273967,905
Location #9289,1.1159768633285634,10.474472299299354,88
Ouinhi,2.5065501409945843,7.10195379663446,98
Bopa,1.865665537865061,6.708733792216932,80
Dan,2.0760842060996674,7.37339910368863,786
Location #12350,0.9511402202088413,10.353535851519984,59
Location #6828,2.3743030462605965,11.073330643003398,131
Barei,1.473862971950503,9.635576608160873,755
Dassa-Zoumé,2.1704709876434003,7.544728762394351,137
Ikpinlè,2.6952881764064185,6.9000781576019845,52
Zougoukina,3.139093601719868,11.958513938389789,46
Gah Bouay,2.7453964234949693,10.290757925790134,34
Location #5252,1.6496244394059052,9.879184313160831,186
Kétou,2.5110183615901187,7.224304248872131,106
Materi,1.0884259808502101,10.725949237098508,523
Asségon,2.089408375045385,7.404701219356968,394
Location #15497,2.6368872959165643,11.31094702886108,41
Tchaourou,2.7170344044569554,9.051903762669438,70
Sakété,2.5968357759935556,6.786080077495863,217
Toucountouna,1.345855421298119,10.483767358959778,57
Tanta,2.2400935523697405,6.667070622803659,168
Sèmè-Kpodji,2.676935946197824,6.408550061906848,402
Dahè,1.9382499998454223,6.526106622473865,90
Location #8107,2.9476447289218264,10.802396835005936,106
Location #3807,2.4191440808535893,11.475699014857007,276
Kerou Bagou,2.7311472574188556,10.767400418511588,54
Djanglanmey,1.812869873889634,6.3879263179949906,75
Lokossa,1.8259694342734996,6.680669458805345,52
Takotiéta,1.0386596863347526,10.342265043087012,70
Tchaourou,2.752697425449112,8.934458639041296,178
Nazoumè,1.9619415644870555,6.365622916053198,93
Gbékandji,2.557867100669653,6.684278234955964,72
Kalalé,3.1767471701385825,10.454729751066912,44
Kouaba,1.2335160195190862,10.252134520852948,224
Liboussou,3.571147329880442,10.80996325053968,82
Houéyogbé,1.8820701916680358,6.513442613964479,57
Malanville,3.289328428234905,11.92419741451131,528
Location #10965,3.0142092124870183,9.352478359781257,70
Lokossa,1.7963480251180957,6.665594880029778,655
Location #5987,2.3163420427348465,8.19506932276551,155
Location #427,2.7459300447686155,10.608053027955025,2804
Dogbo,1.635083046086333,6.732152327258704,88
Location #1325,1.9049729415902035,8.148125301178197,928
Kandi,2.962020938123493,11.207658344000095,113
Pobè,2.6900590137661475,7.008136679642413,93
Dododawa,2.872873199034132,11.071525536776022,149
Kalalé,3.683888275310259,10.593470222396816,41
Gbèssarè,3.7416138921018987,10.979406237617555,36
Location #6487,2.944022120989308,9.412747881193358,142
Location #14696,2.5251132400779643,11.102094206467118,46
Goumori,2.271522054184147,11.104762045781486,31
Location #16528,1.2024135719106768,10.417602884975059,34
Barei,1.5985677096210746,9.670410161025154,327
Tchaourou,2.9314536847051254,9.284983256157622,75
Simpérou,2.4569060787815835,11.326643485336719,88
Kassèhlo,2.078631251695119,7.442977640402711,108
Sori,2.7674131144261493,10.723602935246312,108
Location #11274,1.4692952131311037,10.648150508960057,67
Banikoara,2.462718841784627,11.237286826768118,57
Location #8823,0.8867872600608113,10.351970022205277,95
Dogbo,1.7908175811644942,6.759474113465455,201
Sanson,2.3565939466441477,9.302801071954928,59
Ina,2.7790842609859534,9.94619697259316,46
Savalou,1.7824252141374792,7.671363068882448,93
Bakou Bè,3.4305721321544493,11.174179568741414,95
Awonou,2.543317035647111,6.752011719404898,108
Location #13101,2.801710082256638,11.008334622521694,54
Ganoussirou,2.5202251482095694,11.4315020999371,49
Yarra,2.492683121284708,10.498506006681373,39
Location #7094,2.281759265383056,6.75139744880491,126
Location #11096,0.8736380309391505,10.493793844455233,70
Kalalé,3.1844779381286554,10.04264215619468,227
Kountori,0.9317713010644356,10.39785558413413,46
Location #1801,1.9795554808130802,10.607299411276868,665
Koguédé,2.172607684452369,7.200573224542787,93
Location #6152,2.8628836444359154,9.483998189380399,149
Location #2765,1.7748755399553084,7.404943727405499,410
Location #4032,2.5667068459016864,6.618233494319485,255
Location #7350,1.1984396662588128,10.23452804397598,121
Djougou,1.716429764350312,9.71249390284485,131
Koutangou,1.0696912078424876,10.373950392975694,39
Location #2551,2.554312005744291,8.187461410507217,448
Location #6017,1.6757016652700591,9.39048237047952,155
N'Dali,2.681695330412748,9.695567235178537,80
Location #16918,1.787460920019429,9.117777097492743,26
Tchaourou,2.514426483719317,8.872694395948681,36
Késsounou,2.5341632933335774,6.581245418127239,173
Location #13499,2.760327585028441,10.629969616009081,54
Location #15673,1.12555578079459,10.544404703944249,41
Tchaourou,2.7920737664148514,9.100626008188309,613
Béroubouay,2.7059072589241797,10.489516043353268,90
Ita-Ogou,2.670174634585577,6.894610101056873,101
Location #15815,2.4726173665499287,9.657345301377834,39
Sissigourou,2.8641511903317984,10.252771941185587,49
Illosso-Saharo,2.598364489955059,6.730472993971958,52
Bopa,2.033727637654907,6.719187362967664,338
Pira,1.6423482435943273,8.638884606789182,49
Kalalé,3.087997959373181,10.166383463933048,281
Dassa-Zoumé,2.338458484356864,7.859666741358086,1353
Kinninkou,2.5674169758477903,10.155402878008418,518
Location #11567,2.412283949651703,11.032915245171909,67
Alafiarou,2.412658141960885,9.044646653698578,93
Ogamoin,3.0206449036195204,9.414467982129098,794
Kalalé,3.1206101692646806,10.132742297828866,170
Tchaourou,2.0569950369151777,9.19418131006044,41
Boukombé,1.0692953015977005,10.198648308306351,62
Tantéga,1.0251188692906967,10.885923850957198,108
Kongou,2.90818436279347,11.200451222673344,518
Location #11146,1.7319566665302835,9.957049651960151,70
Dassa-Zoumé,2.17603690739577,7.7001201538767265,222
Tori-Bossito,2.2089329697689295,6.460857720296961,36
Parakou,2.6179906574491754,9.419317203143944,722
Malanville,3.1816521613382167,11.815518952580875,242
Pélébina,1.6495557125234661,9.461907185269636,44
Datori,0.8194492555242331,10.415796562793853,188
Donwari,2.8475988232565546,11.136504182811274,52
Toucountouna,1.3524860995816799,10.427477428441119,44
Grand-Popo,1.9327567530361596,6.302310561209312,126
Boukombé,1.0271710706694663,10.235290787068475,101
Donwari,2.8188344896534945,11.21369722636857,77
Taba,1.6198014714069746,9.287475611984457,245
Damè-Centre,2.250239036232024,6.895281436515856,322
Location #2306,2.666335568869304,6.453264996464196,503
Kouandé,1.7009356117857353,10.510353618517707,59
Grand-Popo,1.9216528423757329,6.2996022372369795,131
Kouandé,1.6906843388156807,10.290346260279875,88
Location #13679,2.2038381804712137,10.760956218903042,52
Location #1403,2.0481626565949287,7.290422033791655,876
Kpakpanin,2.4719160840612386,8.78797538504786,188
Dipoli,0.9935422818204453,10.408017959138926,82
Korontière,0.9976575723431592,10.319136831707148,80
Lokossa,1.7249280743117013,6.726606820004666,822
Location #10274,0.971651637070985,10.32394000069763,77
Dipoli,0.9953922720415616,10.334511156710896,41
Location #9643,1.668622538472992,9.927914401419995,82
Location #12963,0.9621114772891294,10.334715938013833,57
Bouanri,2.8669508838018967,10.17085993157562,162
Malanville,3.3877212928842795,11.646176719587576,595
Lokossa,1.7859066847140144,6.6812189553108166,129
Agonkanmè,1.9975812851140773,6.370770792437451,70
Késsounou,2.491425205659416,6.511944793381773,54
Dogbo,1.8870423935381073,6.785732067081046,85
Gomparou,2.452376733931211,11.323767933075304,95
Location #14462,2.7425640103862734,11.451245164364966,49
Pédé,3.0015467394219506,11.241365483906849,49
Tchaourou,2.553503011447711,9.273045581424533,62
Lafiarou,2.958078768302144,11.15019369300536,65
Karunji,3.5848617670104237,9.945527350231917,72
Location #9994,2.5051014086070347,10.88438596067664,80
Onklou,1.9695555735563004,9.5121779527535,49
Location #10386,2.352689648857303,6.755107039726149,75
Oko-Akaré,2.6705198479838463,6.923355388852659,82
Djougou,1.6478752500062974,9.831146724857874,57
Gando Namoni,0.7861805152261963,10.396784708004036,62
Pobè,2.6822311761691027,6.948794042855996,155
Tchaourou,2.4811678922665235,9.29137056416919,191
Location #6964,1.8755035875377157,9.86170347386735,129
Takon,2.598119911743591,6.679589566126903,173
Location #6153,2.691978268998656,10.645346148010194,149
Kalalé,3.217393033731254,10.33524473339167,582
Agatogbo,1.911743303343616,6.3915337888982595,106
Copargo,1.5934132674145187,9.890323237886784,52
Location #10318,0.805889826482165,10.566957649195551,77
Location #9528,3.5100311145030862,11.219449313761249,85
Ouèssè,2.419347225571242,8.386793479751915,80
Location #4436,2.6085998680775937,11.437698400992765,227
Location #7375,2.2070451491383296,7.43769522567757,119
Gando Namoni,0.7978291804167438,10.422548820470457,54
Matchayan Marché,2.9342750500570816,12.286722344933194,82
Okédjia,2.66437895923284,6.875503009853606,106
Adido,2.533075708945364,6.832079439883419,4585
Location #8245,1.29917736025729,10.075796264624293,103
Location #8903,1.063542844300956,10.298576903352775,93
Location #5642,0.9496133360326348,10.836364077083031,168
Lokossa,1.6423313723937187,6.590131882579754,263
Materi,1.0215750055241604,10.696489443925735,49
Sandilo,3.079547212488146,9.582313649579666,119
Natitingou,1.2732091742467253,10.311268033615047,52
Yoko,2.5925253454398627,6.755605572191255,258
Kétou,2.6968551328345094,7.591850645565046,52
Tintinmou,2.3189115516657863,11.233574415711962,44
Agonvy,2.5646884084032466,6.891838188687126,59
Saah,3.049481334827992,11.227832301927917,180
Gangban,2.47125146871762,6.667405122491986,3923
Houédamè,2.5686724956786384,6.922443249441764,155
Sèrèbani,3.467385042838061,10.794310413172076,1508
Location #16401,2.516944795024995,9.563004012730799,34
Prékété,1.669653459968516,8.6348500249635,49
SANSI GANDÓ,3.50810723507504,9.972240689851242,75
Natitingou,1.4535133916792864,10.281535554331715,54
Kpomassè,2.0286221207613764,6.422574282771312,90
Location #3584,2.09971966812288,8.28226508726915,296
Location #2724,1.7601639931898445,7.616312108537715,418
Bopa,1.943377381782324,6.581983444208531,52
Kassakou,2.915466296040746,11.090218383264867,271
Location #14967,2.789847187462634,10.990032465598732,46
Porto-Novo,2.658093752258039,6.453175917134129,265
Location #2822,2.150397798583064,6.76686089614256,399
Djougou,1.6720506741250178,9.676980218456526,113
Allada,2.199771540870569,6.762533158101806,1168
Dassa-Zoumé,2.1495378999895136,7.7293394031142455,343
Tounga-Délégué,3.541718661382413,11.016296141702824,242
Location #1119,1.9165448324291567,9.419874540443324,1116
Donwari 2,3.0056541960547594,10.908742763387556,119
Founougo,2.5998336914201348,11.481448684430964,77
Founougo,2.5778296978692685,11.504839030709439,70
Banikoara,2.4039530242520257,11.145342148426868,57
Location #8373,2.2976683278894505,6.802231117958388,101
Founougo,2.508360083841966,11.50944621041702,46
Domè,2.2719476061272914,7.0746998959204745,46
Gnonkourakali,2.9055901779989135,9.99138599011241,46
Location #5702,1.075772480582795,10.778690478198019,168
Berecingou,1.367054689755923,10.2240421424393,237
Allada,2.185228602185881,6.730835007361001,39
Bopa,1.9908785231551005,6.7113261803461475,41
Koumagou,1.155689597940655,10.137996790508044,62
Location #2747,1.9923127658196498,9.80614104124782,412
Ouèssè,2.6560508527717146,8.391619378480385,95
Diguidirou,3.183102538307032,9.61788846832708,152
Location #14115,2.3342822562968752,11.146004612629653,49
Tchaourou,2.9309565196084333,9.276891622601509,77
Location #15023,2.5846680269831284,9.504947713190102,46
Adounko Daho,2.254519794239348,6.351903711829167,188
Partago,1.8927304998921968,9.534288341438758,64
Location #1601,1.90130488822487,9.44979132857284,758
Allada,2.111571510860455,6.640612266204251,229
Pobè,2.7417537762807513,7.140307303050184,41
Ganrou,3.119430196369906,10.150886950270792,103
Aifa,2.2858005348496153,6.792441191697511,387
Pobè,2.6922461443677563,7.123411514093095,111
Za-Tanta,2.186359830117106,7.264118535708712,214
Location #3887,1.6140547379780428,6.779864622238234,268
Location #16111,1.7374819335822032,9.865920334242178,36
Tori-Bossito,2.100102358429278,6.536262247453926,242
Location #4301,1.7992099821079675,7.482350836043801,235
Location #11041,1.8786947170189348,9.690796923470016,70
village,1.668319631660118,6.789160091053423,52
Kouandé,1.7050678138115292,10.510159671460219,34
Location #14458,2.6512458358757405,11.4358644522175,49
Location #15399,2.776877726334735,10.941119393873558,44
Location #1369,2.0874154638485454,6.776694931158718,900
Bopa,1.9509310616645412,6.745799797519266,88
Tagayé,1.3053760823153489,10.289352437603462,57
Kouandé,1.6532700832576364,10.019551254399373,39
Gogounou,2.903213294002869,10.876422337086774,49
Tchaourou,2.561544777873203,9.181997313156696,85
Nikki,3.227245051133466,9.8052567885273,49
Savalou,1.7395234467179896,7.907312666412127,363
Zoungbonou,1.8083410744046131,6.591793469055188,418
Location #10422,1.0517690473097594,10.578268964187489,75
Kétou,2.6288182882880444,7.215447733342211,54
Parakou,2.5738410538278367,9.391686919691692,134
Dogbo,1.8153487371919153,6.836216129242701,490
Location #10280,1.5133023372538008,9.736555080573158,77
Ouèssè,2.3690054554657443,8.490162118638645,44
Boko,2.622499688939374,9.499999552152284,46
Igbo Ougouchi,2.505903030056552,6.933051658754706,82
Kongou,2.9111054917002854,11.187759129535348,113
Birni-Lafia,3.230600647327027,11.933742852503245,2134
Pélébina,1.6738909000709055,9.453761876910082,72
Kandi-Fô,2.9945373171394944,11.12052347718931,62
Location #11319,1.9240991788861972,7.55247416844317,67
Tchaourou,2.972232524557743,9.187022407791755,77
Gogounou,2.846959258846515,10.85461175745184,39
Location #17203,2.2102226372838185,10.871229791844684,10
Dassa-Zoumé,2.202461161625995,7.608429468298302,44
Location #8367,2.4154099116302663,10.963842169785762,101
Ouidah,1.9905545157057485,6.342019300995751,113
BANTERE,3.038089778670346,9.830745001752486,1335
Location #14493,0.9147082908502916,10.725107619550847,49
Location #3493,2.3155123214734536,6.758473793054833,307
Lohoungbôdjè,2.4927880305476444,6.949576798150382,49
Kétou,2.506526686837212,7.3935803341479795,52
Location #14593,1.7006247712091866,9.236544163489853,46
Founougo,2.561795776004227,11.46264210970923,77
Awonou,2.5498155132738294,6.7585988498239296,985
Agrimey,2.149876254733289,7.020751239945891,1294
Gbèzounmè,2.058693709988263,6.345081009728775,54
Ifangni,2.723489946360339,6.546960403249226,54
Ouèssè,2.65597347959021,8.363428141329576,70
Location #13735,2.039646311508906,7.223877221466792,52
Kalalé,3.2599355192722363,10.446980425607173,49
Location #4714,2.0988211102798204,7.271499219343878,211
Wassa,1.6361147138793073,9.4892601147787,49
Location #9662,1.7799169304256384,9.572735657522031,82
Gbékponnin,3.0851992929089698,11.432048898472438,52
Ouinhi,2.535894692441056,7.068349757660471,80
Location #892,2.473572289830617,6.791390241944737,1397
Songorogougou,2.3750643529542845,11.272501731111456,224
Kalalé,3.2327201807212798,10.367612791164651,108
Serekali,3.130204490853037,10.015909857851941,52
Dogué,1.9219879695638467,9.09188927943609,77
Sakété,2.7077378360086928,6.709576823932072,149
Waranzi,3.4551559062702526,10.95162253312534,46
Savalou,1.6886582443118505,7.704407569744788,170
Dassa-Zoumé,2.4199426027030237,7.762197211325815,755
Kountori,0.9117022640854981,10.412974957762362,108
Location #12143,1.121783910181251,10.415036491240839,62
Kalalé,3.5062597036200915,10.266494223354956,57
Taba,1.638350742798496,9.269362147520312,31
Aplahoué,1.7098452344856687,7.487498443320266,49
Banyanin,2.4775771318434665,11.43873711550459,44
Djougou,1.7161395886609438,9.850426295433495,75
Konarou,2.8250369325602476,10.32867750070027,405
DEBBO,3.2611525680232814,9.887430772584647,52
Gbarana,3.3103398560341057,10.830600013597445,2186
Location #7676,1.2349001460370215,10.228478223960808,113
Dantota,2.079363332369191,7.304973134328289,101
Bopa,1.9410879914385242,6.622395587077967,93
Kalalé,3.3988231877690382,10.22272873961901,204
Namoutiaga,0.978176809478046,10.429302077262243,147
Dassa-Zoumé,2.2421049330948746,7.531051704914941,719
Gounarou,2.89224063787454,10.890411271703847,41
Kétou,2.6072385038857857,7.221103290294606,52
Tori-Bossito,2.084070191572767,6.572781601953629,237
Location #7149,1.9305517551485762,7.499596268601387,124
Bori,2.449375993929106,9.687131993074123,77
Yokpo,2.3154552187148734,6.620021910267931,247
Location #11317,2.0737668953821187,6.471900868972876,67
Gbètin,3.630306752007626,10.725791008616351,39
Oké-Owo,2.715989529206739,8.112944997056198,116
Pobè,2.6872044076746584,7.019883985997379,39
Tangbo,2.2563190977470415,6.5811372943230415,85
Location #17061,2.5661509771401416,11.111758357461753,21
Location #15501,1.8219645557086654,7.307665953791859,41
Bafouanou,2.509000724293361,11.434976306692262,217
Location #7761,2.2663411081291978,6.725264305542076,111
Gogounou,2.8697231414512525,10.774189257737127,41
Mamassi-Gourma,3.1340278559644714,12.04525443107903,4117
Perma,1.4292203279641034,10.138376857244383,41
Nikki,3.3212330272727413,10.033615842273424,157
Kérou,2.0918413382372187,10.798795680924279,338
Location #5436,2.9492838503279426,10.871420857140379,175
Location #12114,1.5969108937827574,9.414281957655325,62
Djougou,1.6073837887149465,9.722813849623888,39
Kétou,2.437887528908674,7.359739250795686,67
Ouenou,3.4494562566607776,9.907918498840212,204
Location #17156,2.243833532484973,10.82212596370201,15
Location #13984,1.1157143600918566,10.40917847124947,52
Djougou,1.7602990051274934,9.863949829471853,193
Dassa-Zoumé,2.1810101496999703,7.701983420775104,116
Kouandé,1.8280212123408406,10.474564569223086,98
Gouré Kié,3.631771178232771,10.799277500459866,28
Ouidah,2.081184109582951,6.445402406496023,62
Location #8983,0.8358917417125086,10.741164865843288,93
Kalalé,3.2461797127532765,10.233092049251715,160
Avlékété,2.1930294964385113,6.347043383537737,111
Kamaté Shakaloké,2.2273285734176023,7.83419200361909,1229
Location #8633,2.674777050755522,10.551155742712918,98
Camp Peulh,3.1213552313322124,9.466261008516675,70
KPIRÉ,3.1218448199506983,9.701485686166501,686
Kalalé,3.6124041510148843,10.520702734051987,39
Agonkanmè,1.9920409559114245,6.433511614872312,265
Location #11633,2.383588172375289,6.637511367907711,64
Donwari,2.8009326737981075,11.219896005169195,173
Ouaké,1.4798524563283442,9.62220250567033,889
Kouandé,1.6276620045996468,10.162192265456673,113
Cobli,1.018329097856764,10.39861816423617,206
Sèmè-Kpodji,2.6753316455440843,6.414680939941579,198
Location #1104,2.0365513565585975,10.715984040127214,1129
Alafiarou,2.393651571448487,8.952651910691076,54
Djidja,1.8756645402343635,7.408574203284354,531
Location #1063,2.3193712891785374,6.780260488636745,1173
Location #13703,3.0493566548204116,9.694824286705826,52
Kpakpanin,2.6020316693235004,8.852607751914885,88
Location #12472,1.3826782477246953,9.994285139921013,59
Kalalé,3.2608548979148555,10.183479024252145,52
Lobogo,1.925222336733986,6.613147673364305,149
Location #4419,2.7164825631551572,11.44993062673565,227
Location #13449,0.9866706753902577,10.642351511957628,54
Sompérekou,2.51588360737932,11.353274884802493,75
Tchaourou,2.5891519874197235,8.916231419129117,211
Tori-Bossito,2.070228149646392,6.541223448719509,70
Boukombé,1.029348051527561,10.22926169569904,77
Tanta,2.2219885359490736,6.710108898459264,348
Kétou,2.7078099372931206,7.217772094394133,90
Ouéré,2.8013695780806063,10.821140831045147,28
Savalou,2.099571218282447,7.953622337922884,64
Location #8619,1.782279045589853,7.637227438977605,98
Basso,3.617844067568181,10.514803794185314,111
Location #3852,1.0436620449316045,10.61003457830848,271
Banigouré,2.7392786402038323,10.837689784108022,34
Dassa-Zoumé,2.4765429223418907,7.616903931841658,124
Kalalé,3.3836904487849506,10.189994256959002,72
Dassa-Zoumé,2.315502323297316,7.6376871930858385,142
Awonou,2.552523765153307,6.780508577412154,101
Malanville,3.1768347087975384,11.943761108259432,64
Lobogo,1.909717365131988,6.598391414429282,353
Location #4095,1.7973940081529343,7.540834498624105,250
Savalou,1.9106608582701505,7.790048136869562,59
Gbéhoué,1.9030801101453672,6.3660264904028425,214
Location #5783,2.0693102697443013,6.514113017434168,165
Location #14742,1.470152170732736,9.428194086240515,46
Dododawa,2.877617234192665,11.08596112043978,162
Abomey,1.9953860692826402,7.140996028673891,147
Dantota,2.0899041896835615,7.29675837368597,227
Ataki,2.996641724928008,11.287316983496138,85
Dahè,1.8678161176138046,6.512276775536222,211
Yokpo,2.3190409344163387,6.6302188499709,168
Sé,2.0857935584202982,6.729471890765447,26
N'Dali,2.7147312485105997,9.82682019326229,64
Possotomè,1.9495973488284437,6.542759751499222,776
Ouokon,2.450589389732451,7.064602170940348,67
Ouoré,2.2110039964362826,10.89079673145761,23
Parakou,2.706694737725354,9.30807165150279,338
Location #13202,2.2781780307277746,10.935180768818999,54
Ita-Djebou,2.6326470691164876,6.829571228510158,111
Sori,2.764615598812878,10.720620514195362,116
Dassa-Zoumé,2.3747061632963007,7.786595940531697,469
Location #2183,2.2683793374036147,7.0903502410009285,536
Natitingou,1.3220799011408226,10.382729047077136,49
Location #6129,1.1986438667370178,10.429800864481873,152
Manta,1.094201995628758,10.409624398086917,75
Ouinhi,2.5270986197572465,7.1239860348343464,54
Kétou,2.515728043244214,7.402214090710951,98
Parakou,2.5338100103443733,9.336716853381283,131
Dunkassa,3.081106730394362,10.345426120541491,49
Touko,2.840405805560166,11.103079430651151,75
Location #12017,0.9636880428151198,10.824592657071372,62
Ifangni,2.7360975991699417,6.720087941270199,119
Bouérou,2.5244801608690297,9.739221514003612,1327
Location #12694,1.7606116326973542,9.527291592230474,57
Location #10189,2.3411800473611692,7.071598096429428,77
Location #11284,1.7323853020495137,8.360041689088092,67
Location #1226,1.1325952376893949,10.591871569610994,1018
Koumagou,1.1425038694244023,10.17028361340697,52
Location #14928,2.3209398079314796,6.805033028920553,46
Savalou,1.801194141816394,7.920773731466997,526
Gah-Baka,2.4089409213381527,10.183322457102369,54
Savalou,2.0085902575950003,7.565398045747301,64
Kalalé,3.481613252461619,10.363877918221224,72
Allada,2.0641225479328695,6.668797465420344,204
Dogbo,1.8519245019013095,6.766469508118778,129
Tchaourou,2.5511962835427093,8.967580591457484,54
Fondo 2,3.601014988447714,11.062010373711136,103
Tori-Bossito,2.065948279182758,6.567569972720499,90
Tanguieta,1.2438528617845457,10.669635505884344,454
Sanrou,2.8654206108867997,11.169238501966687,34
Location #2574,2.1388376035401397,8.102891442644248,443
Dédomè,2.0338229571385664,6.559552633223869,80
Location #15451,1.34515278703094,9.559614619275445,41
Savalou,1.7283193504827314,7.664735729164003,101
Touko,2.8381303586685838,11.101377819387356,173
Location #14402,1.3784324704810063,10.687147999131245,49
Sakété,2.63799282442234,6.8611978643707,59
Awonou,2.555880625230219,6.753036572481424,201
Kalalé,3.290820947794986,10.293121265889823,240
Prékété,1.6543395361639628,8.58985019647393,82
Parakou,2.7018488433989005,9.27557956208772,304
Sèmèrè I,1.4007055054489155,9.568702096154585,49
Kpinsoro,3.5895054171981737,10.896453927757337,82
Kprèkètè,1.6597081913029905,8.675188224177665,49
Location #14772,1.6206206822439337,9.175077538131758,46
Location #8503,2.6021503456657396,11.344604899008935,98
Kokiborou,2.3568523040919365,11.160698937423254,67
Lobogo,1.8193655997113987,6.756200838688915,608
Location #595,2.6799500993775727,7.752964447371148,2080
Bopa,1.9134548245493044,6.769963416345582,106
Banikani,3.0644862244735394,11.222061550932668,1160
Allada,2.052684208721319,6.593458604472088,67
Illosso-Saharo,2.5761502799414138,6.72630666043722,113
Djougou,1.7644193739695626,9.876235155411267,85
Onklou,1.9530717555235837,9.52349323345679,36
Location #10266,2.561122805705859,8.178284482007864,77
Bopa,1.964347327034958,6.70449097590576,62
Houéyogbé,1.8595947788449878,6.453205136575381,219
Location #7543,1.58976035888128,9.841592917161666,116
Lokossa,1.6638002432914933,6.676758328245438,763
Nikki,3.510487258937153,10.062078311901073,59
Gougnirou,2.4569170195704646,11.432884625625753,44
Loko Alankpé,2.4570052230224313,7.2069433761234105,260
Location #16458,2.412051962456295,11.06599774392891,34
Za-Tanta,2.1581742812123514,7.246781412399525,209
Kouandé,1.8516506671147717,10.655829870287606,322
Dogbo,1.7987492107901846,6.761691102710731,160
Location #14477,1.8621744099050204,9.27203498562386,49
Douroubé,2.6762761619999926,9.44402233664771,119
Location #6582,2.413080040388803,11.13453167457875,139
Copargo,1.6055409589390555,9.886487621746863,88
Location #14025,1.509441637864612,10.124839298961053,52
Ouara,2.6916765221261767,10.747047077519968,41
Location #6780,2.2802608894960428,7.134108938116487,134
Location #5709,2.0414672057471197,6.5051221293578365,165
Location #9959,2.3121014073371278,8.237403536379146,80
Dogbo,1.8214017870525738,6.808891315535723,345
Bopa,1.9457741481387636,6.758824875486638,183
Location #4887,2.319130787615895,6.694213028378887,201
Dassa-Zoumé,2.282095038837121,7.817065525305552,36
Location #15890,2.5197380161838905,11.142603552107047,39
Location #14043,0.9780360725099972,10.251154466399521,52
Savalou,1.9358727974639298,7.749751145316861,201
Kankoulga,1.5321449996336252,9.949948125401647,229
Fondo,3.5954602551594377,11.035121984664046,278
Zoungou-Pantrossi,2.854552720187409,10.819407763260248,39
Kouandé,1.6663368788026582,9.97798902470651,46
Gbada,2.5557396749874823,6.657814285819871,621
Bouro,2.474266930176628,10.372450035086564,36
Tchaourou,2.123588467972507,9.35713635462715,271
Sakété,2.731358673906383,6.725514661107582,52
Ouinhi,2.5275027091438798,7.0370252652576,54
Assigui-Gbongodo,2.51209372836709,6.7049524128581846,72
Kandi,2.976090633337255,11.13318126151152,322
Location #1331,1.9113881100854306,9.602614533079949,923
Ouèssè,2.6271342784539384,8.431794620675099,72
Location #2397,2.0411021687707986,7.281360091914608,479
Loumbou-Loumbou,2.942863419333434,12.213628103973486,67
Tori-Bossito,2.10952803986004,6.486960239545216,62
Kalalé,3.0745659067076097,10.178031881530993,70
Hio Houta,2.261572235435405,6.346084362693994,113
Location #12669,1.1330551292589908,10.554257261595085,57
Location #6139,2.095111561718387,8.25770640411864,152
Bagou,2.7712526725630275,10.766203141787216,90
Azizakouè,2.04030546835954,6.334332594823551,98
Ikpinlè,2.6471900672511874,6.8880923908579765,113
Location #5583,2.3991060139967653,6.686572097783131,170
Angaradébou,3.046420470984478,11.301145104282005,70
Taba,1.677693220874295,9.307629973684751,59
Pélébina,1.6683146490384582,9.460288193655567,70
Toucountouna,1.362293951780353,10.494067964127655,82
Location #13742,2.116018716354479,11.101593387006337,52
Location #9655,1.6138329440905677,9.887161748751879,82
Location #5888,1.5746080663123538,9.396356579492119,160
Location #16613,2.8966955523252076,9.389160695082003,31
Dassa-Zoumé,2.064540903333332,7.740191314751228,23
Tori-Bossito,2.084770311424546,6.528168772066131,49
Location #9265,2.1627696296915886,8.43581915787189,88
Dassa-Zoumé,2.1732076255394266,7.557346391934237,124
Ouèssè,2.5893896690478613,8.729944303731488,46
Location #15806,1.6218675567358023,6.75610440127269,39
Ouèssè,2.2328849288378034,8.645334760811055,31
Kérou,2.1146447951874614,10.80581923508371,70
Location #7461,2.2069709300814253,7.140413591523737,119
Location #10088,3.7667099034363503,10.763219245461539,77
Koumagou,1.1549932340693694,10.125751685803232,93
Bopa,1.9496045136236393,6.620367376918422,116
Tori-Bossito,2.182987835897193,6.601893582283597,41
Gbozounmè,2.68632709367118,6.570898482333133,41
Sakété,2.6724018283953312,6.793052464145838,46
Location #7448,2.0559757936057856,10.28636932789305,119
Touko,2.813413931071995,11.08503815314806,52
Location #6903,2.8021511182880245,10.616125051043255,129
Location #14754,2.637174526013804,11.439548672875874,46
Location #5468,2.254381003222405,6.76499113770877,175
Zinkanme,1.9410274847337652,7.324147920383556,59
Bori,2.4571216809424588,9.735856224704023,36
Location #16141,2.1528797171976786,11.058356606290754,36
Yaka,1.5002051085331998,9.828306731355433,39
Djidja,1.8996200740140259,7.377672593682031,49
Location #12860,2.217447249378717,7.1465837991981855,57
Location #12883,3.4324389691286505,11.34598830682562,57
Donwari,2.8814028291488243,11.1050376900675,49
Kétou,2.758759135904529,7.433659413660282,124
Savalou,1.6875922029035229,7.920484955575756,54
Koukoua,1.1122768229959388,10.24630032904991,278
Dérassi,3.2230819535909276,10.180017101471416,196
Dunkassa,3.129242097294922,10.365930678481508,144
Tantéga,1.0741745773210103,10.796231773028316,108
Anandana,1.4440926064576616,9.907436623544122,358
Setto,2.048567179706066,7.51493997981178,44
Location #1422,2.0888183212478424,6.454840336667632,869
Location #8138,2.425743195266179,11.468011638591134,106
Toffo,2.0810126620793565,6.842102021544725,830
Location #2723,2.366013859673937,6.906955818828275,418
Abomey-Calavi,2.2685513016830545,6.540703061200855,85
Natitingou,1.4701370707866717,10.232805035678629,54
Tchaourou,2.834651564005628,9.093830036291441,250
Ouenou,3.3263235828485924,9.921471567163579,131
Toucountouna,1.3533992382774138,10.429978559299418,70
Parakou,2.5252300535365597,9.399691195310865,57
Kouandé,1.6308756007363665,9.951999518787332,253
Location #10935,2.2902883676892904,6.822603374012894,72
Gouroukambou,3.137228731509384,11.966855982228761,36
Location #15708,2.2312896309610144,10.875441774027646,41
Location #4140,2.01268285955851,7.285737894737425,247
Ounet,2.4622490397830763,11.19333925424688,41
Pobè,2.667536270052461,7.147000463093975,75
Location #16799,2.795850011935648,11.437133383360587,28
Mamatchoke,1.9692523930457935,8.232124956622274,430
Bopa,1.9802465553265982,6.640185514309875,255
Lokossa,1.6457270411588898,6.68909068040523,3858
Location #1798,2.74807039758416,10.935126495165521,665
Takotiéta,1.0416591265811466,10.333680762022366,77
Cobli,1.0831886518158858,10.519938667669564,111
Gomè-Sota,2.60384772850916,6.586346963114973,513
Libantè,3.637440388556655,10.739611065077387,144
Kouandé,1.5819958999401336,10.229670520723378,188
Ouadjito,1.993693400014572,6.524288334139908,204
Gogoro,2.6715633704420463,8.308899355499205,26
Location #10089,2.6723749914604467,10.556103582042645,77
Kalalé,3.2062818922175857,10.292662190640899,85
Savalou,1.7571983779479505,7.776423596380003,170
Banhoun-Kpo,2.656699983949659,9.70183253133062,75
Ouara,2.707943046714885,10.61796218624094,80
Awonou,2.5497267464126385,6.688922838315467,157
Keroukpogo,2.6490121090524004,10.149645600718241,180
Location #13966,2.1867784643489734,8.417114114515634,52
Tabota,1.0423261600375606,10.418535152831904,54
Location #4359,2.226410321949385,7.106730460516685,232
Kountori,0.9744760764566252,10.476134218313959,155
Za-Tanta,2.150923137473031,7.246771440360246,80
Location #4552,2.2525884248751997,7.428284123057614,219
Location #14039,2.146336582703856,7.38382230945084,52
Location #7535,2.8713210993004084,11.022291226201068,116
Location #12656,2.5909082071553033,11.231673574634431,57
Location #9490,1.15834698606734,10.495223812737583,85
Location #12095,2.9036967431088456,10.816779803267933,62
Kalalé,3.261853138262335,10.236557945098888,188
Bella-Tounga,3.209905365887218,12.049417457066662,446
Location #11619,2.152812582141979,7.409093546670245,64
Location #12385,1.9456946989820552,9.794738759129416,59
Sakété,2.639153623213212,6.725887878801635,344
Toffo,2.1281280549664463,6.814521479977286,387
Donwari,2.768215179228625,11.277931312355918,320
Barei,1.5308927738531506,9.640198037229034,98
Tohozingon,2.096519047213774,7.39267947610303,108
Agonkanmè,1.992841624094957,6.3740557707399725,235
Location #3035,2.38955479907512,11.466969960580094,366
Location #7737,1.9468514502232037,7.456622278630356,113
Location #5016,2.311939917886296,6.783288885552622,196
Kinninkou,2.4910719494861158,10.13256795405018,2188
Kétou,2.474545050097628,7.321359999053581,90
Banon,2.7874739213634308,9.914312502765215,52
Lokossa,1.6109804374643037,6.71838358482587,57
Location #9338,2.4023048783948675,7.441168211000837,88
Pobè,2.672292814393333,7.019635039181521,54
Manta,1.0614686865087148,10.373255848208926,77
Takpiéni,0.9459413919810254,10.26665062502349,253
Dégouè Domè,2.057782419208854,6.326273567968081,585
Boro,2.89512118807915,10.364696155825923,57
Location #9788,2.2455175150835824,6.738392644373727,82
Dassa-Zoumé,2.3616499575252465,7.59304311375704,52
Toffo,2.0862894227542426,6.823370448359339,340
Koutangou,1.0663650056486587,10.351590382872415,41
Allada,2.075077323765953,6.693603714386257,307
Location #8142,2.2369479043722795,6.700517366631255,106
Lobogo,1.9311893525839539,6.689275485162403,59
Kétou,2.5022243703213105,7.3944922117565275,49
Malanville,3.1738238773453804,11.43756160867785,23
Kétou,2.6449136950567764,7.458176321546954,152
Diepani,1.627653399689719,9.117070244054416,44
Location #13057,2.4149402993968647,10.958574693993667,57
Bouroubourou,2.4170955337963815,11.441776439785196,80
Location #11106,1.7338046714430921,9.945929931745177,70
Ajentemei,1.734913797910564,6.803943672473615,693
Banikoara,2.421025580493757,11.272414872505571,39
Sèmè-Kpodji,2.6444545631358842,6.432179324697239,1080
Kongou,2.9278046350835187,11.201886806383634,36
Wédémé,2.1339534507714566,7.949589255284274,345
Diguidirou,3.143536789098213,9.604331714388877,2647
Katagon,2.6000429017269284,6.618231532172339,85
Savalou,1.8349355180381877,8.058010738929932,93
Kabo,3.0520783179166733,9.132675635968397,34
Kouandé,1.7014429726428784,10.056185402607591,85
Pobè,2.6710736995362074,7.115877376029771,80
Pobè,2.702436626363667,7.0891742640600794,41
Kétou,2.627533427611933,7.647185266652277,232
Dassa-Zoumé,2.3305524185659467,7.687719601443456,655
Lokossa,1.6106811002918968,6.709921943080809,332
Location #16982,2.173765399827925,7.494158857582466,23
Natta,1.1429733100416315,10.216469082023972,124
Za-Tanta,2.222097121232493,7.318200452536593,227
Kouandé,1.731882852969712,10.015601360930894,314
Kétou,2.7234861353853037,7.398473495925827,121
Location #1778,2.7319568604495656,6.870145944414239,675
Location #6343,2.763492106702821,10.941863765978358,144
Location #16524,2.621755936785065,11.597181236997953,34
Location #13666,2.6762411972850373,10.547915226104578,52
Sakété,2.6625214612131924,6.647224349976953,70
Fondo,3.6178967486699967,11.029759646522242,54
Location #6601,2.2682443187029926,6.795610663112483,137
Kalalé,3.3515908269545145,10.165431182622148,137
Savalou,1.685581350969059,7.692371223738477,113
Wassa,1.6300320272181437,9.614963931584333,312
Hio Houta,2.246158758402693,6.351782318488726,227
Lokossa,1.6174670940570406,6.72729114123921,85
Location #12786,1.6910062993459614,9.134181269222655,57
Location #3047,1.9891064163777314,7.254616453301542,363
Boukombé,1.0660359207960768,10.190211217627892,44
Tchaourou,2.5499400656309423,9.043306412248675,165
Pédé,2.9483079739500937,11.210691225667253,49
Location #6612,2.2825591992499263,7.199562070679669,137
Location #7627,1.0352102517875843,10.765827543472442,113
Location #7551,2.4689522403113777,10.88541135802906,116
Location #15711,1.0852292752301467,10.444223413756282,41
Bopa,2.01755246306201,6.707078598149956,175
Location #14718,1.2015403910481535,10.432715830066453,46
Abomey,2.028132157635551,7.162044835214992,49
Avlékété,2.17743330981706,6.3502483425147,85
Hio Houta,2.20132692893777,6.339588795334366,253
Location #13103,1.8371612922433336,9.099114890288076,54
Aledjo-Koura,1.4423887071312318,9.308864612171478,77
Bopa,1.9561914118287556,6.726457678135326,57
Sakété,2.5874241544358574,6.818211112077981,242
Tchaourou,2.6627591187439488,8.935149239451569,312
Location #15114,1.501910247230185,9.615367631718584,44
Location #5804,2.378855480369491,6.559547346136547,162
Location #13945,2.304265478205955,10.952203930025231,52
Banikoara,2.569242384554199,11.259635527907305,358
Location #3190,1.7686996743186643,9.566110668240286,343
GNELKIRADJE,3.332850170974988,9.943507792222578,229
Manta,1.0811656752308856,10.413712875912356,54
Savalou,1.9266559588748913,7.773868203203788,64
Boukombé,1.0935809065097672,10.175364204354091,207
Kalalé,3.3526919244474485,10.316088855736334,193
Kouandé,1.5629647098535073,10.06542265536114,299
Location #11651,1.1575473904980516,10.216205998620332,64
Parakou,2.7205737151497593,9.329727052274315,54
Ouenou,3.592343362008871,9.993472050240197,72
Kalalé,3.08818667760989,10.192683387955311,732
Dassa-Zoumé,2.3984879157715215,7.606346495226772,554
Ganoussirou,2.5200305230534794,11.428475965534838,82
Village de Detekpa Adjinangon,2.227433113380136,7.273423643034345,211
Kassakou,2.909224775172299,11.080962526177931,41
Location #12320,1.5006807368155493,10.151337751533571,59
Location #14745,2.259901488181398,6.806016669369539,46
Alligoudo,2.186455491632979,6.854396197430257,46
Tayakou,1.1987607417659645,10.510326667217795,209
Ouenou,3.329917080472186,9.927736611139043,335
Location #14961,1.1462145497457445,10.606526713905735,46
Location #7822,2.6007024160245167,11.463395002446163,111
Location #3919,1.9708394582582494,9.596720065196129,263
Location #8613,1.5433422144078552,10.28171694937718,98
Nazoumè,1.9759943482378808,6.382250164072784,170
Serekali,3.116824799019316,10.040834142927244,62
Tchaourou,2.717140619978411,8.965011005593848,54
Beroubouay Peulh,2.7098081021223686,10.494928272899552,28
Djougou,1.6880089145158188,9.764273294146708,88
Location #4474,1.7790272602025072,9.486854632738591,224
Manta,1.1185284441253274,10.343402192168327,80
N'Dali,2.663398511427885,9.920347172926272,36
Tchaourou,2.9050120660825387,9.354294640763936,49
Toffo,2.0790013811595194,6.8180921800120755,147
Savalou,1.753471350235288,7.7502349992038555,119
Location #8158,1.7458414039259764,8.601326719609194,106
Samanga,2.4525642559718253,11.270584251040981,446
Grand-Popo,1.806848424273194,6.3638500079435465,121
Koui,2.1099123368891743,7.021896672762825,1394
Ifangni,2.739984299599318,6.666686419725365,59
Sèhouè,2.271417385463979,6.879271027044612,111
N'Dali,2.6974338911006726,9.855210766148353,26
Namoutiaga,0.9853299654337379,10.439809885840276,309
Materi,1.0318590762803777,10.640733491396253,54
Missité,2.0435562869768753,6.465678004345336,211
Janéri,2.9127354537823984,9.956212267816609,124
Adjankadji,2.356566733479114,8.054783016245787,88
Location #9536,1.5758590262022842,9.485198993341646,85
Location #1889,1.6319254139645745,7.7291109290026725,629
Sédjè,2.386571011037052,6.70306060765803,446
Kétou,2.6138860596599343,7.613261814772635,46
Location #7061,2.185527052022458,11.17061787800475,126
Djougou,1.7254911465603413,9.767223779730166,26
Location #3912,2.338290998775976,6.739165657606471,265
Tayakou,1.1899555435766123,10.547148960840518,119
Wassa,1.635953905134337,9.492633387979959,82
Pobè,2.6761986895332797,7.066831906635527,21
Dipoli,0.9744239693088824,10.296222150662125,41
Location #6605,2.5445086317594554,11.343374754543103,137
Siliko,2.546346246872118,6.77942586552653,137
Location #16359,2.41500190530532,10.989839556167698,34
Dimari,1.3272671731376975,10.3460694342393,41
Abomey-Calavi,2.2615397642754598,6.520244107104764,77
Location #4797,2.632746922434983,9.686809578326072,206
Mamatchoke,1.9520358781168141,8.099600423443537,1758
Lobogo,1.876057515009223,6.684571447303715,62
Kouandé,1.4908734325322652,10.043113474736149,31
Kokiborou,2.2389579729046867,11.090823376858195,28
Sakété,2.65231581193989,6.814375090297928,381
Location #12772,0.9818284163389442,10.393118257328794,57
Natitingou,1.3601048183819013,10.35071034980074,44
Location #10868,2.653185298006179,11.453766834720499,72
Dassa-Zoumé,2.3661386018312163,7.817229403543086,59
Sonsoro,2.791454012654142,11.078994887506097,88
Kalalé,3.745349505879968,10.522945673217105,44
Ina,2.6884144719448733,9.97617602458814,93
Dogué,1.9839922390050482,9.108316749632513,142
Pobè,2.703878113862679,7.019164687489687,95
Dabou,2.743909651955692,10.179126107454884,57
Koutakroukou,3.033629990465349,10.94803437658637,113
Cobli,1.0169952214095883,10.440772803923611,46
Sakété,2.58873159421246,6.674058229448891,240
Ouèssè,2.5977581157972187,8.589117476760995,178
Location #11255,1.1354075995383237,10.518934791443879,67
Location #9286,2.3884470165583718,6.880579641696292,88
Takotiéta,1.0767707290240331,10.348552862380597,57
Kétou,2.5245663096677213,7.340772780630598,88
Ikpinlè,2.696321022353921,6.909552210563625,59
Location #1882,2.2653194133498613,6.750634297872736,631
Location #12827,2.497907174007603,7.831622074711129,57
Location #11882,2.613861212066607,11.292042457472132,64
Dassa-Zoumé,2.1044641207669526,7.741841845486462,160
Kalalé,3.5463703603084507,10.475814137189227,82
Location #16895,2.719676004675025,10.926927315691366,26
Houéyogbé,1.9054062839129153,6.4760914203434545,379
Basso,3.6240402819985587,10.491406846182796,36
Kalalé,3.450224984202864,10.187440623744411,52
Location #11012,2.5223079558739543,6.90307365207779,70
Kokiborou,2.216785958355679,11.01043577989246,291
Devoukanmey,2.175353228097537,6.420564576518063,198
Location #15699,2.7759956155195455,11.045096544711638,41
Location #6405,1.6504826250733444,9.130742223102816,144
Location #9836,2.454226822825088,11.067284079582677,80
Dogbo,1.6235364474095666,6.732885229375481,206
Location #5809,2.7649290865963594,10.997043447299472,162
Sakété,2.7144373415064202,6.902421704994338,93
Location #15304,0.8287620923873699,10.4667277236042,44
Tori-Bossito,2.0814095072050827,6.520648158995987,232
Ouroumon,3.2698775628709975,9.908665603264705,1214
Location #2106,2.4458637919767794,7.94305907410175,554
Location #1309,1.9911212954457396,8.062439558831793,1157
Location #4179,2.8101956577806297,10.994860140744235,242
Ologo-Akpakpa,2.696834944733358,6.884918302925066,170
Location #16081,1.8949435885242372,10.142859585707235,39
Aifa,2.289060457994404,6.797343250719989,332
Anandana,1.3596286113378098,9.951895189453262,175
Location #10069,2.3872659406249035,6.698030184575626,80
Location #17204,2.776436115552473,10.674057226902718,10
Malanville,3.402326603887294,11.874699085303417,160
Kofounon,3.1099226137720963,11.999934445514175,10
Location #13389,2.3843825142968162,11.141452175349315,54
Yokpo,2.321531454219633,6.645447223194859,1196
Damè-Centre,2.1941261645662067,6.876723716253337,41
Djougou,1.8311522478456346,9.936583772447023,124
Igbo Adou,2.5473498140685673,7.137588022897129,281
Ouaké,1.4651317208678476,9.6184387182029,36
Houéyogbé,1.8752880153701457,6.534931523416804,1436
Takon,2.641518529525248,6.679033753305207,62
Materi,1.0787204848171335,10.619975382256465,482
Kouandé,1.715610133579718,10.024677809356104,41
Nassy,3.028998683748426,9.608669130536471,232
Tinhourè,2.2034388676466747,11.015508851446562,36
Materi,1.075659882192885,10.66871637629455,59
Taba,1.6710177876313113,9.31283766680907,39
Location #15299,2.2705910172283486,10.306860585655453,44
Founougo,2.5962232481507885,11.441129118646957,41
Tchaourou,2.971733333911952,9.297734125165247,41
Location #11575,2.7108370182754165,10.59709424522785,64
Perma,1.4705039906456994,10.147281464984479,263
CHEIN TASSO,3.214434641824311,9.881108942276768,193
Houéyogbé,1.9002008658753478,6.484220431689835,57
Location #4594,2.6698595263477864,6.634746443940133,217
Sompérekou,2.517660277946031,11.313701843298714,82
Kandi,2.9777132801998265,11.198078368213967,34
Honhoué,1.906061790200879,6.551397477690715,134
Sakété,2.669665575443561,6.699733567641595,52
Location #9317,2.4020093569646837,11.070106539556523,88
Location #10289,2.6589889914724374,11.439195122354906,77
Toura,2.3452804515945296,11.118287148730133,46
Lobogo,1.8646018667407305,6.66947525632708,116
Gamia,2.678390583094495,10.374007850354731,286
Awonou,2.5509559954095895,6.77271254647036,85
Tantéga,1.0271370847543817,10.86055743834796,905
Dunkassa,3.159642130820962,10.323673469478335,49
Hio Houta,2.1983178742915457,6.338713321569982,57
Location #12964,2.3822736704006777,7.922220378963807,57
Kokiborou,2.4056188220501014,11.27776041462908,773
Location #5356,2.3297943850363767,6.712949733195097,180
Sinwan,3.440129281912126,11.020801658168523,62
Kouandé,1.4808527829838753,10.024120003757398,52
Dassa-Zoumé,2.3719212391622966,7.8180580839784986,294
Dassa-Zoumé,2.211270855728793,7.579806323393885,54
Savalou,2.1005374138069555,8.040385616532886,876
Kouandé,1.6125476337305689,10.06799023441337,44
Ouidah,2.072097975118465,6.459507060831242,98
Location #3918,1.0710769341283064,10.566396181685997,265
Location #475,2.0180807646071823,7.391370936658456,2528
Tabota,1.040846879681092,10.392067961045234,129
Location #4317,2.811942177408001,10.940281184546873,235
Location #14349,1.0466076936344166,10.573345535348746,49
Location #11233,2.7674831620797615,10.645886018153726,70
Kétou,2.7005164250054254,7.197183705483663,103
Location #7867,2.361723159547666,9.759226316742609,111
Kangourou,2.070200293921938,10.789329149033518,34
Location #7879,2.556635171383253,9.707476546562457,111
Founougo,2.4974097144948733,11.51562778019153,142
Sakété,2.5902253321217965,6.8099247853516065,75
Kalalé,3.0390858845568873,10.194001260847045,44
Location #14601,2.414553424393065,11.140867104454339,46
Kalalé,3.2063930423522895,10.316590733950356,57
Location #6255,1.952998160474878,9.796737991429136,147
Tchayagbangba,2.62281146210617,8.171433586253675,46
Location #15381,1.486966797496672,9.38087709212814,44
Agbangnizoun,1.9015336278888575,7.1042133131139025,54
Bouroubourou,2.4091974602407635,11.410219318753214,31
Savalou,1.8825277228253754,7.690708974121053,62
Location #16954,2.302214012707886,11.091893961646045,26
Dérassi,3.2491487050199948,10.138759475730511,155
Dantota,2.0683232288470017,7.303640513443502,294
Location #10595,1.0888797154497563,10.424896173115622,75
Malanville,3.4583631277542075,11.61414135145686,57
Dassa-Zoumé,2.4693140186172045,7.585428314297913,436
Allada,2.2358007727447244,6.754926171476844,93
Kalalé,3.3470568943086176,10.270623521697043,727
Sakété,2.7150146858937574,6.775518608105517,258
Parakou,2.7211077717322856,9.335151180918432,95
Lokossa,1.8718593968808523,6.752585544754587,237
Allada,2.066847507606307,6.7606025748336185,121
Powaï,1.3536929298900475,9.563324473878975,67
Bohicon,2.1147220142693604,7.137574628958589,85
Kalalé,3.5173455247936736,10.196355808864208,101
Monta,3.0581789198366347,9.357169883599727,80
Ichaagba Adoundoun,2.630933300913533,7.100640731555693,482
Location #14970,2.457262521770153,10.736551959905459,46
Location #6172,2.932929607505611,9.395279750093886,149
Ita-Djebou,2.608467521458518,6.806121832868034,44
Boussoura,2.9001170138262906,10.369132028064056,64
Dan,2.0708380062999048,7.424434008254725,175
Soroko,2.329967465083472,11.372204305407616,90
Location #16595,2.456055383546613,11.077100540416577,31
Kétou,2.66697322260914,7.261705113684187,49
Lokossa,1.710539649752708,6.653090899369657,267
Tchaourou,2.7697790234257673,9.134746014755832,44
Location #5593,1.784957181340984,9.290402606518473,170
Tabota,1.0410694454218932,10.404368532483645,381
Ouaké,1.4244800224725251,9.735125782776208,168
Dogbo,1.8133762904538744,6.792886875050161,165
Kpénati,2.399740673279052,10.27681966450854,577
Tègon,2.1301903708198,7.045426378062231,1943
Location #12159,1.657889282470518,9.156863032296778,62
Kongou,2.928576559699771,11.222777175279505,82
Kalalé,3.2371990808697726,10.246408347257534,95
Location #4084,1.8657365057780402,10.147652979967992,250
Location #910,1.9086422502473923,9.715437091038506,1379
Massè-Adjégounlè,2.4922180799897515,7.1578419490376906,969
Savalou,1.8212559778397366,7.871496978520005,647
Dogbo,1.8308194833882514,6.799458378837709,438
Sakété,2.641424713781968,6.786474984017009,93
Dékanmè,2.0090715717624383,6.543869754223159,186
Goro,2.497174480680738,8.994626358172185,119
Ikpinlè,2.600426499751376,6.863975585834967,46
Location #6355,2.805912694875492,10.985341791037904,144
Location #5305,2.3403396946982067,6.801193625043018,183
Dogbo,1.8409405007184367,6.788507911131007,49
Location #6577,2.9090301579732896,11.000924379621239,139
Kodé,2.487937553026959,6.768300568987773,62
Kerou Bagou,2.7195205864722505,10.764268122153247,80
Takotiéta,1.0756152979551532,10.313189804542574,70
Sompèlè,3.716523442202596,10.839131791156284,72
Tchaourou,2.74606981529509,9.212514583808868,54
Assabèkparou,2.9196205918133415,9.580358504820659,85
Location #16121,2.323580473539389,11.151267136660884,36
Garbey Koara,3.0509243884484207,12.197904998650419,46
Bopa,1.9594256174824363,6.57080099251256,302
Location #642,2.5543166373068207,6.8652875833758795,2230
Location #9494,2.1019173500384043,8.179810435612403,85
Location #11409,2.246466419136727,6.760913433323148,67
Gnel Babi,2.9207122812705433,10.22698577434967,1015
Wassa,1.591449766127949,9.587205101065573,312
Dantcha,2.64023849043418,10.462323353884615,34
Location #741,2.276026248876018,8.188868542548217,1680
Natitingou,1.4239699187055364,10.32315068812862,62
Location #15012,2.381632900737361,11.005863286288951,46
Péonga,3.274786651501973,10.318420431011047,410
Goumori,2.2618917338865003,11.169439493316391,31
Lokossa,1.6490707426706568,6.625115428085839,144
Lolo,3.0488265023104564,11.236529037630879,1771
Kouandé,1.878771002566004,10.47088793066464,204
Sombouan,2.61037299290443,10.529258525329931,639
Longbondjin,2.332416693376975,8.009737538866741,317
Sègbohouè,1.975214888798237,6.417820331769637,180
Lobogo,1.9015875474911852,6.672515483304461,345
Location #12578,2.0885696484528196,10.47365335212784,59
Kouandé,1.6813496583244623,10.272231853348401,312
Kalalé,3.1647323952103608,10.14121169368906,101
Kpomassè,2.0172560331776452,6.416883695353508,309
Agonvy,2.558041908340445,6.890303732096755,131
Sompérekou,2.5023856491923424,11.347665734494848,62
Location #5631,1.045553405956747,10.29513214009525,168
Kokiborou,2.3038203833945285,11.194165288357325,34
Bopa,1.9721375647357888,6.749915460828452,789
Pouya,1.4636292637743504,10.245112438473914,67
Kalalé,3.687838985677002,10.601996152916103,75
Location #2871,1.0922867158493206,10.547384217412613,392
Allada,2.122816516323196,6.64710170390727,155
Kétou,2.5038500473204364,7.374805386818845,82
Toussako,2.310813724863433,11.258727064143553,93
Kpassana,3.676665470072155,11.052654713704115,129
Saoré,2.4479388976057805,10.280363967197324,1335
Location #2131,2.1298562977526854,7.463787444270818,549
Location #8627,3.217414453611223,12.012109443502572,98
Poéla,3.4340357752266164,10.81497941162738,539
Dassari,1.1610052470194108,10.756718085084936,39
Boukombé,1.1449956651019886,10.22201454302952,168
Sé,2.0734434304053506,6.718759629922197,62
Kandi,2.973384569670259,11.085744953835828,44
Kalalé,3.5242677603864845,10.454738978708678,98
SONKOROU,3.3416703338770706,9.835965860821231,103
Dassa-Zoumé,2.1629062654013858,7.643817095822613,186
Location #2914,2.025524752924493,6.4939847274079705,384
Ayita,2.6281629987216726,6.695948695901724,82
Location #5479,1.5043737934557624,9.387546649303697,175
Location #12852,2.65923920203163,6.635582780997084,57
Kalalé,3.015702048469392,10.106084838564682,108
Perma,1.426391402279977,10.11908261295022,62
Location #15552,2.253934745971578,7.4897268793708,41
Location #11663,2.264060643156701,6.764968087036273,64
Location #7977,2.0434828711007875,6.759042895654846,108
Kérou,2.127922985987866,10.785005172751612,75
Location #16994,2.747146740622916,10.468709579548287,23
Dassa-Zoumé,2.3938451389460194,7.5202658293166476,116
Cobli,1.0994405015471505,10.515654046935952,456
Dan,2.061860703380478,7.300870677593955,183
Takon,2.635604823777648,6.645957489628854,62
Savalou,1.9311638939705302,7.923377360179863,214
Toucountouna,1.400962780299534,10.510789338838014,77
Gando Sonna,2.910641324420638,9.473080449335077,260
N'Dali,2.6238246361427473,9.877043580860873,34
Location #7928,1.1659760603429783,10.417530343884874,108
Lobogo,1.8799948309500762,6.683027560092771,224
Location #14375,1.6887615417019677,9.855523199164477,49
Kouandé,1.6856179624472765,10.285265463622775,34
Location #15097,2.259888856209925,10.968222211334279,44
Tori-Bossito,2.129808249621607,6.533497871893442,149
Location #11826,2.811294976982089,10.998644069932002,64
Location #15418,1.791437767897821,9.172089883849535,44
Tchaourou,2.432300288022186,9.105382593381767,67
GOURE BOMBOA,3.2973491741589696,9.956943528420146,224
Location #7170,0.8830201388602171,10.352151950151564,124
Diguidirou,3.1292913764792156,9.625158502716468,98
Itchèdè,2.5852935527893144,6.896675174403167,209
Bopa,1.896639714560823,6.718670335623835,278
Tchaourou,3.0960792524964065,9.164849530637648,90
Location #11447,2.443945400408278,9.658682057903412,67
Location #9724,2.703284733643115,7.806954182892311,82
Savi,2.134696628267207,6.430937633457933,111
Dogbo,1.6311195047334717,6.729293103824466,64
Location #10051,2.0307911958986344,9.782783170187257,80
Kalalé,3.3316325250023118,10.12801712386966,546
Songorogougou,2.324947231918684,11.290272358738921,147
Location #7372,1.4780362527487068,9.857533285089492,119
Location #5760,1.8258654835721422,9.857842707786668,165
Sakété,2.679452065194905,6.788713531968271,36
Dassa-Zoumé,2.382389037421874,7.546708495068884,402
Savalou,1.9810351053065625,7.686862611448497,278
Tagayé,1.2755504716142094,10.285224042534592,126
Domè,2.274615431166373,7.064866723597876,72
Korontière,0.9893860790030911,10.280285077116432,124
Dogué,1.9652570343222653,9.102814548467046,44
Nikki,3.447290360474065,10.128546399151128,165
Ouèssè,2.3383523360458214,8.457399235679386,531
Savalou,1.814231626764102,7.826555260462039,82
Location #8253,2.775320643818444,10.656968352109251,103
Kompa,2.97426101137532,12.167082950048282,34
Location #14577,2.6296417740012776,11.511650988928546,49
Parakou,2.5837846291639384,9.272159324480416,2693
Location #7015,2.327111654275064,6.652867120635435,126
Goro,2.493442017565488,9.007677569734172,72
Ologo-Akpakpa,2.7055996858159275,6.884555033382501,64
Ounet,2.4380455847189544,11.235709507253455,46
Location #14188,1.518761730830355,9.629600768466577,49
Location #8697,1.4569443692569672,9.973344351677758,95
Location #13189,2.62028446739385,11.436009182914676,54
Location #3180,1.9070457982416211,9.670613454369173,343
Tantéga,0.983342749541349,10.859358452342697,232
Doutou,1.916026421372443,6.582974504174509,98
Doh,1.936556273521326,10.342455220577998,1673
Dèmè,2.246887949573679,7.0559355792703204,2170
Location #14277,1.0480060672819809,10.299320911815398,49
Ouaké,1.4213406682269132,9.571527683124874,57
Cobli,1.0094613790941944,10.429549439765916,222
Kouandé,1.5897776508840424,10.077496459370366,34
Ounet,2.3803154110921088,11.177264214712185,88
Dogbo,1.656983266342061,6.735811125845512,72
Location #16645,2.264746960175686,10.859291419702114,31
Nikki,3.149612216597676,9.783506124443466,64
Koumagou,1.1489870879078594,10.12522718603006,108
Location #14731,2.160689507587151,11.059193577752792,46
Location #11293,2.0823480290671355,10.35825064155709,67
KPARISSEROU PEULH,3.1501650571638082,9.949915869337609,36
Tori-Bossito,2.1756071092517404,6.525190643299044,142
Malanville,3.1703564227143475,11.439406410082706,126
Tchaourou,2.494374318456266,9.421756023727655,64
Savalou,1.9898952447295954,7.514871977303494,776
Allada,2.0383730303410954,6.64494167263722,1003
Location #7514,2.8085194662204733,10.961091591227952,116
Kotopounga,1.5209879509720703,10.265180484750896,93
Kétou,2.5727447025063928,7.2861786507785204,124
Location #6034,1.6977431779486065,9.92722774241443,155
Location #3700,1.5752762589642335,9.81426273028241,286
Location #16026,2.6766153837444286,11.038025120452419,39
Djougou,1.6452661201001864,9.787972962968537,278
Location #1259,1.5009425308991784,9.779534151527935,990
Oké-Odo,2.576107116725697,6.951596458698473,436
Cobli,1.0314676415575847,10.548417201241385,98
Faranguédou,2.888363232364019,11.1746094638424,52
Kalalé,3.441184319123256,10.38333540792627,52
Keroukpogo,2.6499440635064873,10.134619683046791,552
Lokossa,1.697903896795069,6.651657684948537,1023
N'Dali,2.6517018952081797,9.861338008987193,175
Touranyannou,2.3505916973437952,11.448302619344359,147
Kétou,2.598295032277788,7.432807382647847,108
Malanville,3.3534305779369893,11.611768515857767,21
Location #4993,2.1544771441675334,7.519050211172038,196
Tintinmou,2.345561697062764,11.231046304811931,173
Kandi,2.9259404779439584,11.188092165264571,113
Cobli,0.9593196342163628,10.527200233778146,72
Lobogo,1.925474448628309,6.692648094711741,46
Ganganoga,2.8392617053060416,12.389619737293312,103
Gnonkourakali,2.8404882804521185,10.160087500339637,49
Djougou,1.6481373996748463,9.745482761679929,85
Location #5140,1.9493727687554183,9.689561348401337,191
Location #11989,1.3452353868067226,10.06426988560242,62
Zoungou-Pantrossi,2.848821385758308,10.824703427887252,31
Bohicon,2.1220342096593274,7.116970152307573,55
Location #7823,1.7892786973598134,7.365157217037012,111
Kouandé,1.7146529965917683,10.309059980522322,39
Location #16500,2.580826896953253,11.18304245371258,34
Basso,3.659978577705824,10.473851599171278,34
BANTERE,3.0928708479874603,9.855252721760156,1539
Tori-Bossito,2.1783739630443546,6.569241691722918,1379
Mlinkpin-Guingnin,2.1490859594570706,7.305407585234495,456
Location #3805,2.3263935288643367,6.733845474031925,276
Bopa,2.033959902357007,6.715766843153437,144
Location #14704,1.3828251009466037,10.129059242268543,46
Location #11288,2.675620335837691,6.838346003588107,67
Location #10347,2.271434831791363,6.757937276455792,77
Location #11769,1.8822482890502055,7.2454044472319445,64
Sombouan,2.6374701646266216,10.494899870659728,31
Manta,1.1457323282070129,10.416758452208732,351
Setto,2.1349797499507868,7.510255787102178,175
Ouara,2.7353313540075845,10.66730996032543,211
Kountori,0.9787015879996971,10.418373705654627,36
Materi,1.1016194258864929,10.74684294666763,108
Location #8918,2.3918419277555993,6.805162641763783,93
Iloutan,2.6369946301044176,6.912363444392689,80
Location #6427,2.579847555929452,6.652040799612344,142
Tigninti,1.4409509663971614,10.147233061340758,106
Savalou,1.6752097553145444,8.05363007274101,456
Location #2566,1.9759394313742726,7.2489892496526185,446
Location #8300,2.3813024179007978,11.123358823263377,103
Location #11745,2.764891301409991,10.951250580332488,64
Location #15361,1.8140525569470953,9.40794972534199,44
Location #13467,2.8458582488135464,11.008006407032646,54
Location #9745,2.1922844011109546,11.15504504768571,82
Location #5442,2.11047624021155,7.4882843771313965,175
Dassa-Zoumé,2.3329142256460056,7.778965981250391,93
Location #13144,1.050434968802724,10.571934653967736,54
Tantéga,1.0413385633036927,10.908168415266735,191
Location #14795,2.841109779116129,11.342608577208129,46
Kassarou,2.8804278339823512,10.216338234908685,546
Location #8351,2.311467513257925,6.787143373224365,101
Location #6919,1.933931783718658,7.622966765739376,129
Location #12844,2.62050057363147,11.334091824568922,57
Location #14365,1.9126622878503623,9.424396470877738,49
Boukombé,1.0752826667480837,10.199598843524013,268
Location #7385,1.7790291780580374,6.4230434108030705,119
Ouenou,3.512882955082094,9.945529475659757,108
Location #11345,2.6034863031355977,11.34826328458988,67
Location #8190,2.430184546453448,6.735013859474226,106
Kamanan,3.4945173092960764,11.263811727621164,139
Location #10553,1.9363844740460143,9.771065262999052,75
Location #9417,1.0547456912623667,10.430411485223889,85
Location #7145,2.6854693978426956,6.889796959754657,124
Tchaourou,2.153196255505037,9.16390315953556,317
Poto,2.568018121352129,11.316043660898051,57
Taba,1.6618450760998307,9.309643027798714,88
Boro,2.9144584390363972,10.299741729073512,41
Allada,2.0502422706250276,6.7201116784687605,214
Savalou,1.914420734474643,8.031195596889209,157
Domè,2.158848352368271,7.09442810760976,232
Angaradébou,3.0784962310852753,11.425793535672414,49
Dassa-Zoumé,2.120722003342152,7.868302227816768,387
Bensékou,3.2123135127910634,10.983111886226032,108
Kandi,2.8208637083342984,11.032682717407859,82
Location #7589,2.6845400396216377,10.707325044292718,116
Bonhanrou,2.459537441796085,11.443131700018592,41
Kétou,2.530937169751064,7.255239548069262,443
Lokossa,1.79016085903004,6.656529770736462,126
Kétou,2.5642621584367644,7.252985955403449,106
Tchaourou,2.7046358422554913,9.160419151344225,57
Guénéssama,3.424047964098244,10.795359637954764,77
Lalo,2.1159096837710947,7.352756545057497,23
Donwari,2.806571859975363,11.104209431214542,39
N'Dali,2.639188201089819,9.880101360698935,67
Savalou,1.7991412151502602,8.090396865932613,307
Kouandé,1.7586500575641482,10.781534178707101,1170
Tchaourou,3.029929746397952,9.168659650231202,77
Tchaourou,2.461080563440263,9.333956747280364,67
Sakété,2.729058590288963,6.785290826720961,1451
Kandérou,2.547894901544561,11.64621017488856,95
Lokossa,1.8226355501817049,6.715164680846145,85
Séné 1,2.091613876161443,10.900421460210161,142
Athiémé,1.6281997981075995,6.604374411343802,897
Pobè,2.670457349978471,7.1404495128504,54
Natitingou,1.3996489606187559,10.296211201530255,108
Goro,2.43664209784338,8.98176546778729,217
Tchaourou,2.5546341373152073,8.851234982315612,52
Kpénati,2.3909949387645018,10.142053391442783,44
Location #8026,2.1568152342723903,7.414996094985293,108
Kouandé,1.6024854207591306,10.146736960012483,155
Location #11990,2.1904698271773326,7.008640042387149,62
Sanson,2.4167168998486193,9.222689753664188,75
Akaradè,1.418525624477546,9.370246269897226,75
Manta,1.1152436682242892,10.330681954846524,72
BANI KPAROU,2.8888369051480383,9.9836486951929,44
Location #6325,1.9769519045199544,9.60738959107238,144
Grand-Popo,1.9038103644266917,6.294917750071192,62
Location #1799,1.7334026623402954,7.637851011877883,665
Location #7119,2.8039058109060093,11.013482160490987,124
Location #3343,2.5282969059021942,6.8777480069171775,322
Allada,2.041374751804331,6.714822181013134,124
Korontière,1.004165919744607,10.290230290221526,80
Location #9411,1.1089871779151854,10.415054294402779,85
Location #6100,2.2537097664500774,6.711676917557569,152
Tisserou,2.8824833306801056,11.11239832694425,82
Kangourou,2.0934441459038187,10.757307566219943,52
Sikki,2.4416407304831407,10.15013715315759,369
Pobè,2.7183435656737744,7.119353495509832,673
Location #6069,1.3894825611243753,10.46171986924106,155
Tèpa 2,2.8643911702657934,10.168396443073812,124
Ologo-Akpakpa,2.689761446794587,6.905963661169771,49
Kétou,2.5694550479790967,7.412395604991808,62
Kouandé,1.708964435824862,10.525428588131225,188
Domè,2.2398206103264897,7.103915624118049,93
Malanville,3.191366101336222,11.73609032830284,1044
Sinisson,2.7173624817611923,9.782393475225337,34
Kouandé,1.7800587423798269,10.821973425569675,21
Djougou,1.6082075047732638,9.727350911053238,70
Tori-Bossito,2.0715351117227785,6.559154812123482,348
Ounet,2.403646409404742,11.243880622669154,59
Location #9594,0.9374481952626419,10.666057897253694,85
Location #12642,2.663284264226118,8.146932536170379,59
Location #16130,2.722401607269509,10.96843592759247,36
Location #11014,2.5266174591331674,6.992443342331415,70
Houéyogbé,1.87378386175289,6.604947495019828,39
Location #5782,1.108689490796632,10.521712782350399,165
Dipoli,1.0005356360676991,10.326021827582787,149
Matchayan Marché,2.944110601513707,12.291043312831762,260
Location #7738,1.6242616296070482,8.365760484362065,113
Location #9464,1.1610324938299217,10.194396251318125,85
Doutou,1.8838276283385342,6.554762320158084,67
Location #6439,1.3614214676833212,10.163115699203654,142
Tchaourou,2.8804230944570777,9.320928219232034,31
Kountori,0.9807447653734378,10.4796098434174,157
GAH-GBEROU,3.3049516721815264,9.734336838143493,124
Location #2957,1.8479710477139206,9.945330125309875,379
Location #8333,2.1494485369378697,7.3978058718318005,103
Location #15445,2.3318249040565115,6.644614111096389,44
Diguidirou,3.1302823367451102,9.63297619342744,52
Location #7611,2.0450820700368695,8.18089670303881,116
Location #9459,1.6913444594462868,9.95302134810185,85
Location #17135,2.143594559515,11.223937630774914,18
Sinawongourou,2.767645253981619,11.114180922703438,106
Kodé,2.4817180667489604,6.7975565632192945,2095
Location #17002,1.8314189662131173,9.281383188130263,23
Location #7973,2.4801409946537674,7.779477028322695,108
Matchayan Marché,2.9394150520128375,12.288915912288465,147
Location #259,2.033477369842748,7.005948773355944,4554
Tchaourou,2.638699121838841,9.088452491008889,52
Toviklin,1.7998934623704348,6.841004355664899,80
Ouèssè,2.6317787425915835,8.662571626058313,88
TININGOU,1.3907118582969498,9.905829344358931,59
Location #4968,2.165902396511281,7.397104852153289,198
Location #14832,1.7998291683232401,9.674570681954252,46
Ounet,2.4728403752822965,11.18737867286554,124
Tori-Bossito,2.043603792802291,6.573233503263858,59
Kalalé,3.268253996269648,10.076491254971451,41
Location #9379,2.4326849261815027,6.773210470521172,88
Houéyogbé,1.8863118094795794,6.535726259704194,157
Kouandé,1.8308473864234938,10.717568960829409,381
Location #5152,2.333725390294403,8.123488402682161,191
Dogué,1.9081282054301734,9.079457517593811,827
Dassa-Zoumé,2.3862807805575343,7.5412936859598,36
Dramè,2.152261755480256,7.296793689427986,589
Location #4376,2.1585982655026874,8.496214219267173,232
Kétou,2.6414809477520516,7.228299972175859,144
Kalalé,3.2044296527402474,10.359873462135113,121
Location #10663,2.982092374289777,10.82728941224074,72
Gogounou,2.808426777715266,10.838799218292598,353
Location #13775,0.9135380056121127,10.945067880650765,52
Kouandé,1.7314815664419463,10.441881190777021,242
Location #17025,2.4092942899252825,10.867904736893392,23
Sakété,2.7117997068786552,6.834933928151424,41
Kouandé,1.7202868177498556,10.367522038747541,222
Kétou,2.6704176408890135,7.475931548425507,155
Zè,2.312203246158072,6.712174555844475,518
Tori-Bossito,2.1072569154173824,6.5307427365327095,64
Tagayé,1.3369721816921196,10.28983465118805,54
Gnonkourakali,2.8375584384189234,10.156391803448853,59
Manta,1.04481258555982,10.379992064279575,149
Location #4229,2.4364120212350153,11.449030191530765,240
Pobè,2.676388887132599,7.167129484148639,817
Location #8870,1.858976947897709,9.952592679380055,93
Djidja,1.8618637584338016,7.319032349610216,224
Tchaourou,2.615045713907975,9.037708149548894,59
Ouaké,1.4531204443695453,9.519245264020123,59
Houédamè,2.526931786813296,6.943422402265914,420
Tabota,1.0636629606098185,10.401008691349176,289
Nikki,3.380331066816488,10.129497481484268,214
Tanguieta,1.2349894243836899,10.634547126389583,34
Location #15432,1.8384292164406926,7.361209956570628,44
Location #16998,3.5474273994501773,11.226521665818645,23
Location #16264,2.298917103052156,11.059989838089725,36
Abogo,2.133723058376271,6.805563549113385,1400
Tchaourou,3.126802343959408,9.332968870274282,82
Ouenou,3.5489646005355513,9.950802976697403,95
Bopa,1.9444857081158577,6.599709368269216,147
Location #10961,0.989555034184157,10.744777180852923,70
Dassa-Zoumé,2.285369116002598,7.668789981384582,997
Location #5777,1.7294702352984896,9.577452715686913,165
Tori-Bossito,2.208732697972844,6.6085473746250365,804
Tchaourou,2.843616296312831,9.30577648861384,67
Ouénou,2.580998989705397,9.763498040445304,170
Pira,1.7115134204079119,8.531575398202962,188
Grand-Popo,1.779977102417189,6.427518381718727,72
Natitingou,1.3731838637457898,10.230197673175374,178
Allada,2.0684898932864515,6.750313584769379,26
Savalou,1.6591273428712707,7.992398215292978,407
Tchaourou,2.4560062526313033,9.293141855371143,428
Wanrarou,2.7195609386202064,10.17709095109287,57
Banikoara,2.4733070708192453,11.155037710660963,31
Location #4920,2.7511866445073268,11.439194585495807,201
Malanville,3.4409335691976883,11.847592055465011,196
Lohoungbôdjè,2.4896109599011984,6.948139808582481,18
Location #6317,2.0583522753777923,6.414822393575625,144
Dassa-Zoumé,2.2716302901791035,7.680743443519486,80
Location #6364,2.921602500365663,10.757007161854666,144
Kpadé,2.9015710943973874,11.007155690676468,95
Location #4665,0.9660479296716712,10.431532361874899,214
Location #6283,1.7777209610665252,7.324949738648975,147
Tchaourou,2.537254877173345,9.029060325283888,113
Pobè,2.6356795135967177,7.056879185115534,260
Dassa-Zoumé,2.1783568015878063,7.569737842068004,366
Tori-Bossito,2.211261201069255,6.529613765054631,260
Location #12001,2.4681765852610984,7.926906402551471,62
Sé,2.083725108389572,6.727917714524597,121
Ouèssè,2.5867305560468914,8.340092019466345,923
Dassa-Zoumé,2.2588621377244857,7.552721025930789,52
Malanville,3.503844777616583,11.823444103921375,155
Houédamè,2.5423849673759986,6.953339679644082,72
Kouandé,1.6398522068528434,10.353682388468554,307
Houéyogbé,1.8845684694488436,6.515186020050976,348
Houéyogbé,1.8742214505368187,6.54540836009023,106
Kouandé,1.7875768682176587,10.35669131925187,44
Ouèssè,2.573347071450208,8.531256206424041,54
Location #2573,1.6070338424297048,9.419637263917881,443
Boko,2.622776732455328,9.507839150353108,46
Location #15903,1.2797416068363243,10.12676838529621,39
Kandi,2.8926825619860836,11.11916740626903,173
Sonon,2.889685759520767,9.540694070037617,2016
Ichougbo,2.5811745975308504,7.065203444753998,46
Korontière,0.9835405433600528,10.310022937545822,54
Location #11332,0.9138488294557744,10.664033860291406,67
Agonkanmè,1.9938338844775234,6.369947102494873,67
TEBO,2.837862073088731,9.835609608271627,1180
Toko Toko,2.0664799522779513,9.745145766445564,41
Borodarou,2.9120708334109646,10.976913646133823,64
Tchaourou,2.6090500561818,8.915272901322089,82
Biguina 1,1.6400616520030056,8.910673145537032,201
Location #6390,2.794358321726791,10.97743665388709,144
Banigouré,2.7219304774206727,10.869376202843466,52
Gbégourou,2.695697300173026,9.470968433388933,116
Location #7413,1.946162974512947,9.696076063618188,119
Location #13978,2.4044003399036473,6.920678601555517,52
Bopa,1.9137732824278648,6.711154579791636,80
Tabota,1.060620929698102,10.383587391192748,144
Location #9886,2.1975439052429833,7.46520410480611,80
Tchaourou,3.141614944733484,9.305908707515467,52
Dérassi,3.228318546547129,10.177675359557597,106
Ikpinlè,2.681143835654892,6.892166402588067,121
Boukombé,1.0460334540155358,10.224544663637833,126
Kétou,2.6733358872616413,7.3922685877187195,103
Location #5561,1.5042353634136536,9.946511418851092,173
Manta,1.0844894085372012,10.417092690624328,46
Location #14739,3.046077922675432,10.325432974584904,46
Sakété,2.7361511076363936,6.7771360315605165,59
Location #6295,2.341264167356998,6.705083276799364,147
Atchabita,2.4414291306571427,6.875916807645239,186
Dassa-Zoumé,2.28398384798609,7.612717975045394,36
Location #14065,2.341761225869071,11.09774720793967,52
Location #5554,1.7246577970749497,8.186329454939502,173
Location #12482,2.4176563900655816,11.107738244474472,59
Location #14721,1.7904611805129924,9.108469260186649,46
Location #10237,0.8003645122155276,10.54829706147358,77
Savalou,1.872538447785331,7.964206154965609,2583
Houéyogbé,1.9096737008312379,6.526832048061456,175
Location #10367,1.008898346064103,10.317997711385813,75
Kokiborou,2.2142095457502258,10.972489604477099,1516
Location #1893,2.2760375466942158,7.134034511632961,626
Kalalé,3.179271907111463,10.106783084218627,482
Dassa-Zoumé,2.350834455742547,7.611787325854961,72
Location #2883,1.8101980601716492,9.874999371011965,389
Missité,2.0415061179397425,6.472143586896351,88
Pèrèrè,3.093992432958248,9.712658854252247,451
Kokiborou,2.3352426409981337,11.212970630932581,88
Tori-Bossito,2.1756989567752187,6.520379943062907,98
Kétou,2.600220635141872,7.2365417878826035,201
Location #5652,1.5326354324303169,9.52313180860755,168
Location #16421,1.810888945426524,9.283115532373861,34
Location #2818,2.1535172818699406,8.102418082109219,402
Takotiéta,1.0369547135956994,10.329538577350228,217
Tchaourou,2.455222097486875,9.298235026267692,101
Tori-Bossito,2.2275066409059345,6.5534384892970525,912
Manta,1.083296370872983,10.290734964492177,183
Seyigbé,2.041908605186137,6.324491810937097,240
Dassa-Zoumé,2.3485244167353136,7.752966263766089,41
GUINROU,2.951342018303429,9.958191124043035,70
Kalalé,3.1927782862573983,10.404559758871356,70
Allada,2.198167960184984,6.6113450504161895,327
Banitè 1,3.0666156087613556,10.986149362170737,95
Allada,2.0809146581389992,6.601878729900903,106
Allada,2.208311298418445,6.622988372388481,204
Location #13226,2.3159600160602016,6.719119379694883,54
Kalalé,3.0854995982885374,10.227875909428656,570
Location #13036,2.6027261441515863,11.297674913795495,57
Lokossa,1.6088944418296507,6.67451508828386,735
Location #15894,2.4617043984137768,10.956359960612001,39
Location #3580,0.9794636077618862,10.351722249178684,296
Djougou,1.7288095970387949,9.633225934200006,454
Gamia,2.681541130980403,10.36001351642035,36
Dogbo,1.8341588009040726,6.784625852904763,173
Djougou,1.6620864095641212,9.810101149122426,201
Location #8899,1.5173275644454418,9.360926033612818,93
Kokey,2.5590158157502265,11.381210604225588,46
Tchaourou,2.5872617737484576,9.0117832472695,88
Location #11934,2.1819799360892667,7.392466293912124,62
Gounkparé,2.979510632136806,9.439362158832754,62
Houègbo,2.152712038379007,6.81018645228547,67
Location #11443,0.8541226286370541,10.407558888110806,67
Darnon,2.7189412386837564,9.428563653088139,1209
Nyannisséri,3.00664697816052,10.934273581349608,98
Dassari,1.1866046455055812,10.765511950694595,49
Malanville,3.3320209085836217,11.81025871754598,802
Location #16463,2.633095924064141,9.968702868122941,34
Ounet,2.464576392993759,11.195308392836283,54
Savalou,1.9065101456045637,7.8143636681390305,482
Aoro,1.6668461105724246,8.851134650349357,170
Hio Houta,2.1735195659829243,6.340303552118308,178
Tchaourou,3.120425908082494,9.269578217071933,62
Ouaké,1.3886307925576,9.614050559481612,52
Lokossa,1.7938509748688363,6.71282271552935,2760
Location #873,2.7439801534510497,10.929734558734895,1420
Sonsoro,2.794308143868414,11.068064034874574,108
Koutangou,1.0500112605805636,10.362516657967449,85
Nikki,3.1706125971588124,9.858331309768932,59
Tchaourou,2.475296657150037,9.225807083435434,77
Tori-Bossito,2.106213809404398,6.536563838583569,72
Banamè,2.308550541143484,7.424458661674395,72
Hlagba-Zakpo,2.1229072000994758,7.057292795343525,119
Location #10083,2.203607619304661,7.1486823198913,77
Dunkassa,3.1630412752276675,10.385751513205152,52
Dérassi,3.2034418890495733,10.151452927450853,90
Location #15325,3.7667384180661663,10.733479013438465,44
Location #15891,2.530039512665762,9.82553892048532,39
Lokossa,1.6791406738941939,6.655751617834675,245
GUINROU,2.942837389869376,9.95792701415398,52
Location #16258,3.749177251301988,10.983211137151073,36
Tantéga,1.0485302162184502,10.869387044466317,34
Parakou,2.721848970867165,9.348848518581446,46
Lokossa,1.6091690171636637,6.729262110280711,363
Poto,2.528072818521078,11.351061352806616,44
Zounge,2.515000005025181,7.036849475809297,149
Grand-Popo,1.919434215433528,6.325193429914092,101
Toura,3.102434356146171,12.160342370478087,142
Ouaké,1.5135240905445857,9.554078346107804,456
Dérassi,3.2135590914131185,10.211737998752934,745
Tchaourou,2.7166883050982977,9.21871468791335,57
Touko,2.843910125925784,11.08873414259749,729
Lokossa,1.761795828354561,6.618840042258612,67
Dramè,2.1569385712816667,7.297975094811155,412
Massi,2.271719547811924,6.9410705902381435,10
Kabanou,2.793457956598595,10.535135990651163,52
Location #16601,2.397379684072048,10.92627810574799,31
Kalalé,3.548037184672446,10.126718772173767,369
Location #12166,1.176942798334296,10.482781084352105,62
Sinisson,2.7476566510469573,9.80861562744611,49
Wassa,1.6317073628966117,9.503677496352063,44
Location #11977,1.0523147838760525,10.55161442880068,62
Bagou,2.8086459957110845,10.844984350932348,139
Location #12540,2.731736101056601,10.971937031307103,59
Lokossa,1.7129274465233026,6.709233765929421,1861
Ouidah,2.0835366998541494,6.4365041345056975,131
Arrondissement de Akodeha,1.9334045666865987,6.47847139552359,389
Kalalé,3.6428645122662875,10.122596029423638,88
Pobè,2.7394289567876666,7.03351869084472,1157
Location #14098,2.2017810389953247,6.847603842553398,49
Location #15655,1.6500316562882829,9.944383653964346,41
Location #11267,1.1000708372735897,10.566928166072424,67
Location #16453,1.3592859973272802,10.617474157733083,34
Manta,1.0972316921236167,10.342278814118162,193
Ouèssè,2.608728729391996,8.79132756946362,170
Bagou,2.761089308025532,10.81239612755328,54
Manta,1.1385909944904757,10.341307762214067,54
Sori,2.7584815630149886,10.73966130899101,26
Location #15321,2.4765115649556844,10.941767849205256,44
Konou,2.597807111349915,10.014764468158763,858
Dérassi,3.2914274930250307,10.143296574796816,80
Bopa,1.9062700610495076,6.726340601078267,46
Bafa,2.82135505171201,10.483072393728762,88
Pobè,2.6470222012158193,7.134058424477636,44
Savalou,2.052753983667371,7.809114491629565,77
Adjan,2.2633639520369355,6.7023324416261,90
Bopa,2.0069325444923773,6.717235676580529,108
Ouidah,2.1508216262002438,6.365290717966967,54
Location #540,2.286954294274152,6.746274921144085,2268
Manta,1.1275053144330425,10.330910279262719,26
Location #5065,1.7729178066280855,9.748558998108276,193
Takotiéta,1.0449383712536735,10.343297700469448,39
Location #8432,2.619942892021455,11.506290869458851,101
Kalalé,3.730595583229592,10.606369899365765,59
Ounet,2.4377943887720614,11.116265739654366,44
Grand-Popo,1.9071111969470598,6.321268331147577,52
Houègbo,2.1546724293948802,6.833664853501452,206
Location #15306,2.109084521549869,7.45910492797814,44
Location #13942,2.4912207629081378,6.889380060109404,52
Bopa,1.9943467004762854,6.714326476751355,915
Gouré Kié,3.635152780987236,10.802758970118289,21
Parakou,2.534937339944032,9.372297561283945,52
Location #16029,2.7015080136219667,10.00897525541858,39
Kétou,2.6637986902977473,7.578435982626307,399
Cobli,1.1413513685898413,10.523805168747385,59
Natitingou,1.4398909566214293,10.406298651342539,41
N'Dali,2.681418987596519,9.691455406187455,144
Tagayé,1.3128608697857795,10.299152814648426,98
Grand-Popo,1.9618966232308277,6.325241144705727,77
Tchaourou,2.8946637026901847,9.140077189253168,222
Location #8998,2.5364157709978112,11.592969673939663,90
Dassa-Zoumé,2.482941257436693,7.646678054533488,23
Goro,2.501323408328971,8.98656552103229,52
Gounarou,2.736164359426367,10.89574318048408,1928
Tori-Bossito,2.1609790635965034,6.5198321723085435,90
Kétou,2.6608199175163016,7.4656399806199385,49
Location #12064,2.9172634384760534,10.937181104555146,62
Koukoumbou,3.0375290622860485,9.50244946692846,77
Dunkassa,3.0956648825155386,10.32267341220733,62
Tchaourou,2.970554266675304,9.294627509022984,88
Kalalé,3.1919852151860884,10.42768187097795,490
Location #11618,1.3903610527093608,10.565571540699947,64
Thuy,2.9572549937055883,11.317205782743871,75
Sanrou,2.840475694500452,11.165935158832822,21
Ifangni,2.705295166680045,6.567116421093715,1673
Location #13887,2.608508688984793,9.957970311236881,52
Savalou,1.734877244577495,8.259987681382412,80
Kalalé,3.0204615628850204,10.202295622949785,54
Kokey,2.5611738133647313,11.437717981028909,116
Kétou,2.6504318398313953,7.251983455664454,77
Location #841,2.4487719526450706,11.099171067551788,1469
Kouandé,1.703951743523992,10.520779407831418,44
Dodji-Bata,2.2968328998758034,6.679487601940462,454
Bopa,1.8515987753234766,6.726860337201558,322
Manta,1.149702975585641,10.358304410279688,39
Boukombé,1.13779051803887,10.182710910473888,129
Location #5748,0.942106380520056,10.605215834268957,165
Location #16477,2.393846745784844,11.139252136747448,34
Yarikou,1.6026358897348332,10.344684977204537,49
Gouandé,0.9106409973265831,10.782213624602894,1709
Natitingou,1.2951608599113476,10.417085363760952,165
Location #13498,1.7447775430154946,9.952474724135453,54
Ouadjito,1.9989121503606575,6.525865637978013,67
N'Dali,2.7717333610389345,9.833150941388222,85
Alfa-Kpara,1.7527534457405944,9.600824841328926,70
Ganda Kpésora,2.9580224586422137,9.801007984219497,113
Kongou,2.921920049837757,11.21011843197238,41
Dogbo,1.8120278960006462,6.780901352406266,49
Location #6404,2.706028201545707,10.287442498482463,144
Kassakou,2.8933841793705155,11.10114914607576,93
Dassa-Zoumé,2.180510874648809,7.807253696809608,98
Location #4809,0.9482864401881016,10.436564529104283,206
Ouaké,1.4379409401194165,9.72590337396739,124
Natitingou,1.2765508502812366,10.329749485926628,443
Sinawongourou,2.7845679944931603,11.097357968207717,72
Location #5932,2.583831734257395,6.8596363869405605,157
Goua,2.838467875649053,10.007312323525358,28
Kétou,2.653659075999294,7.31532192787116,49
Location #11931,1.8878257070562505,9.35847327124731,62
Oké-Okounou,2.297294992635384,7.955667701595134,528
Location #4796,1.4815649494803453,9.672222155337419,206
Kérou,2.126008520120785,10.783045912629884,116
Gogoro,2.6699008640731567,8.306560845817023,34
Zè,2.322532863624753,6.707857632075511,57
Datori,0.8138901260363394,10.413783870537976,387
Kokourogou,2.2626673772443406,11.229457862218771,36
Kétou,2.5977040905283206,7.332563267342912,198
Péonga,3.7428234386899253,10.901577986122142,119
Location #13422,2.9548527431180545,11.292250078413343,54
Location #970,2.777959459249911,11.001086279230417,1281
Kouandé,1.8455882898076552,10.725113711315979,85
Bopa,1.919097465910483,6.7480676214432345,72
Simpérou,2.4748293421644183,11.296828232059031,165
Location #15404,2.750871367179661,11.376986133442253,44
Lokossa,1.8493623451456662,6.7599684056280305,155
Kalalé,3.339700338704439,10.383273215753826,41
Location #3557,2.1824140465787862,11.096838641027857,302
Kouporgou,1.129703537490325,10.23465301817746,49
Location #8863,3.1650166380256595,9.638084363375565,93
Attan-Éwé,2.630068772000281,6.880313364938083,180
Location #13883,2.307401138239006,10.956973095561079,52
Dan,2.082017040217219,7.335848377788175,70
Allada,2.193057128185777,6.678399278523487,539
Parakou,2.679342733899475,9.324279551062332,771
Kpénati,2.3470427862958823,10.204036020753485,75
Kalalé,3.0398740464687597,10.138465326967484,180
Za-Tanta,2.1626255432924055,7.255766241458856,183
Ouenou,3.4182849603473486,9.915070093935356,64
Dassa-Zoumé,2.111257520759448,7.82039873064255,1825
Pobè,2.7293370997855004,7.135237548314528,296
Banikoara,2.489747199722765,11.354707481738805,93
Sakété,2.643429714623327,6.797859800735739,75
Pobè,2.6627173743167605,7.143319745506026,26
Kétou,2.426158640267515,7.483022615273921,219
Ouaké,1.3805183484345602,9.621140737521422,46
Allada,2.1929207296655453,6.740966943666862,1026
Allada,2.2260920911017608,6.7488551302138164,644
Kalalé,3.397508469281105,10.315134030993912,75
Thio,2.317007103061468,8.081811423868624,1196
Bonhanrou,2.4451777274021644,11.351645461758606,21
Location #12167,2.903554479688614,10.812037776352462,62
Location #11805,2.174901275352963,11.125642618841102,64
Location #7221,2.099092076266465,7.541781872939417,124
Ogamoin,3.0145011758140012,9.446426494112396,95
Ouaké,1.4564169808475138,9.486922622534008,80
Location #15564,2.5994958806673547,11.141012560006475,41
Gbégourou,2.7178564075011162,9.470446895499128,80
Kinninkou,2.5648093288587943,10.164290791961797,41
Nikki,3.3424882444287767,10.085796959264682,840
Location #13532,2.721453645748995,11.417452236299189,54
Tori-Bossito,2.204751925396222,6.58065760038047,299
Bopa,1.8739806067919393,6.712028504436567,62
Tounga Dambaka,3.3709801971524196,11.354373071135305,121
Kouandé,1.8184084483993515,10.333254654800426,180
Songorogougou,2.3702451894632914,11.259628070849509,21
Location #5034,2.219035577994144,7.14422775898106,196
Péhunco,2.0294286869252787,10.271578126737243,170
Kalalé,3.0751331553004357,10.077837332743728,26
Savalou,1.7238551205668837,8.147526413220763,260
Setto,2.0496198703932094,7.529639417097749,250
Nikki,3.1819294187485636,9.919533386641357,464
Allada,2.1930101187619577,6.686716575588793,111
Faranguédou,2.84973463802802,11.278930515743568,108
Location #4096,2.3465508239962474,6.713406337647919,250
Location #11559,2.92823457444186,10.79864855513927,67
Location #5289,1.3645875922173123,9.987451693730737,183
Nikki,3.2579095878190114,10.037070745465996,237
Lobogo,1.9286967359496958,6.696171304951984,134
Tchaourou,2.969909185953459,9.174300704229598,34
Tanta,2.2210985528625167,6.676633239542943,990
Location #9433,0.9679155679502625,10.696156813090454,85
Location #5389,1.86477450186336,7.545514366273214,178
Kalalé,3.4553589020915365,10.313066089660863,88
Sé,2.114921975699317,6.740547202517584,425
Dogué,1.9370555725483007,9.101328037520192,1526
Basso,3.6277418867149334,10.522402043832374,77
Tchaourou,2.9182260989338817,9.285423544427013,44
Bouroubourou,2.3894926919602058,11.456416344883618,70
Kalalé,3.7492351753095763,10.521781344753888,106
MOUSSOURÉ,3.046266495208403,10.053936450110713,168
Bakou Bè,3.42869622662955,11.158134345969815,93
Lobogo,1.9480945292411707,6.671141843283635,137
Athiémé,1.7187494592157195,6.576792348537421,314
Kandi,2.9604605747036414,11.145248965110989,103
Location #13524,0.9305095510653927,10.61311587870308,54
Location #16112,1.830700709813488,7.594404793710495,36
Ouidah,2.0799468646564216,6.399956666598198,46
Location #16079,2.4485261023130116,9.512354828961245,39
Pédé,2.96432503958245,11.20333913690362,474
Adjan,2.2335761366795364,6.723151093445161,1309
Location #10397,2.4186905511549135,11.019511937185314,75
Kalalé,3.1579239604069067,10.08620545850456,340
Djougou,1.7060823046839095,9.680480895282596,162
Boukombé,1.109470697153914,10.236150389520883,291
Tchaourou,2.365566644155495,9.257694092186025,126
Ouèssè,2.364949954135476,8.204240938123052,113
Pobè,2.7491519271588056,7.132885197019488,369
Goutéré,2.136413018089061,10.860943674523805,36
Takotiéta,1.050035048133275,10.340790246921935,126
Sanson,2.451116672310697,9.284765458056466,59
Kétou,2.5399676958961073,7.2625398142273925,1147
Location #6319,3.167828755020821,11.213039979028654,144
Location #10945,2.082819446543804,6.752551715693925,72
Pira,1.6776143856248624,8.609887514371957,250
Location #12922,1.127501669587526,10.59065137941423,57
Location #9313,1.9479213904987467,7.416647485181484,88
Location #14966,2.0355296405712586,6.40734046451166,46
Lokossa,1.8180882664376792,6.720822966764282,369
Location #6839,2.4145130569093554,11.46365734331779,131
Sèmè-Kpodji,2.6371890745160496,6.42321536562074,88
Yingnimpogou,2.424302392739058,11.571242814451299,294
Gbada,2.5205246306560007,6.630923459986761,57
Ayélawadjè,2.587515873968102,6.92936632681142,157
Sompérekou,2.54507002130892,11.281706919922833,250
Location #15030,2.703554947741947,11.340063121000252,44
Nikki,3.4436479360971624,10.057718559627588,77
Location #5597,1.7294214981437834,9.931328301112504,170
Kalalé,3.342334265558467,10.259812290635566,729
Ouenou,3.510210238501494,9.89388837387998,62
Banikoara,2.5203749677095764,11.222671993321022,57
Dassarou,2.930570859870894,10.063461684886725,70
Sèmè-Kpodji,2.6587995013500394,6.412929168969815,46
Lokossa,1.8671677704587382,6.739173589816691,88
Location #13021,1.0545856005519254,10.501427603230628,57
Location #5795,1.8778880476407056,7.431618229163362,162
Beket,1.986153856462425,10.262185074989906,57
Avlamè,2.1336333067511917,7.107424984399068,3049
Location #15100,2.483717852723417,10.940377469930667,44
Malanville,3.120008062409046,11.526954913938253,95
Tchaourou,2.3160424423530404,9.224783083825947,121
Dogbo,1.6938418439578546,6.723681473934969,139
Lokossa,1.6400090281652064,6.700212832542864,296
Tori-Bossito,2.1409383993505187,6.5521350696885,59
Tori-Bossito,2.151756020538642,6.570406428229747,44
Location #13134,3.009815177855903,10.46637202435259,54
Malanville,3.21665531243285,11.676816412399939,41
Kouandé,1.9424226308184895,10.682225107956738,49
Location #8132,1.740693192110125,9.966237450175216,106
Manta,1.1381281701259542,10.378989019269598,26
Cotiakou,1.2891298337352928,10.61471152637622,144
Piami,3.62362605584776,10.948041948934854,62
Kassiassa,2.1686172363301135,6.868640696766796,93
Massé,2.5703164191231114,7.1582276819178094,129
Atchannou,1.7302134267525167,6.563653152521709,765
Location #11313,1.4171795933814855,9.859581274622764,67
Kokey,2.532348813410734,11.39120653371414,57
Location #7321,2.0912104983038,6.460809921606315,121
Location #10184,1.0764077603894935,10.581916940103183,77
Location #10854,1.0555233127107984,10.437684076591264,72
Avlékété,2.206427495160163,6.344815144981868,183
Damè-Centre,2.275016166452942,6.793626887907676,2335
Location #3108,0.8728500969233302,10.50045813438534,353
Location #9784,0.9905078231518978,10.946202323986387,82
Location #5076,2.164925188445707,11.175812448832174,193
Ouenou,3.540699551167987,9.923785474988811,433
Malanville,3.475395680214299,11.54479899484487,139
Village de Detekpa Adjinangon,2.202468609862417,7.262951845334712,88
Parakou,2.5618508056776035,9.447554207748876,44
Kossia,2.4365657913139693,10.268859024432254,111
Koutakroukou,3.1039808016841173,11.024874598157151,497
Location #3231,1.523251004352158,9.773739823988917,338
Sinkparou,2.8963757086939728,11.154592385280772,75
Founougo,2.60602592953772,11.489958602903965,59
Location #8482,1.7172504996166327,9.540429937230115,101
Location #3361,2.9046150177017176,10.829187406933444,320
Location #2841,2.1545313820317347,7.472218624017242,397
Tchaourou,3.0231799046770886,9.334787939039824,57
Tchaourou,2.3700872631366323,9.104141764229311,39
Ahomey-Domey-Zounmey,2.40568687770934,6.541326400175993,4214
Location #7537,2.3256051991209232,6.7524842850986,116
Sakété,2.6056590519815988,6.681711437758937,2206
Goumori,2.3069758542160286,11.201544233682952,314
Dan,2.1114666789847374,7.306288831682927,64
Kalalé,3.580368491650339,10.608119292028434,23
Gogounou,2.858883622440583,10.918229559434842,510
Location #15160,2.770661833614659,10.668075833735502,44
Agadjaligbo,2.1204109123087163,6.9775337939313955,188
Kokey,2.5898173212688036,11.35587886207142,70
Banikoara,2.5196735657876648,11.247272003589968,28
Attan Idjé,2.649016640997791,6.9416690426873,624
Toura,3.097604862498735,12.16165227518918,80
Kalalé,3.4646846176538744,10.165865107591296,72
Location #13097,2.39768296618924,7.927377452667275,54
Kétou,2.66661418595599,7.238636774515847,905
Kalalé,3.0923773897386972,10.131860741081574,39
Pobè,2.6627606234407417,7.089346750745201,52
Kétou,2.539484596433707,7.391725294375379,152
Ouenou,3.439428420253116,9.977029541449099,70
Location #14423,1.1665935199008484,10.146052451300173,49
Honta Madjiya,2.5649733844958966,6.950922414910775,157
Location #4624,0.9303749192221309,10.841209640487923,214
OUNREA,3.030887053607125,9.912133999576481,124
Savè,2.487638582142901,8.098000185237842,129
Location #7863,1.643446235037535,9.945453636016017,111
Ouèssè,2.352495471195066,8.495095087075436,4480
Dassa-Zoumé,2.2498009092729885,7.543778859238432,82
Location #2104,0.8527479221237761,10.603623583075581,554
Sakété,2.6575994062231856,6.823115979968673,57
Location #1337,2.7183844198010005,10.943133554867366,920
Pédé,2.940011338966898,11.213909462195398,160
Location #16125,2.384963572074791,6.7846858533850565,36
Location #9370,2.5513418183343797,6.644589880206096,88
Ifangni,2.7343723077749655,6.577616132255014,6580
Location #6713,0.8232110531887104,10.438130834852199,134
Tchaourou,2.459694418271106,8.81374981799958,36
Ganoussirou,2.4958502690365973,11.353134132215196,224
Nikki,3.4374350558677422,10.07508976422077,52
Location #15727,2.628057486592119,11.217707473446382,41
Pobè,2.6862728849517876,7.137053377260815,64
Agonkanmè,2.018049713083406,6.389230397173244,139
Tori-Bossito,2.0957120186282268,6.597568356958621,191
Gorobani,2.0235900157656004,9.446122208793966,41
Anandana,1.4286225928878322,9.917964143148678,320
Location #8294,2.7463875008454552,11.401299373811149,103
Location #7662,1.705178791196585,9.97847509343168,113
Tchaourou,2.5640036141947458,9.145494383528513,59
Biguina 1,1.6472413989595711,8.777019064259735,5669
Birni-Lafia,3.2283982597407945,11.979963552420289,67
Malanville,3.21125315280123,11.45573458227256,41
Ouaké,1.3831819788065478,9.733320934709642,278
Location #7117,1.3435941880275348,10.00060234816591,124
Location #14289,2.474829264258022,11.125731978172414,49
Location #6175,2.2021109995986996,7.412692218078904,149
Location #10799,1.8871708099748994,9.693812705875416,72
Alfa-Kpara,1.753849063091209,9.62500229940315,657
Hio Houta,2.2390857986945143,6.351158303288795,41
Kabagbèdè,3.0741260623055533,11.341076397822379,49
Cobli,1.0059526721817447,10.4344543808654,93
Minantinkpon,2.1039623978925057,6.390831950598195,52
Dabou,2.758893388574004,10.210451859465008,41
Porga,1.0562168636698634,10.939061072999815,75
Saah,2.995087414938451,11.16685360911055,222
Location #6350,1.2431395575400448,10.501008322959978,144
Tanguieta,1.2284607291952723,10.699091751285101,379
Kandi,3.016833602178906,10.997996481648403,62
Location #5546,0.9353087579185252,10.534917375025245,173
Toffo,2.063232840826642,6.7846811282301145,64
Tchaourou,3.1358936638984374,9.287642067888042,72
Location #16879,2.4069792095446463,10.919560511598489,26
Didi,2.222286082407679,10.305839450865705,905
Golo-Djigbé,2.2805777644194056,6.537168872663747,227
Location #16523,1.4594979126774292,10.715035513211078,34
Location #11468,2.7679263557630542,10.94077954140948,67
Tori-Bossito,2.0541796617351573,6.5474270927246705,137
Datori,0.9092606813940332,10.371345636797324,52
Location #9176,2.047118238957374,6.431593411703223,88
Kalalé,3.3028981919531555,10.41545661923294,26
Djougou,1.680079739694786,9.777214612061249,49
Sakété,2.728430802407609,6.775262097959558,80
Boukombé,1.0742862765234364,10.189571626703087,103
Location #5080,1.6166659116561017,6.771634547015666,193
Banikoara,2.5168829583295698,11.20845802216712,57
Koukoua,1.1037999462041912,10.247242123904323,62
Awonou,2.5454903906942823,6.766374395835363,121
Dédomè,2.032714571100346,6.5503927377545,67
Houédamè,2.5528148510673327,6.936467283402087,250
Ouèssè,2.428079673496679,8.504720487104246,64
Savalou,1.7222266901127976,7.613991662469055,129
Toucountouna,1.3323251859187746,10.447246960003335,90
Kalalé,3.7910427168138003,10.492311783710827,15
Houéyogbé,1.923941828620707,6.508877195237786,456
Location #5101,2.111044570152094,7.445346647910191,193
Location #12851,2.2768918925409953,7.123661079264128,57
Banikoara,2.5707407943345166,11.268716654200388,46
Kouandé,1.8261757648659265,10.205240300640662,54
Ouaké,1.4781974563088305,9.510294352639455,41
Zangnanado,2.3939155054578087,7.291012896461563,44
Gnanro,2.439127345326804,10.348054665095338,75
Houédamè,2.5506663899129856,6.933193615755754,369
Oko-Akaré,2.671963183784311,6.934005991217458,59
Location #16631,2.631635518820047,11.006085401140929,31
Sèmèrè I,1.425095140498838,9.584073197264264,75
GONGONNA,3.4912003327393277,9.91348262230208,59
Kalalé,3.257140253627788,10.309789010515528,415
Location #3263,2.3764196316148474,10.975754983143494,332
Barei,1.4469862650153447,9.639213820202567,155
Location #14373,1.7158446057276162,9.975406401337324,49
Dassa-Zoumé,2.1182883694623458,7.672658571823176,80
Location #1547,1.8193069392735617,7.5296679044389725,789
Kongou,2.934873198217493,11.208079078139438,57
Sè,1.8131131300090808,6.489860259104722,193
Tchaourou,2.904315762038134,9.293743889960007,39
Location #7307,2.6097001045236152,7.069803478853559,121
Thio,2.314052569992624,8.08793955949217,72
Tchaourou,2.934880414058498,9.147156405219926,103
Location #13969,2.6150102417307144,11.178278496740866,52
Agouna,1.770787023190491,7.540970999721865,420
Location #10812,2.6878219519773734,11.396051371805811,72
Ouara,2.6905790110072956,10.66479114748578,260
Tanta,2.2241103345416025,6.678333816085544,75
Tanguieta,1.2813634074729012,10.659059513288257,137
Kerou Bagou,2.706376236157663,10.756137844898285,116
Location #6988,3.0467275146655246,10.29947374421223,126
Location #5768,1.41286280404057,10.652974733865396,165
Tchaourou,2.8194321944693663,9.281714157780456,106
Sombouan,2.690929220739387,10.52917923040066,101
Gbètin,3.650921825804029,10.695680121374833,36
Kalalé,3.575160781794936,10.398832424250886,1113
Location #13038,2.503412318265128,11.18477899985264,57
Location #14914,2.280572434334616,6.758065609802149,46
Location #5944,1.8998699998276332,8.294920284229015,157
Kouandé,1.488379575876782,10.04959484580456,307
Boukombé,1.1338997410412708,10.17467570919335,95
Location #13549,1.6254365714337409,9.868526953372028,54
KINTA,3.0363831455581547,10.04781589482919,106
Lobogo,1.8554597989357884,6.660018019466306,59
Kompanti,3.036610937110996,12.17597766274476,621
Location #3328,2.0225939838064946,6.395306696949775,322
Fouet,3.173723794291245,11.292483007111619,57
Tohozingon,2.0869322151579888,7.389699739032284,106
Location #11646,2.659902212082293,11.45503264974589,64
Ita-Ègbèbi,2.705581324017251,6.9315401045469835,103
Boukombé,1.0424071274816538,10.23219794822303,59
Location #16956,2.1115889574542894,11.073772374134549,26
Location #7718,2.0954741466200377,6.780153471701441,113
Location #16983,2.3005128018195453,6.8847971722351256,23
Natitingou,1.414859476610276,10.422977178619217,59
Dogbo,1.7249163970175407,6.760580430459655,1193
Materi,1.0717757878195435,10.673591406495694,70
Bambaga,2.492836991848731,11.526516278424277,281
Location #4220,2.330999879451338,6.72083684707222,240
Azowlissè,2.5074571702531276,6.675577754407531,526
Adjagouémègon,2.0444304163628937,7.446288470703568,77
Ouara,2.638002121929736,10.600506238539623,85
Ouaké,1.3998156945846398,9.478149882996226,129
Tabota,1.027370525453782,10.37458837070416,80
Ouidah,2.079575265675071,6.405307735477603,178
Location #11802,1.3971069140920858,9.863549629664712,64
Gougnirou,2.431505745226624,11.42600897306233,848
Location #2984,2.413868489344289,6.947786895707509,374
Tchaourou,2.9905621159366556,9.324904814616918,317
Kétou,2.6383486585996048,7.24151808066164,309
Allada,2.194421052091485,6.6571554855333925,85
Cobli,1.0827772983745214,10.48290851222621,44
Sompérekou,2.4899066423989686,11.335424607432637,271
Bohicon,2.1809026754155263,7.18223895304147,1253
Fafa,3.0001128317869,11.269498611402867,98
Location #12351,2.9848958215534203,9.365618994556156,59
Boukombé,1.0303790288673227,10.198913689735617,57
Kalalé,3.2049293610441154,10.381946890191427,474
Pobè,2.661308552537945,7.058129002798612,59
Djidja,1.8668660409537903,7.379006404680047,52
Pobè,2.696402498194221,6.939405235940838,93
Lobogo,1.90156250452053,6.693094850756973,90
Kalalé,3.2486764175548393,10.072982712975444,93
Bembéréké,2.7052742381058166,10.254455271855461,70
Location #6455,1.694779706359944,9.253755873988512,142
Kouandé,1.9873590726006078,10.818627687988426,44
Location #11390,2.598603744443851,11.269889825453125,67
Mélan,1.726818581026339,9.266200119825426,26
Founougo,2.520695407057658,11.472330918061669,72
Location #16278,2.5728545025697143,11.338037506904113,36
Touranyannou,2.3550732380105743,11.42612661030659,70
Gbanbanga,2.295721232041437,11.148977460021177,1258
Cotiakou,1.2918331479314127,10.581457253042307,222
Location #11006,1.8530313794971018,9.628627678923378,70
Location #5283,1.4014499529408582,9.880606524013112,183
Location #7736,2.4148774346124062,6.83962959724364,113
Location #10686,1.3408704564131702,10.13637396217257,72
Ouinhi,2.485785672913025,7.1002376067780055,67
Tchaourou,2.4775016728305888,9.401103566610052,1064
Gobé,2.469481715477192,7.952521151472198,31
Touko,2.808963174171058,11.06878630728439,67
Aklampa,2.082888779264145,8.26362209701405,52
Allada,2.0603256675743955,6.659699831577177,64
Sakété,2.7006039507776447,6.844018478744761,67
Koutala,2.904625065153793,11.292798144935135,75
Ouaké,1.4635621734630562,9.684447401220524,129
Houéyogbé,1.8703907050232,6.5000566049453,144
Location #14800,1.9564895695546303,10.31438798438801,46
Agbangnizoun,1.9749138138675004,7.009892581359186,1039
KORA SEKO KPAROU,3.4418018976641833,9.946631990064779,121
Lobogo,1.9224712533723929,6.66671348769534,54
Touranyannou,2.361753344086116,11.428316370094453,52
Dunkassa,3.103223458134447,10.351136866079035,82
Toumé,2.4578881483362913,10.086019957019953,1054
Houéyogbé,1.8905316443094393,6.534526433558193,111
Houédamè,2.5207715405615123,6.946969649082154,52
Anandana,1.4108305019773706,9.930393819497324,116
Goumori,2.213552263172363,11.147978410785846,52
Djidja,1.9542232465650538,7.407165495203879,178
Kouandé,1.5739378053707245,10.152489809095918,64
Yarra,2.4656974882706835,10.499737767489009,134
Nikki,3.337461217856075,10.046936918405708,278
Za-Kpota,2.2258197961707085,7.217149042371531,52
Founougo,2.571292528436124,11.469644582633508,124
Birni-Lafia,3.2402764173923266,11.96586601509946,52
Tabota,1.0293333476591315,10.402898965183741,57
Tanwé-Hèssou,2.1009561932660143,7.045620289858169,1168
Location #7540,1.051162842517403,10.660408078336031,116
Dunkassa,3.1559289488778357,10.270968446318378,2441
Kokiborou,2.369821233596457,11.233034168715966,122
Igbo Ougouchi,2.499928638355103,6.9322576630906205,108
Tchaourou,2.7695754657568497,9.17149754472106,49
Location #6179,2.095958184595304,10.77303712589712,149
Kalalé,3.32988301517343,10.152362492234968,353
Tanta,2.1804683484908844,6.669336881829744,75
Korontière,0.9650737692037059,10.28379207067022,126
Location #16172,2.4422505563685935,11.087634210753327,36
Ouara,2.7288067993385496,10.642504438367288,67
Location #15899,2.816322939452386,10.649140268801185,39
Location #14504,0.9471371659740488,10.36806991732919,49
Zinkanme,1.97250727665121,7.294846348061156,44
Djougou,1.8001042671855887,9.707533346504063,49
Location #5195,0.8219472425969157,10.350656758447741,188
Tayakou,1.1913848634246191,10.495663298518227,508
Gougnirou,2.438218691530822,11.469041788107718,36
GNONHO,2.954459546957116,10.058547437051075,41
Sissou,2.4920665827212582,11.609739172444291,273
GNEL DJAOUGA,3.3772437605302565,10.076931164723792,799
Location #3280,2.7563993685257837,7.254299740543745,330
Location #12824,2.589309221286219,6.847202295471427,57
Kouandé,1.762144120864408,9.994008613024612,134
Dassa-Zoumé,2.1026369876193307,7.788723854892612,219
Savalou,1.8728253188799946,7.820001930594784,59
Location #15997,3.5415518495391716,11.216252451119274,39
Ouèssè,2.754658197799833,8.506268180358855,90
Nikki,3.427692229894438,10.068217444775518,101
Karawi,3.353959436306758,10.669182036698842,147
Tchaourou,2.3447030022995548,8.831795598207725,95
Sakété,2.672619892554355,6.800682041466082,46
Ouaké,1.4339857918746597,9.65545246816017,59
Kalalé,3.1496568923466723,10.035182950976736,134
Location #5288,1.4007822808464303,10.447978282146993,183
Pobè,2.67115627088103,7.144886077554838,224
Angaradébou,3.2671305562016246,11.334625046327746,162
Gorou-Béri,3.1688153774665966,12.093234502131434,2679
Kouandé,1.5720616382129768,10.043577207962993,57
Agbangnizoun,1.9499571983147375,7.095760549535982,706
Location #16321,1.4522526530987254,9.284329073470978,36
Location #11771,1.1504436137357754,10.20852248683274,64
Ita-Djebou,2.6649697470327935,6.842739521396457,469
Location #12515,2.604029249980003,7.074163720176928,59
Laïnta,2.3458543846843307,7.168443679779038,2675
Kandi-Fô-Gah,2.9458043107429344,11.107277618236887,49
Location #15525,2.052415780499936,6.375452500338138,41
Tabota,1.030855847467485,10.387126295113273,237
Powaï,1.3485620796135063,9.563892649215024,204
Kangnarou,2.56557897952495,11.649442106222567,70
Oké-Odo,2.583868314159488,6.974703488869897,52
Location #12216,2.645303534417012,7.9035356465378195,62
Sakété,2.6680993876296366,6.675927335339576,242
Pélébina,1.6507745350397118,9.470668632848042,113
Boukombé,1.043352787988681,10.220466886064827,229
Dérassi,3.2837152415666115,10.144548466082776,510
Agbangnizoun,1.957548311318698,7.051652262099212,2951
Sakété,2.6689515205375365,6.641158922500807,361
Dogbo,1.821704201421318,6.80100937831388,108
Tantéga,1.0041435965320944,10.827086452740142,472
Location #14076,2.0988742597563754,10.773958341846503,49
Tchaourou,2.4236798491969327,9.11643135615391,119
Dan,2.110900931426308,7.354957244432872,41
Kalalé,3.4830775277180592,10.38825716059685,428
Kétou,2.5733178331820112,7.645782882553498,111
Location #13475,1.0584350034927013,10.633375091535592,54
Moka,2.6522183637096015,8.029331829678117,214
Mamatchoke,1.9679114452578137,8.204860296425174,124
Location #8009,1.0554920188046222,10.498190047787862,108
Awonou,2.5596386533338746,6.774992161992357,70
Location #9552,2.6285149261571816,11.46137420379294,85
Location #798,2.3498054675219224,6.739855564856768,1549
Kodé,2.4323696974526965,6.7678020912264145,204
Torioh,3.0624492993096353,12.162342069041035,1150
Lokossa,1.613911698018004,6.704429547525039,88
Location #10047,0.9189223268160372,10.926756831674531,80
Partago,1.9247877841614838,9.501831050323108,987
Lokossa,1.619661121528937,6.694592791379448,2420
DAROUKPAROU,3.055103355000234,9.847484191756516,147
CHEIN TASSO,3.2459689803880316,9.754193446922637,196
Wassa,1.634537158879213,9.529429598091534,142
Location #11403,1.034209720853047,10.244852166911576,67
Location #11449,1.030771274895624,10.583629667661935,67
Kokiborou,2.3785120902460046,11.158577113900112,46
Kétou,2.6880605444333,7.484116214473635,196
Location #12940,2.5202593856628117,7.717651181034757,57
Boukombé,1.0760823487508273,10.254915231488114,62
Location #3785,2.0760011424945484,7.460323411063253,278
Location #6284,1.097138436023458,10.612645454468211,147
Kalalé,3.2294486987501396,10.098349966119864,108
Dassa-Zoumé,2.3129997355754286,7.619496776354005,131
Dassa-Zoumé,2.3581957020924893,7.587683492316281,217
Sakété,2.7077315192528584,6.865127730106529,356
Ajentemei,1.7010655916036652,6.80712097692379,151
Lokossa,1.6695749920188563,6.611686094616144,2461
Tasso,3.32603697687949,9.699455829187901,101
Dan,2.0780046186974146,7.33662083930674,119
Location #8885,2.0776902606103547,8.147725169699488,93
Location #14062,2.385789102966705,6.805052059702788,52
Dédomè,2.0498462325287776,6.519535026271276,291
Djougou,1.5658024931493915,9.735608527150617,59
Location #10752,0.9496245969679176,10.349414013113547,72
Lokossa,1.8107600888907325,6.696630018080015,198
Location #3859,1.8118116809050775,9.492352914481376,271
Founougo,2.5181514629955046,11.468388627127453,175
Ouèssè,2.66871270434466,8.473528047826116,54
Namoutiaga,0.9816762139256809,10.42599603281696,82
Pobè,2.6139175630304616,7.044430084961132,77
Tchaourou,2.540580299967479,9.234209318556488,44
Kouandé,1.685426031109882,10.04607584211826,44
Location #3968,0.8267612552706519,10.53160099298068,260
Banikoara,2.586349084306375,11.327721442236184,131
Dassa-Zoumé,2.262489062684972,7.73354753837589,255
Location #8927,0.9159867443381527,10.63601844885134,93
Bopa,1.9806675190626613,6.740958500936934,155
Kandi-Fô-Gah,3.021875293576771,10.962708113044663,26
Location #548,1.023992600936599,10.928167791414504,2245
Location #6051,0.9394746660495354,10.349819051777581,155
Location #6101,2.5721770658137233,6.61351272403947,152
Location #12465,1.4541911395969833,10.554002755366804,59
Ouidah,2.1053245332766144,6.376303164649974,273
Location #4388,2.0010454632779067,6.959201608508878,229
Tchaourou,3.1069402015777903,9.179862419048742,116
Gbéré,2.578599963083934,8.037291288757292,289
Location #12296,1.1798608550164775,10.207405866156181,59
Kandi,2.915963654145083,11.187015625901262,80
Natitingou,1.3421661668215086,10.405686471754903,351
Kalalé,3.1300749027877512,10.305779328576554,353
Location #17064,2.201839770349573,11.087021423126803,21
Location #16792,2.6065780114316692,11.21256513592856,28
Location #4888,3.0771591364780866,12.177280223811222,201
Location #6356,2.4141335616305732,6.95919638661331,144
Location #7988,2.8121745401001617,10.965954882422098,108
Igbo Ougouchi,2.494104824262636,6.929369927982692,289
Founougo,2.545313419020801,11.466615829980322,80
Banikoara,2.4144291311712713,11.458293927089837,59
Kétou,2.542855721606471,7.2424997258163835,82
Dassa-Zoumé,2.352466277348645,7.462067125848602,75
Tori-Bossito,2.1028329958759713,6.5033914311355066,536
Location #5227,1.8675969333685494,9.614649086696476,186
Location #1134,2.460358068609788,6.985095023318506,1098
Dogbo,1.8135907027637168,6.8307025846523315,101
Kouandé,1.805399126727314,10.591333005262928,49
Ayélawadjè,2.5569192746649967,6.9026273585021904,763
Kandérou,2.4705367311860806,11.569592018127278,106
Location #4499,0.9090155883655471,10.723341269052414,222
Dogbo,1.6884780247794493,6.737254545658238,588
Location #13851,2.6655168460377503,11.469045689719264,52
Location #670,2.0000432121541185,9.734202614558852,1851
Location #17179,3.290701125305525,11.21020710959139,13
Marégourou,2.456176017413674,9.858506674573215,70
Sakété,2.6688865224621416,6.7618589361575445,72
Mongo,2.8961212235951685,11.149562947514621,72
Tchaourou,2.942494641704303,9.23154504137108,36
Boukombé,1.0889629050266845,10.188695683816706,113
Gbéhoué,1.8855737291614862,6.364811622776088,131
Ounet,2.4001901260775838,11.209911904629333,59
Founougo,2.617269958831611,11.543804729305148,39
Allada,2.0764842051970893,6.642084566858324,93
Dassarou,2.930281216673047,10.037787138968314,39
Location #13971,2.1641898939619155,11.209092644972513,52
Sé,2.106716655684558,6.736666108868222,52
Location #11921,2.611685713292249,11.347994314723051,62
Location #14215,0.9265517076804148,10.579400442704099,49
Samanga,2.439865682792647,11.244234956628073,49
Toffo,2.065135424043947,6.8202588504570105,250
Za-Gohoumé,2.243608282204933,7.185792261420365,103
YAO,3.0286091039373506,10.060118452280719,134
Tchaourou,2.5259433350060547,8.850016377466726,178
Nikki,3.3370888490827,10.039308973564372,64
Tindji,2.097664319628698,7.241910842324822,464
Dogbo,1.7973919954080386,6.835860771378567,284
Obèkè-Ouèrè,2.5906636927941893,6.955832032459881,67
Sori,2.76142889508376,10.678924860696432,59
Location #525,2.0810140776408383,6.787229820900751,2330
Kabo,3.0719482667003972,9.18123896035034,31
KPARISSEROU,3.1539755978685613,9.939036200339164,106
Location #9923,2.5888446633924334,11.538632354985728,80
Location #3045,0.9072368458497564,10.538054787761398,363
Koukoua,1.0793532485347226,10.242947980885452,49
Location #4294,2.204454275754916,7.992611101097794,235
Location #6904,1.7475116062355238,7.504572291179856,129
Ouèssè,2.4590489167718674,8.738522710075026,49
Dogbo,1.7274233640170398,6.798396561265335,436
WONKO,3.2886375353297304,9.961349804799317,80
Ouara,2.6954754574585884,10.619058108808012,57
Parakou,2.584227329769822,9.287929974760026,70
Atchakpa,2.3770820942807203,8.07354450343479,152
Nikki,3.266971727575706,9.983544852754425,402
Coussi,2.122884039610693,6.850534207785299,763
Tchaourou,2.136105512777183,9.284127313486042,23
Ouokon,2.481884671291686,7.094248241714392,85
Koussoukpa,2.2837037141084773,7.086544816394994,101
Ayélawadjè,2.5773668713785023,6.9283149139958375,379
Bouyankparou,3.00324011736977,9.433512272379229,57
Location #16980,2.4253736292571864,10.783644831999355,23
Ahouango,2.0050274016229976,6.614072549931494,28
Location #11422,2.844313163864753,11.026388269059092,67
Kalalé,3.2515946264732127,10.09049613579228,546
Siliko,2.5412458136166616,6.803561160028033,90
Taba,1.6466719500160332,9.312916935392982,52
Natitingou,1.3011719167140354,10.175663205053391,57
Houègbo,2.228840460576135,6.773032197376219,724
Location #15738,2.580669389049839,10.621065947680338,41
Bopa,2.010717197461606,6.647991776194213,139
Location #15975,2.271246923773065,11.093070727785559,39
KALA 1,3.2777374315138563,9.721982548045537,134
Pobè,2.661347136242512,7.095780000878629,39
Djidja,2.00012321955912,7.337434531436306,85
Dassa-Zoumé,2.3959106559433505,7.721123323265982,80
Ouèssè,2.594724152848201,8.62151466598647,670
Guessou-Sud,2.586202656273394,10.089556064597746,28
Tchaourou,2.9797285597779264,9.194273698059932,57
GNONHO,2.949738842484923,10.027956256257989,286
Kokourogou,2.198875605259523,11.281201262092079,157
Sobourarou,1.9974613970136847,10.375414396839716,64
Sanson,2.437242625912193,9.294559536656143,85
Tchimbéri,1.4340763511992771,9.316524670357449,59
Dogbo,1.8195133093651081,6.796797175795901,147
Savalou,1.9007916543803602,7.671767369530971,214
Vidjinnavô,2.516723348929552,6.927993506529411,116
Kouandé,1.572247050054271,10.086208178560158,59
Kalalé,3.1773720992508494,10.33924172397247,52
Attan Idjé,2.6485546499907846,6.934291261164666,77
Location #2968,1.4144738492516806,10.610249481386552,376
Location #17195,2.1626105809908527,10.693620184805768,10
Tchaourou,2.426425149537803,9.1283902572303,41
Location #11410,1.8323833133919243,9.259144863288663,67
Natitingou,1.370208937828797,10.238368925466371,126
Sègbohouè,1.9687913606746625,6.3945168273397694,227
Location #1766,1.6962460858346804,7.635401651665721,680
Kalalé,3.234526288257933,10.351050283870542,64
Parakou,2.6652363579587988,9.287337019360837,59
Ichaagba Adoundoun,2.6228027643406784,7.13534993141252,95
Location #11417,3.069602069496541,12.185000520623488,67
Tchaourou,3.1469841730922425,9.304916573245494,67
Location #3060,2.6355311652300224,8.074441164546487,361
Seko-Kparou,2.4141789082533056,10.391184574428834,80
Location #15861,1.7109111710928364,9.99102353949948,39
Natitingou,1.3475603834284664,10.21101631770878,80
Ifangni,2.710741479287829,6.553359213386297,876
Malanville,3.3206522296945242,11.834108920765658,209
Tayakou,1.1965455983788233,10.502345084039664,492
Ouara,2.683243862432984,10.667219722398176,49
Bopa,1.8616148812392472,6.7232866779572955,57
Kokey,2.5901078842144236,11.36214996922683,49
Kandi,2.793513471502976,11.201731011583755,101
Dogué,1.9898367781536372,9.112272112684487,46
Savalou,1.6782057004614281,7.59372253516842,740
Location #10674,2.2144898068460956,7.14587298099815,72
Dogué,1.9532411169164325,9.080578224554044,52
Nalouhou 1,1.6294274821116284,9.735398022235472,191
Location #15671,2.723012712075443,10.97854557063698,41
Komiguea,2.585793424925467,9.470648020414542,260
Kétou,2.5719266392746847,7.629091349278467,64
Location #2101,2.561376067064472,6.50728398073043,554
Daagbé,2.718018741328036,6.59347691938143,57
Location #10857,1.3319846265359554,10.04309858926015,72
Kikélé-Logba,1.8734155114898745,9.078788921016704,567
Kassèhlo,2.0170178818486244,7.3747922694923895,103
Songorogougou,2.381643845398994,11.274290858350405,175
Tchaourou,2.9014885459512976,9.294028447622177,46
Tchaourou,2.434692418579925,9.356475542374916,129
Kofounon,3.082539941784354,12.006708220450319,541
Malanville,3.254256124928041,11.831238359937828,680
Djègbamè,1.9710589623248276,6.333401583161013,307
Houyin-Sègbèya,2.364586723684507,8.153920222278915,147
Goungbè,3.715714254042002,10.671515004865482,41
Location #8837,2.733636146229826,11.345003118745362,93
Marékpo,2.0023522460300405,10.876454818455942,39
Sèmèrè I,1.4127231002598941,9.583029328466447,52
Natitingou,1.2940929144052393,10.39254844743509,41
Houéyogbé,1.8826640309679403,6.458747358413572,477
Location #11767,2.725380991658532,10.905908278370015,64
Yossinandé,2.4942497401059205,11.399003941602118,77
Location #10922,2.7576414461465384,10.680069187942367,72
Location #16923,2.1380085352536478,11.183520635455364,26
Location #7803,1.4809058284295973,9.963340246776962,111
Bopa,1.9550510271791044,6.63590752201798,106
Location #6114,2.6782699534285834,6.851274802822591,152
Location #8545,2.2274469640814947,7.448878214276309,98
Savalou,1.686261132876361,8.037124794013538,402
Vèkky,2.4139663847835773,6.475520086772229,27800
Djondji,2.0431218421037873,6.3151814654837475,80
Natitingou,1.2731079946956552,10.28891130027529,113
Houéyogbé,1.8791376942540043,6.589524330210539,57
Pedarou,2.706627245862466,10.308976472733915,2235
Kalalé,3.6805800082179156,10.490771764923341,124
Tanta,2.2480743911700225,6.7013969153700845,196
Coussi,2.1489024836122717,6.852532530026659,454
Location #2494,1.6979235123710368,6.569344860900601,461
Gah Doti,2.602837472011891,8.05502764861879,54
Location #8413,2.2577681280058646,6.777874365952489,101
Location #5599,1.6923883940975482,8.839578194009752,170
Location #16826,1.7866750958498199,9.947283559748973,28
Kalalé,3.1127259582182045,10.186060941166977,126
Kouandé,1.7615784431306525,10.386510067461026,56
Saonzi,3.596213540415652,10.708296421882725,54
Kadiri Kparou,2.738477502259915,9.479741276682097,44
Location #7157,2.153704096368215,6.7705910107438445,124
Yingnimpogou,2.425856107012666,11.545329570465254,90
Sêdéssa,2.1805864544955473,6.8391949462762405,62
Houéyogbé,1.8299668822915969,6.640591723098056,358
Kouandé,1.6630943549889736,9.972423836338956,98
Sinawongourou,2.7680376803634688,11.125451148541364,503
Location #15123,1.994478844283537,10.409062979313804,44
Savalou,1.962229493198098,7.811108828399966,57
Yinwonnou,2.535974361830709,6.8105419063774075,75
Location #3845,2.2281005734192765,7.527279296432909,273
Awonou,2.5549311128911176,6.772615092312684,201
GNANNOUBERE,3.1221621779956252,9.85703965296509,198
Ifangni,2.7827424435881065,6.698378390029456,490
Gounarou,2.833107213515943,10.874020060119584,124
Keroukpogo,2.6447774448602996,10.085530412086385,178
Location #12333,2.561235796538699,9.629589705449238,59
Savalou,1.8422736649104767,7.707215838323462,139
Ouenou,3.5838439031330735,10.003346065825962,103
Location #9013,1.099009290619867,10.621627768184032,90
Tanguieta,1.2748510644502873,10.676710960232727,36
Location #5764,2.062408827306327,6.489453543425265,165
unknown hamlet,1.7632918638122548,9.253156973581865,36
Location #3063,1.035868762220822,10.555348158061694,361
Wassa,1.5878986113519051,9.448273493133511,149
Ouèssè,2.4520485379159656,8.481758696181995,23
Abou Koto,2.9346082540441953,11.194074194262363,116
Abeokouta,2.468509981977687,6.799434673964867,90
Location #2274,2.185395108754044,11.334392290283922,513
Location #15756,1.2600135730580078,10.157854093076768,41
Banikani,3.118824076516241,12.12724425325616,549
Natitingou,1.359892576356645,10.243465908756216,28
Dogbo,1.7084566577343867,6.76928646446123,240
Banyanin Gando,2.4784748448750924,11.41250190318488,165
Location #6743,1.8628806061451921,9.723341721783456,134
Pobè,2.696369200267547,7.109935467034479,52
Lobogo,1.8742345379965204,6.687293003204731,137
Ita-Aro,2.634388198564748,6.937159311924528,495
Tchaourou,3.040025366829551,9.196430263912005,325
Lobogo,1.9047499812653752,6.702909645345343,214
Location #3456,2.025439646300039,6.996142962341723,309
Lobogo,1.852607618543533,6.666350630172604,454
Tomi,1.4711001990976202,9.795587728495525,64
Location #5732,1.9516229173161372,9.785986778529633,165
Location #11019,1.056400361107602,10.594618150278952,70
Location #7667,2.2519362239029928,7.118103702863535,113
Nikki,3.295908620644603,10.002156259644845,75
Location #16266,2.459054498273219,10.938615791167104,36
Location #17036,2.6627094818123043,11.387832585111479,23
Location #12645,2.370257170521883,6.668245263099775,59
Location #10130,1.8123938843030136,9.89320982738511,77
Tchaourou,2.9049378886611454,9.12164345112732,57
Dogbo,1.7410061071937695,6.78734310393506,1979
Location #7082,2.0283001809372747,8.07603243585601,126
Location #7968,2.5732952326772787,10.713740496484862,108
Glazoué,2.275557067516392,7.973051440300054,291
Berou,2.744067894277212,10.252403590541519,461
Tori-Bossito,2.113511008594156,6.486632866801073,31
Guénélaga,3.4498045160258926,11.241939589464744,807
Location #16755,2.140354460366172,8.231539146545655,28
Location #9320,2.538871845378196,6.846352917474163,88
Location #10094,2.6254926776201972,11.52564562350017,77
Savalou,2.0275217554818092,7.890740400982919,64
Location #10898,2.1730189012758445,7.472511058076889,72
Sé,2.0684806420303103,6.720907229470878,95
Kalalé,3.1267715500589963,10.097240908931688,206
Hlagba-Zakpo,2.207220757507404,7.005017048371194,49
Boukombé,1.0673985904293286,10.215929154354836,201
SOUBO-GANDEROU,2.833310945485153,10.064872964234693,1253
Boukombé,1.0858328131655304,10.212703134914094,157
Nikki,3.248938318854134,9.830142937215966,278
Tori-Bossito,2.122121567391965,6.490969627705845,340
Gah-Winra,2.739874617993121,9.684055353582723,124
Agbangnizoun,2.0490776057185984,7.057160675365399,613
Kétou,2.5312648089515304,7.361285787619735,77
Ganoussirou,2.5055490337147273,11.397919929704361,549
Location #1797,2.1076564008448297,6.801310257058325,665
Tori-Bossito,2.120943934204612,6.530733384027897,134
Sakété,2.6334593186308264,6.80665293512147,616
Location #16865,2.0072708428333166,10.559681973423933,28
Dogbo,1.8286056386771021,6.770788708451644,258
Faranguédou,2.8855695680667552,11.194313729789291,134
Péhunco,2.047926213883884,10.287506376161234,31
Bensékou,3.2188307553588738,10.981404042409956,57
SAKO 1,3.2408430476181884,9.863171091398227,147
Location #3633,1.9065105180227748,7.421106102652085,291
Location #13752,2.187210423501771,7.476872498873974,52
Allada,2.207365456855069,6.770200221320392,103
Ouaké,1.4550889232965645,9.55948039088821,46
Dassa-Zoumé,2.3725318148820795,7.623966472196654,93
Houègbo,2.181370404704004,6.826723154401316,57
Kpadé,2.911061737591384,11.030895879642456,90
Banikoara,2.4508953674077287,11.247164615452753,23
WONKO,3.3186972479869086,9.96217468984733,544
Igbo-Assan,2.563144366309672,6.815758801000138,70
Location #17092,2.431421947058258,10.872572912847613,21
Andawèrè,3.015798045342031,11.266621635035136,54
Location #4752,2.04556664299002,7.278308195710641,209
Illosso-Saharo,2.588220080050669,6.758254080142233,330
Djougou,1.6590307897560221,9.815953842634505,72
Location #13865,1.984355841311795,10.373988107460518,52
Toumarou,2.3677723473028807,11.394372901795359,49
Kouandé,1.6138990296172175,10.146013869921477,124
Gourè Bogel,2.991408262631988,10.10013296659663,317
Houédamè,2.532258434916893,6.956114770735721,21
Allada,2.0365464817441445,6.712407509943572,162
Location #17120,2.3854237216906564,11.09879485215672,18
Location #15695,1.9552985251845072,9.963915646232156,41
Bounin,2.766176830156755,9.654524189397128,28
Banhoun-Kpo,2.660899159396966,9.696312657573388,95
Illosso-Saharo,2.5944884056062163,6.737605639533016,88
Konon,3.7111027464271564,10.83733453725512,67
Bouaïna,3.734015491373691,10.85741154186633,46
Location #13198,2.1849391300857826,6.993786329390087,54
Houédamè,2.5674443229164954,6.927942724456684,64
Boro,2.9411164622403185,10.35579683146516,902
Sè,1.8332036208703484,6.529963432385055,193
Savalou,1.9858618610151557,7.888560273047434,394
Sanni Djoulde N´Gando,3.3051646764321028,9.837424398610276,93
Location #15795,2.6258813562451695,11.359194229916017,39
Sanékou,3.0687105269578305,9.45763638790179,77
Nikki,3.46932512345567,10.068648543367644,39
Tchaourou,2.6816655478559905,8.859513503513442,95
Kouandé,1.652456130695723,9.979171381129529,52
Pobè,2.708071665421914,7.128508224837431,206
Location #5422,2.2560854195678886,6.739155961577556,178
Bopa,1.9399674645767422,6.564449690169908,920
Kalalé,3.0462011602670787,10.271966257727495,18
Iloutan,2.6415962109325704,6.920948766594939,67
Hlagba-Zakpo,2.214216409698603,6.993453599729096,1186
Houédamè,2.5566822660356348,6.930155194592239,126
BAANI,3.1292699433063533,10.000090670483825,113
Houéyogbé,1.8912583440009003,6.493526255448265,162
Ita-Ègbèbi,2.7225599069882183,6.919130911600052,691
Aglogbè,2.6964841438585676,6.460565632411188,54
Location #16904,1.8207654029958231,9.37048146031496,26
Bonhanrou,2.4705320238339747,11.367683383442019,1861
Fafa,3.0062574884517774,11.270770360451536,62
Yingnimpogou,2.4604459246444033,11.54247736927705,41
Kokey,2.5569698676502375,11.431187453104489,49
Tchaourou,2.482790203262952,9.36791004826252,134
Location #15496,2.887768706244679,10.689560794575236,41
Agbohougoton,2.0470723509629525,7.374157618052438,420
Location #14804,2.4963429681269615,10.450019613215527,46
Lobogo,1.944614208556876,6.665239925937562,175
Kouandé,1.56281376452955,9.96176172224101,157
Tchaourou,2.4935046874001805,9.077199023998904,110
Houègbo,2.15809553258023,6.811188215791433,1396
Location #11905,1.1790382744019927,10.197371144448027,64
Ouidah,2.1028513190775064,6.414207290668997,75
Sompérekou,2.51953193481155,11.257652186924442,36
Djidja,1.8889458944758566,7.396774631448343,162
Kétou,2.4448966431810564,7.439030544076469,186
Location #16035,2.4687916230577573,11.103076575681891,39
Kodé,2.472890479979474,6.744398104071763,64
Djougou,1.5000701456686854,9.718657640431344,80
Sé,2.121276506992613,6.743524258524343,647
Houédamè,2.540509602916479,6.947625783752385,701
Dagourou,3.0112506618001276,10.884133322650843,52
Komiguea,2.4936599154652357,9.57525717534773,39
Dassa-Zoumé,2.2434310779355817,7.622598842988038,70
Location #16588,1.8653611377181893,9.82419517418779,31
Diguidirou,3.18085480137852,9.57841465921458,113
Location #2575,1.8767045067521373,7.490513929669203,443
Location #5345,2.6723074676070238,11.413504194054632,180
Banamè,2.2996925044650363,7.460309247800426,67
Ifangni,2.7305126894871354,6.628354932101256,54
Kpabegou,1.5591118920566795,9.773456518956246,80
Goua,2.7824647094999624,9.97947383437339,57
Houéyogbé,1.8652399241562951,6.544550066528161,46
Za-Gohoumé,2.169487051712589,7.181068393599616,191
Sègbohouè,1.964747259764635,6.39095615026995,77
Setto,2.0588516806734827,7.515145614302251,36
Tori-Bossito,2.0604617784751187,6.493299727931541,271
Sakété,2.6379845356433713,6.822600817984085,64
Diepani,1.6406407903437064,9.093722421122871,124
Kouporgou,1.144716185028632,10.251270937554743,52
Location #1912,2.407970088487685,6.983667509934496,621
Location #14258,2.4910305472104,6.992587361351964,49
Location #15835,0.9553021517628272,10.272647994051988,39
Kofounon,2.580935168962474,11.612990462722069,188
Location #1786,2.4743705896633976,7.82895356722395,673
Location #2951,1.381473355216238,10.044843853679314,379
Location #15272,1.8779968426575657,10.143805245010036,44
Bakou Bè,3.4259426520023593,11.161440315742805,67
Location #11598,0.9622918586132154,10.780341591978486,64
Location #8584,1.7883949190773216,7.400429445741105,98
Location #1656,1.1184832086671808,10.701462060265694,727
Antéré,2.9698709701530843,11.335810622488893,70
Mouné,3.097155538410412,11.167272360356298,211
Kétou,2.7015402698845588,7.257050697113276,75
Tanta,2.2604706737832925,6.681194539515781,1655
Tchaourou,2.4049454650286672,9.34411588429054,52
Location #14655,2.770221914709714,10.641860889129283,46
Location #6922,2.3036702135700846,7.035255349100848,129
Sakété,2.6492687921836744,6.784160612337811,90
Location #9732,2.8180912668899585,11.030336623282725,82
Lokossa,1.8791413362966976,6.773676010778735,113
Bouratébé,2.6146599232494347,10.449555757582118,155
Bopa,1.8692345567008004,6.711340839693288,82
Location #2310,1.4765089809087089,10.66121640169346,503
Location #7649,0.947212446884956,10.60046907906871,113
Kouandé,1.8013308649537105,10.534935796599509,41
Grand-Popo,1.816792677211308,6.33344669408559,116
Ouèssè,2.1050451659639617,6.381046063426061,46
Za-Gohoumé,2.218083809672458,7.163999020934329,650
Kikélé-Logba,1.8406129713444983,9.068196726695112,302
Faka Faka,1.5938100627564384,9.56374742420653,57
Bopa,1.9443652217137306,6.5773590116058465,119
Atchannou,1.7531374655918082,6.531127547342932,72
Doh,1.9707591026554367,10.332024505671308,52
Singbègon,2.0517263843155527,7.393583394690293,52
Ouèssè,2.7375729192552063,8.693950483782103,59
Pobè,2.63227268783139,7.0694482079656265,44
Location #16802,2.9132222900896383,10.50569307784445,28
Location #14599,2.1970335742179317,11.125219191936916,46
Tchaourou,2.5000841065474964,9.427804440293837,106
Location #4681,2.0459567563584518,6.7429624929604195,211
Grand-Popo,1.7775456258900146,6.430656933419073,103
Boutou,1.5300799659216038,9.420991140818117,59
Sègbohouè,1.9856404537674082,6.441178122586263,144
Batran,2.3703488469767566,11.402058368664667,650
Location #9400,0.8933348828614469,10.555971377798654,85
Dipoli,0.9966221100880703,10.3653030693456,294
Location #4984,1.388308647668811,9.889778029245752,198
Location #16512,2.305077617587613,9.767843501363005,34
Location #6929,2.135118115694471,6.771207083874703,129
Kalalé,3.2661592581655485,10.1951221638184,1735
Houéyogbé,1.9195662312610855,6.505747558130956,116
Kalalé,3.165095966906491,10.184483720777122,1961
Pobè,2.6076759817681308,7.166496459358022,206
Toffo,2.0995665969833466,6.852479361805678,1224
Location #15134,2.6636472594146543,11.395264832309504,44
Location #9824,2.3621557188185256,11.090783332085534,82
Location #11025,2.867439175696486,9.633681954618291,70
Yoko,2.6324580835103277,6.723289379706353,95
Tayakou,1.1877668294990928,10.53840996338353,90
Tchaourou,2.7184217533089425,8.977023268204887,52
Location #15898,2.2069662662131155,11.123663988328301,39
Location #750,2.034867321912955,6.94647769538519,1668
OUNREA,2.9777534246189337,9.906252211149226,93
Manta,1.1009800962383876,10.373344276510458,106
Location #1093,1.9981421811946805,8.428208164991188,1142
Pobè,2.724617538477773,7.110786468086248,67
Akaradè,1.4318933285458455,9.369602263535969,62
Kinta,2.0006838690164996,7.072089066637448,80
Location #1217,2.750854281467605,11.404239949997052,1026
Kongou,2.905082257739297,11.215852961935415,72
Yossinandé,2.490359824697386,11.422237006984345,284
Sokotindji,3.4263953075322466,10.869017121200175,142
N'Dali,2.6361095634751295,9.848559785585385,39
Guessou-Sud,2.6735990838213493,10.035561450322465,62
Sonsoro,2.716368357191428,11.103698325194774,77
Beket,1.9936643010911963,10.263159346000927,149
Banikoara,2.4526565169839682,11.150254797898393,21
Location #11609,1.6722567854676866,9.906030722433904,64
Taba,1.6877552180761337,9.30443671439249,31
Boukombé,1.1207546205395993,10.19542180281058,137
Taba,1.6700054046902328,9.27109132759521,206
Souarou,2.445597650381615,9.801059110525209,4318
Kalalé,3.4484196005628798,10.193077477246993,271
Fondo,3.603706735486561,11.029951948804019,57
Manta,1.133986653388862,10.352863769863076,67
Dassa-Zoumé,2.3325987213602524,7.630503430873535,454
Adido,2.561580504711758,6.8439340095113,549
Kori,2.577426809747918,9.925770237906706,1299
Location #5570,2.1685948882167336,7.188667368086866,170
Goumori,2.331486742194652,11.158260568391581,144
Gbéssaka,3.4101331414518516,10.97056047310735,57
Location #15463,1.1679033807206542,10.536780218734622,41
Koukoua,1.1069001631238877,10.250873902287724,39
Location #16993,1.4982196837466841,10.645728702214239,23
Serekali,3.1487351652746955,9.994754900336881,41
Tchaourou,2.529884001933085,9.441903596543488,39
Location #12201,1.3339911225073207,10.05978482491119,62
Sompérekou,2.550061389089555,11.295034597512096,593
Allada,2.0652791293991792,6.743961520718673,129
Location #2862,2.572161819986422,6.866966883807045,403
Kouporgou,1.1273632350481593,10.237254989749742,82
Monlor Monlor,3.370806768857109,11.31666933374805,103
Grand-Popo,1.9455048346014565,6.307423929137196,41
Kpakpanin,2.622184139429745,8.822907002440783,52
Boukoubourou,2.2539561654404348,10.974504562956641,28
Boutou,1.5417571335380826,9.449066850241632,320
Bambaga,2.4620443384025226,11.585677353330402,119
Savalou,1.9155085827207696,8.018090864631922,1062
Kokey,2.5984546663133137,11.387349594481039,59
Koumagou,1.1403659197842124,10.15665527308933,90
Lobogo,1.9369538069632017,6.754691086490098,44
Location #16482,2.03565782092766,10.91875459702387,34
Djotinga,2.0480198487234316,10.990958896402946,62
Djondji,1.9977990843315845,6.307287829263133,222
Kassèhlo,2.018537762321444,7.361049890073972,495
Location #1412,2.152506887486961,7.19513975115092,889
Gnanro,2.4330676950807026,10.346355500837147,62
Tori-Bossito,2.2219816914239896,6.523078625947218,49
Location #4501,1.9329769545358972,7.258252983136428,222
Grand-Popo,1.7942634426481343,6.326136032714007,49
Bakou Bè,3.414765832225619,11.162496578685285,1278
Location #12163,1.4825950512898516,10.14981906924342,62
Gnémasson,2.0809985126636232,10.305568609966354,103
Anandana,1.477414104733667,9.876177796838046,98
Dogbo,1.7954458318828905,6.8442527313060015,416
Kokey,2.567942855735411,11.419126746921336,41
Location #11307,1.682790650655063,9.379990037361656,67
Toko Toko,2.0552602623910268,9.75080233803145,758
Gbahouété Kpota,2.5841595998954348,6.9634084410896655,124
Location #14956,2.6194055424957665,11.066838188544713,46
Kétou,2.661976059839078,7.213501792119609,103
Location #16742,1.642155564163243,9.341250821782543,28
Tori-Bossito,2.1024482753602545,6.540898323055046,108
Tchaourou,2.781403351147802,8.972332337833379,1026
Coussi,2.1317580144646344,6.860146601278723,265
Tchaourou,2.5804092438333113,9.261427465565923,34
Lokossa,1.8485789067770833,6.743172334249465,75
Location #6957,3.0494872275107836,10.328866409467485,129
Parakou,2.730761808081281,9.34383048835812,111
Location #14631,2.71376510798982,11.067225448726457,46
Kalalé,3.5437403026903853,10.259878266196663,49
Location #15038,2.5809628061955876,10.714648290811438,44
Location #16249,2.407694292187061,11.108992782697747,36
Tanguieta,1.231424730580222,10.692145037972145,85
Kouandé,1.7914782082869052,10.266224612670914,41
Tantéga,1.0381246282184158,10.838294517990148,157
Boukombé,1.0741514315120047,10.180283779656161,98
Tchaourou,3.0820995106296856,9.23324353320817,72
Bakou Bè,3.4100848739236023,11.159261149631226,160
Dogué,1.9258766336533693,9.129887282929543,41
Ouara,2.6764863592143957,10.69382143514435,36
Allahé,2.2240886979742793,7.160354909707044,57
Banikoara,2.4937218538668304,11.247282249721861,41
Kouandé,1.8109755905268048,10.086209774525141,240
Location #8396,2.4885423412041168,11.108602745413691,101
Kouandé,1.7102616958180414,10.022158770880813,46
Gbékandji,2.593978432302747,6.713007698336787,54
Bopa,1.9558851345031263,6.625787242901218,278
Ouidah,2.047440243759225,6.352000554169826,134
Location #6273,2.382168452909079,10.64917988995905,147
Tchaourou,2.982520973852362,9.217717059609138,77
Tasso,3.150323166095669,9.758902514967895,191
Angaradébou,3.0725599666437384,11.39304340777379,34
Tori-Bossito,2.0886763909775268,6.490869818338538,72
Ouèssè,2.7424986493141033,8.4940969991798,80
Location #9403,2.5773626256382527,8.173373973098835,85
Kétou,2.5057537758895756,7.418080284864493,98
KOTAGUI,3.405434053132066,10.079010665527937,57
Houédamè,2.5371180955632666,6.943059744495445,325
Kouandé,1.6976575498061806,10.043638114063823,39
Ichaagba Adoundoun,2.587547879735064,7.118864394402025,129
Dérassi,3.291395632922952,10.113587786609143,108
Location #4645,2.0696366474424033,10.17532480965732,214
Ouèssè,2.6823374725172866,8.337810066665343,101
Location #11153,2.2693810961818115,6.825879710343061,70
Boukombé,1.099264571549274,10.161997261026753,348
Location #15693,2.790116582627859,10.610177685609253,41
Location #2191,0.9783861219853832,10.681625865015054,536
Tchaourou,2.6649875999232,9.04161917541808,88
Boukombé,1.14150593794202,10.190587179322705,59
Tanguieta,1.1938007327202322,10.649648650765908,54
Banhoun-Kpo,2.6465968699164666,9.678695661139429,95
Djondji,1.9993863805422527,6.312575911244069,487
Location #2109,2.365240876415362,6.786858574200499,554
Dassa-Zoumé,2.233424901423953,7.809593257024325,137
DAKAROU,3.0283248086085317,9.896646665897702,124
Azizakouè,2.030278674601521,6.326880941925997,523
Agonlin,2.042457136034994,6.992625269100342,750
Location #6511,1.1284094559334201,10.425040074149623,139
Allada,2.1585647172753197,6.629539658349057,2278
Location #4147,2.214436127815863,7.117034942431554,245
Pobè,2.6193464001848548,7.076972385554145,85
Location #3290,2.3236919108920326,6.6973064021705735,327
Allada,2.0197776432343755,6.679837571161763,1567
Djanglanmey,1.8112495777012716,6.4011075061725515,64
Location #16833,3.0234111405037654,10.35612325033302,28
Allada,2.153944381574762,6.750685896016518,273
Pobè,2.650586559558473,7.123625333174621,44
Allada,2.094318935134715,6.698574474484327,3768
BANI KPAROU,2.890090802744601,9.986373820874011,44
Savalou,1.7805885164125654,7.67412177207793,49
Kandi,2.967863719151558,11.098258270248547,88
Location #14821,1.1150248727941832,10.439230268081179,46
Beket,1.9790868352858078,10.260068190724922,67
Ouèssè,2.289617561486097,8.477121457137002,160
Bako Maka,2.849025901177548,12.351801715183608,108
Houéyogbé,1.8985139443574386,6.4748133495804545,170
Kossou,2.075317746597685,10.60728468024367,57
Location #11656,1.7750882774850845,9.499787734379474,64
Lolo,3.0349558110798034,11.28849148619991,49
Ita-Djebou,2.5989261774503154,6.841751061112694,72
Natta,1.1370934720146477,10.217430402629333,106
Location #13770,2.0505436531372547,6.505672775787881,52
Sombouan,2.603155926986634,10.529798601051349,134
Guénéssama,3.434318291528904,10.804812749006055,49
Bopa,1.9766921747770054,6.6922090514531885,250
Ouidah,2.0804139845004035,6.3948784920938,59
Fondo,3.6144806916697165,11.028020673290971,44
Location #3053,1.1637441241476383,10.55619952879997,361
Parakou,2.594200372056745,9.289844331747327,44
Gnanro,2.4094568498810425,10.374255058340028,46
Athiémé,1.6901022820467342,6.555267873085707,46
Location #17137,2.703182917717504,10.601159074203617,18
Location #11052,2.4315855995359215,11.464100042800812,70
Ouèssè,2.5739848921598507,8.670173935240157,49
Location #1083,2.227736284965568,6.735528751102788,1155
Location #5398,0.841767722077397,10.493168467018187,178
Tantéga,1.0157548178520386,10.81316057430057,678
Location #3971,1.994556329740335,7.27961527367274,260
Location #2264,2.581766986766527,10.402444261452128,515
Location #15805,2.403152331934137,11.480061524361183,39
Tchaourou,2.4862985488715896,9.40138078479289,62
Location #15647,1.6559942808656938,8.883124621409172,41
Location #2278,2.1025133846354787,9.751450900820876,513
KORA SEKO KPAROU,3.433433548165853,9.938999379112829,54
Location #14372,2.6098483723770576,11.395388754750405,49
Location #8602,3.0413383118614354,9.715062475999646,98
Lobogo,1.944068139807409,6.607440453958046,268
Beket,1.9875310513375637,10.25817862562315,57
Kpomassè,2.0357672091788452,6.479891889604097,425
Allada,2.171059979573496,6.631458003723224,49
Location #9221,1.5999401253887369,9.916670738455478,88
Bagudo,3.6636417453782606,11.151505681480675,41
Ouaké,1.452358216388045,9.466516745771484,46
Kétou,2.652351386306257,7.2077286603496145,36
Ouidah,2.138924718445624,6.464511011016789,77
Kokey,2.5497370283283156,11.408614050305166,95
Kouandé,1.7261690428924412,10.027775107614534,54
Ouèssè,2.1580380920475917,6.387075730297647,98
Banikoara,2.4852014594688465,11.24232833901917,39
Pobè,2.7087069559641352,7.171300810637184,54
Ouaké,1.4921647333106332,9.525235507573322,77
Toucountouna,1.3919665183896794,10.49598591493317,1471
Ten-Dora,2.369794370211188,10.193787779379615,34
Kpakpa,2.3273074627700194,7.897576804070544,75
Tchaourou,2.573459633274868,8.905595581733555,237
Banamè,2.28339608940532,7.567655614219179,515
Ita-Djebou,2.5834598130955473,6.8477524087910915,119
Ouéssia,2.845741638441674,10.350391976923214,116
Kokourogou,2.2619766427396284,11.251451064199829,88
Tchaourou,2.8756799085937224,9.410198554731894,126
Kalalé,3.2004271520599175,10.079893415501118,75
Tchaourou,3.0035418062836485,9.237854556633861,82
Guéra-Nkali-Tassi,2.9068527432974696,10.30928746858108,93
Takotiéta,1.057260398816744,10.324077828190699,134
Tèpa,2.7476646513142144,9.919465112835153,70
Location #15181,2.2963840446864547,8.262531410790354,44
Location #7508,2.620975449777795,10.887717919309798,116
Sakété,2.7223092293554343,6.880089014490395,80
Sori,2.7658609674701213,10.738149370212026,106
Location #8874,1.8045527757287565,9.31224044152843,93
Kétou,2.6717243485878246,7.4233737997582425,157
Location #9216,2.775103451499957,10.951078692759395,88
Kétou,2.7215306102807513,7.226990827583815,75
Boro,2.9299214426580655,10.356181026547443,64
Location #13546,2.7416391345125035,8.215376621815563,54
Location #6191,1.6733482628714853,9.524505872668891,149
Za-Gohoumé,2.2258172006663965,7.186317359611692,90
Aledjo-Koura,1.4556352607222027,9.30223153389525,103
Location #13093,2.6755149135928837,11.39767664352313,54
Saah,3.053322144284482,11.232528905193758,88
Location #16841,2.7446630021346543,10.489093368895416,28
Location #7552,2.637291209375247,7.702871105086477,116
Location #5291,1.407195849107446,9.980237072391565,183
Aplahoué,1.7004484436388572,7.45858842700944,160
Location #6841,2.1372652422595424,6.784364752134325,131
Location #9687,2.5213095475326748,6.883767089175144,82
Location #6681,2.6170280719615877,11.568905691949272,134
Boula,3.1200353464221635,9.56109733631895,101
Tayakou,1.229255050603428,10.568108896785194,531
Tayakou,1.2286332171410541,10.557269496262373,258
Location #15726,1.4049210995253085,10.202396377520046,41
Dogbo,1.8108820350128598,6.79962694280838,490
Takon,2.6160479661695133,6.634147132454147,1936
Tchaourou,3.0164902678159193,9.148913941407384,59
Koutangou,1.0878550788527104,10.358933633137596,67
Location #7989,2.03827162392693,6.4058445519575455,108
Sandilo,3.165688698689376,9.516944115275777,44
KINTA,3.034310855807562,10.039381159782481,253
Tabota,1.0235431132221633,10.37293248255246,70
Barei,1.5585934001118598,9.69755076071021,799
Igbèrè,1.7609174539568246,8.972389918453276,101
Grand-Popo,1.8931269788408893,6.290206213923389,1255
Diguina,3.6006607453354,11.13906947785408,1348
Location #16246,2.0790631457646525,8.497589402186389,36
Sakété,2.586403450628613,6.644121724072609,119
Sandilo,3.1413357398891626,9.502787577812203,175
Aklampa,2.1090624017194104,8.210076841280888,209
Mongo,2.893630400587175,11.14762187099063,134
Goumori,2.2980777712136105,11.203535227350308,36
Sé,2.081153365110979,6.73574139292864,139
Toké-Banta,2.4135688474738153,11.312325043712201,57
Djidja,1.8832380400057533,7.394632673806074,111
Location #10569,2.3675514920389267,10.854343513036435,75
Location #16935,2.240722022960622,11.33573558537927,26
GOSSOGUI GOUREBABA,3.482288350149274,9.921286404099128,64
Bouroubourou,2.40287614167592,11.464264602659197,39
Location #8776,2.293207149178983,8.227386816631254,95
Location #3354,2.7572850033429823,10.747100249033146,320
Akoïtchaou,3.079526973177385,11.353696797038847,46
Yékéna,3.1018848603184623,10.021435946771351,155
Location #16774,2.2972811529862414,7.3881648034157905,28
Natitingou,1.2928511396192008,10.366004475287376,191
Ganoussirou,2.492157930299055,11.357065339254593,31
Kalalé,3.1550292397270328,10.312260828598816,54
Yossinandé,2.48825047983818,11.404049784831848,222
Kétou,2.740916856033952,7.33525682955731,80
Tori-Bossito,2.208590289687831,6.476678665812719,4400
Sado,2.7116396138461027,6.539336128700991,1469
Kétou,2.6933188520101323,7.2834845322435555,90
Location #10046,2.2695101359890644,10.310713215079483,80
Location #9375,1.728702276135253,6.489037792768503,88
Tori-Bossito,2.1409528087876017,6.514220428514755,72
Kétou,2.5617397487529097,7.196109524282624,312
Dassa-Zoumé,2.1483415213111026,7.811693440567451,46
Tchaourou,3.0950300882329205,9.193375241177062,54
Location #11000,0.9661487417866771,10.819249202145121,70
Datori,0.9298403362308117,10.375860070748814,168
Bambaga,2.4433618990994286,11.613518556699884,1134
Comè,1.8673944462342447,6.398969319514357,171
Location #10217,2.6582863459859714,6.632344349674949,77
Boro Gando,2.964915023473926,10.341687120819197,70
Location #14542,2.097907020958827,6.777638338429028,49
Ouidah,2.118058157720609,6.3824929804844786,1237
Kotokpa,2.1831200285620636,7.103249859086321,77
Location #4929,2.7310954089665485,11.382667233266039,201
Location #10016,1.752563397599342,7.370293106644264,80
Location #6674,2.628156739866717,11.256336356453216,137
Damè-Centre,2.1882062698027753,6.852506819007202,90
Nikki,3.315823878157062,9.996261691541529,196
Kangourou,2.0719861277259857,10.766886258304792,1034
Tori-Bossito,2.1984783072150984,6.593833122717015,52
Tori-Bossito,2.212389543273571,6.519413589467519,134
Location #15324,1.4045589304885135,9.989308244368749,44
Lobogo,1.9315312355463574,6.598510122872681,196
Tchaourou,2.344037518667159,9.278497822602295,26
Ounet,2.4477406741103183,11.10677258148902,26
Location #1536,2.2954226390115102,6.814597219015896,796
Kindogon,2.0815231866643593,7.426084888491472,108
Location #9506,2.0450851275255872,7.439200945973587,85
Kalalé,3.511673239487945,10.245884491936227,54
Location #11715,1.1498750338315038,10.204733845450905,64
Dassa-Zoumé,2.414126079557927,7.572308380362075,77
Savalou,1.9548732040602066,7.822279681021876,124
GANDO BAKA,3.0713268617810097,9.814883968064846,162
Pénessoulou,1.583443738106741,9.23050979558329,77
Parakou,2.670866342717459,9.363943298009941,49
Nikki,3.3590729015520266,10.057487450633765,229
Allada,2.011243776911301,6.613530942832887,180
Lobogo,1.9064004712449174,6.656200279153105,95
Kabagbèdè,3.0648060236202834,11.337254367270745,62
Kalalé,3.2989422626297085,10.19570883792143,2095
Pobè,2.6163080491512556,7.076891378869076,62
Savalou,2.0135106821136106,7.865922494734542,54
CHEIN TASSO,3.238247959881609,9.734868720936442,168
Houéyogbé,1.8872960748243903,6.503692682816211,974
Simpérou,2.4792588868008636,11.294649360187723,108
Location #16987,2.2568894828610686,10.96931179295412,23
Guinagourou,2.989949978556364,9.53604766022685,302
Location #9821,2.79627236897545,11.055048644617328,82
Location #16643,1.8358223026830913,9.475020200769642,31
Allada,2.0427917801994764,6.720638292860693,201
Kalalé,3.354006607907559,10.253479393441221,98
Ouaké,1.4076417256777378,9.69163697881611,80
Kétou,2.6549348829759727,7.211778443201481,70
Lokossa,1.8719670514259406,6.742911634123401,77
Peperkou,1.484645673395584,10.452323976445168,64
Tchaourou,2.507015068857805,8.836784728606188,49
Honhoué,1.8966355222910611,6.559839382047609,54
Koumagou,1.1415123587434057,10.168356955856503,39
Gbéssaka,3.409995462085665,10.953473777197066,131
Honhoué,1.932771860483127,6.561877128952787,428
Location #12396,1.0340865531685384,10.233736201515345,59
Founougo,2.5055642186208793,11.469152846119359,57
Setto,2.1207242322819932,7.501482631995102,420
Location #10837,1.8611657995370265,9.875607525771125,72
Location #10890,1.0383441363350026,10.57776156282036,72
Kpadé,2.8850020870570474,11.04063066836093,2508
Location #7637,2.548932420951329,11.576952186745741,113
Location #17187,1.5295701681059504,10.630920574435905,13
Lokossa,1.8316146136471343,6.754925303992462,302
Houègbo,2.1379724122458903,6.774746843065147,70
Grand-Popo,1.8377615656529729,6.295609253309164,111
Sein,3.495246149056579,11.292434644529115,211
Mari Gouangoun,2.905099322261883,12.349051476139174,62
Location #9155,2.0232179785209716,6.512078254740754,90
Location #4441,1.5847878994839895,9.929081035056617,227
Location #9362,2.1875817470744843,11.07593340729172,88
Gbian,2.8585894750439627,10.157438131521097,72
Banigouré,2.7566183706699863,10.849780511539679,113
Poto,2.5464904034165703,11.32111431668628,95
Ouinhi,2.494198323644467,7.145862728550343,129
Torioh,3.08187063278952,12.147286197696246,732
Location #13281,1.6469827889147717,9.153853863285603,54
Location #2700,2.1422696745667573,6.800583861729591,420
Bodi,1.5363545720575695,9.39466271296593,70
Malanville,3.410543424660558,11.729099098499683,111
Location #10377,2.675953671929907,11.142764229955267,75
Location #4037,2.4817826968176275,6.914357796403273,255
Location #6637,3.005174154234475,10.303440142916624,137
Kalalé,3.231734635266883,10.133990803219529,124
Location #10129,2.5970636088290466,11.206608307240916,77
Akiza,2.045428961097699,6.982483589969369,456
Copargo,1.5882799075454668,9.878647388796889,46
Kalalé,3.184496556929362,10.376855342176487,59
Kérou,2.07256558483674,10.749881091996839,500
Location #14964,1.7619243361008945,9.990402907413666,46
Toffo,2.1275977664221823,6.8196548111335575,1217
Serekali,3.1450806937356135,9.991723762169148,49
Location #13803,2.336514728918783,6.691640274071053,52
Boukombé,1.1104142763906772,10.201298004160636,124
Tori-Bossito,2.0611726922467755,6.5845125023255715,75
Tiélé,1.1860598944547154,10.705924627745846,34
Hlagba-Ouassa,2.2665420292273573,6.972677184436242,39
Kalalé,3.2931568657171573,10.219357406320944,101
Ifangni,2.7748360846545914,6.689042912680441,62
Tchaourou,2.872280794126811,9.120789944791861,111
Nazoumè,1.9604499871522436,6.3688153592194015,459
Sèmèrè I,1.4059569709043782,9.59341067717965,152
Pira,1.7233722368760722,8.506980495753531,62
Gaoudéa,3.5098911209275077,11.03755826230539,46
Cobli,1.0176021284210808,10.404298136261135,644
Atchabita,2.453890244272915,6.896377389390767,794
Location #13243,2.6306894789271045,11.535942155015013,54
Dassari,1.13446464160144,10.793287821158618,211
Houndossodégon,2.1286234993766366,7.4116447230113405,103
Dassa-Zoumé,2.2881494805192792,7.701310115376709,284
Allahé,2.2702962671989484,7.138082333396878,235
Goro,2.495167792117444,9.0189239797507,52
Kérou,2.164764217854924,10.81292683458639,52
Location #3098,1.0404650029252573,10.530598793164998,356
Location #12951,2.591870634868204,11.540549522605405,57
Djougou,1.6788566197091472,9.571178847988334,62
Sompérekou,2.591282642811429,11.270044212449687,405
Poto,2.5562028889759736,11.312161277467446,34
Kotokpa,2.186074524738122,7.110239213691229,54
Ouèssè,2.7329275671975095,8.655094821686294,358
Kalalé,3.09611310361875,10.261917371469147,168
Diguina,3.6042452037289285,11.150882241933713,36
Location #13241,2.5970586720381936,11.606100668501185,54
Kokiborou,2.418282627784969,11.280218298132892,62
Igbèrè,2.051612539608746,9.027591936651211,394
Bohicon,2.1489489386738274,7.140117270273451,853
Korontière,0.9362806346242151,10.308602834869264,52
Ita-Djebou,2.6295159157046273,6.849323304494588,57
Savalou,2.0283348340629406,7.975761553623197,88
Ojassa,2.756163422929821,7.040780201802818,101
Location #8673,2.6114159556532495,6.617803072776453,95
Dérassi,3.3154325344815865,10.151429423010672,564
Natitingou,1.3875514833306635,10.348771252512156,67
Location #3022,2.3954015045734516,10.99905886349686,366
Banikoara,2.5607042194290677,11.270330346831718,121
Tayakou,1.1811264093528306,10.5295362761872,126
Kalalé,3.084296232273084,10.21213429257257,108
Kouporgou,1.07865051974477,10.25922637038668,157
Wassa,1.6202277670049408,9.605751196254294,101
Lokossa,1.8512588996915398,6.750721831602085,98
Dan,2.1032594259381234,7.353116486599882,142
Sé,2.0807315260083614,6.745815441788513,64
Boukombé,1.065228312505398,10.25331838571014,44
Toko Toko,2.091392340839477,9.747993502813118,1425
Houéyogbé,1.8833326010253286,6.499184382658362,77
Ouèssè,2.5994594719079167,8.750996907441621,2278
Tchaourou,2.6100925139306366,9.027148585281962,250
Location #3963,2.560830893998673,11.503381688245396,260
Banikoara,2.492590418534384,11.227157929806541,36
Location #4468,1.6328861673272412,10.488271643268734,224
Wavina,3.40118753490835,10.742297419775548,41
Founougo,2.5810939713094503,11.509149719524466,52
Sirikou,2.360848936696495,11.201701750585233,72
Location #14377,1.8314749033785407,9.68726453140572,49
Gah-Winra Bodéde,2.7332601775153025,9.667072462017677,75
Beroubouay Peulh,2.669611204460653,10.505134714722619,54
Kokey-Sinkparou,2.5091654566487938,11.35669204428465,70
Avlamè,2.1444561827445208,7.0997087158912535,765
Tori-Bossito,2.2528072586199066,6.515851432757768,77
Ouadjito,2.000584013648677,6.521195541152113,1003
Location #13916,1.3346227651372768,10.039105356269609,52
Djidja,1.9919107528040805,7.3670860913216805,36
Ankouamon,2.4344554707713746,11.649420869289031,54
Kongou,2.9244536451035783,11.215603835857463,41
Barei,1.4393932574724808,9.64585330201692,44
Sinkparou,2.885070157032805,11.160386700557662,165
Doutou,1.8753355928972069,6.549526148290429,144
Ouara,2.603564915804682,10.704686364488717,44
Oko-Akaré,2.7008726191923325,6.913560852848132,3217
Tabota,1.0381132817449843,10.366397513464912,44
Ouidah,2.1457393930216067,6.36297942533182,405
Gandobou,2.684688774719159,10.832942137446814,49
Location #6622,1.82427794815479,9.780547338444935,137
Location #14478,1.6051411307680374,9.34424859921458,49
Location #5173,1.1355257434184534,10.503827844775584,188
Pobè,2.7007148468263056,7.076205264004918,72
Kokiborou,2.3531613209258335,11.217885907895434,28
Lokossa,1.7658510648770591,6.618602269590408,191
Location #2165,1.7354965887499199,9.594303063721402,541
Savalou,2.041621486927122,7.590043445332607,67
Adido,2.543038431993134,6.840611602040849,54
Location #5617,1.4235183660935133,10.203857268947685,170
Biguina 1,1.6431839818933924,8.893155583219409,394
Kalalé,3.290128559332028,10.404154223183804,119
Location #6936,2.5227560346706563,6.662657761770904,129
Location #5515,2.038040259287067,6.509122224425999,173
Location #9820,1.7771635424841006,8.601247566317422,82
DÉMA - GOUDÉMA,3.1779639994905913,9.740618601513518,247
Location #8109,2.6265430646490984,11.538063101926216,106
Malanville,3.4780966780660427,11.576353559790602,1072
Sougbégba,3.1622031423693544,10.92170039214912,10
Location #13023,2.1940994071233413,11.130204086137462,57
Bérékossou,2.1150770932968634,10.716018881127374,46
Dengou,1.7413631969236045,9.321601996035124,799
Location #15785,2.7917990600159492,10.981344574184314,39
Sori,2.75618012976853,10.73710576139063,52
GOTEL,3.3813082073752314,9.863736586421282,52
Allada,2.20039117485332,6.671264511179525,1773
Serekali,3.1385011177528557,10.019844385001349,54
Ouidah,2.136341928303917,6.469806087004949,75
Location #9075,2.0044155663945946,6.966052150923295,90
Lokossa,1.8150891294386484,6.736942114149686,162
Sassakou,3.032943309342587,9.523452318597169,175
Tchaourou,2.5237917103622554,8.806142248921416,314
Ikpinlè,2.5963239028311147,6.86261128751934,72
Kabo,3.0316391230204554,9.119296968376135,90
Location #5824,2.5927059516884463,6.8599676070399225,162
Natitingou,1.3654700956395898,10.263384669851662,474
Péhunco,2.0127642029851134,10.250129999627216,165
Location #8812,1.898120233567098,9.38274198238342,95
Perma,1.451264467297093,10.13785866932587,62
Natitingou,1.345201592918801,10.26057339794784,322
Sonsoro,2.783761767779853,11.059504926262033,88
Allada,2.1425366884455936,6.704477263765911,85
Ounet,2.4255889906100596,11.140187615724669,206
Banigouré,2.7562842987588683,10.845405031528696,62
Materi,1.093814322228204,10.68752907752281,75
Brignamaro,2.058874584197903,10.738222047848616,54
Malanville,3.1747481900214334,11.694956421417482,2910
Nikki,3.551135389099833,10.05985369282638,57
Ouèssè,2.6629294499380287,8.723364145924378,598
Dasso,2.4132438110064864,7.015433094703351,727
Kétou,2.653589210904196,7.469645358944166,41
Kassèhlo,2.015033563292669,7.381478215264146,680
Sanson,2.4193550543989515,9.293465190973233,121
Location #10994,2.5248746900396597,7.00085680030139,70
Abomey,1.973231113666831,7.205944774994057,80
Location #13725,2.1148894109631446,8.2000977670419,52
Ouèssè,2.5819459736028634,8.630563473597961,168
Korontière,0.9136905235306794,10.302711856959572,67
Gninsy,3.0229718910873626,9.600756158423206,98
Kalalé,3.3410074065504967,10.248134299794824,147
Zangnanado,2.358569936880524,7.234006189695246,149
Sèmè-Kpodji,2.5925793352557194,6.363540289820398,157
Donwari,2.8811235020551274,11.163310287815767,116
Location #12804,1.3849433969407987,10.436592777840705,57
Savalou,1.697788923771963,7.996932967787578,531
Dékanmè,2.017502043067852,6.544285568163872,296
Savalou,1.9925069725997848,7.565092958892437,111
Assigui-Gbongodo,2.523840740116367,6.742241575583284,201
Gouka,2.024290063128457,8.205705503436423,196
Kétou,2.6665092907523227,7.613280621155676,75
Dassarou,2.919873398732045,10.072277878059909,41
Batran,2.3496583617505697,11.391132166029694,95
Location #7684,2.6538070536947442,11.52407983810944,113
Location #8750,1.4693811487907324,9.969836556796126,95
Dassa-Zoumé,2.4044421528215145,7.707986880519963,371
Igbo-Assan,2.5702491937794796,6.804406479870819,90
Ifangni,2.770830618580993,6.7125308103688,433
Karhoum-Yaourou,1.452313432878121,9.82361891343569,606
Sompérekou,2.5612826240635007,11.227897150749047,271
Location #6311,2.4102174343754714,6.934880120125573,144
Djanglanmey,1.8147243472093266,6.40009882162292,90
Kalalé,3.1714785066736897,10.102918642214103,608
Location #8571,2.3921573614119844,11.010607223688512,98
Location #11881,1.0110356185158653,10.212695516503365,64
Bonyakou,3.0218284487667093,10.0875367947202,101
Location #15405,3.5326447653600392,11.199169160531293,44
Kétou,2.468936499730025,7.292592106481818,52
Agrimey,2.1499478052978724,7.001258249495041,1291
Kokiborou,2.3365076567813694,11.210286852909029,41
Goumori,2.170533375458049,11.22514792317803,49
Location #16012,2.77225230931898,11.01625606970232,39
Allada,2.219530639485776,6.718321593320163,183
Location #7382,2.094401296714317,8.22933667894538,119
Pobè,2.6937590388288215,7.000826930120188,59
Kétou,2.527112728350929,7.588186061222298,152
Location #5534,0.9387960613505495,10.865618221938252,173
Tchaourou,2.503179729935373,9.120576007240086,149
Soroko,2.381598417482954,11.34866951451601,59
Agbangnizoun,1.9007421088638377,7.123130525552232,340
Bouroubourou,2.3893668406756996,11.426239022809426,129
Location #11411,2.5967078846986325,11.474427242955791,67
Partago,1.9198235446804353,9.44325203555217,46
Saah,3.0520241280928193,11.227430723319396,59
Iboto,2.434094363107283,11.356205329202995,139
Location #2022,2.366966083144137,7.053987129248299,582
Savalou,1.9017002452780525,7.801490479701639,54
Aguégués,2.544898979626202,6.456377837408325,8348
Location #16813,2.478360058489575,11.140630467952294,28
Ouaké,1.463085234948139,9.622185966960531,49
Bafounou,2.5039390042045784,11.36456877657433,247
Founougo,2.532252527426776,11.55251668049385,75
Natitingou,1.3630751902160696,10.352672473002205,217
Bambaga,2.4789529322998325,11.577818324027058,93
Korontière,0.9304739901324476,10.307689689021473,106
Location #7419,1.3880591026224065,9.885870369140413,119
Tchaourou,2.905684167805106,9.326604134755295,52
Ouidah,2.1187544007947654,6.356582104377448,77
Dogban,2.994056373991192,11.330425070332526,415
Kouporgou,1.129302214839006,10.260630378337206,322
Location #3655,1.4605625842616503,10.557960464791663,291
Location #16805,2.437386206797084,10.871196090928654,28
Tchaourou,3.0667273713289815,9.334037821986776,196
Tabota,1.0527548696304323,10.398051166320867,72
Wanrarou,2.7447470533096965,10.1194150678151,46
Abidomey,2.5853814237109654,6.735858012470114,23
Location #10624,2.73897151638511,11.402582994879163,75
Alfakoara,3.0855162300278955,11.446723576389903,85
Kétou,2.704300899511666,7.689777720821409,44
Kandérou,2.52740080010942,11.509344475198848,23
Kassèhlo,2.0292352633510826,7.413809583982396,183
Sirarou,2.683023192224927,9.587616648479523,70
Agonkanmè,1.9874003221867598,6.4167722943396575,227
Location #3804,2.3415792414782346,6.723916496099669,276
Allada,2.218362259696968,6.665655584038932,345
Location #1858,1.0054324751013122,10.882714266814716,639
Tori-Bossito,2.0878875724420984,6.565744544317636,67
Location #6645,2.792119274692368,11.009995467963511,137
Bopa,1.9517700861620682,6.611467498822967,247
Allada,2.2171697179160352,6.742230292902739,46
Wédémé,2.132584687014764,8.087655408838504,131
Location #3433,1.224867544146429,10.499695409967801,314
Location #6219,2.742361513185185,11.173973761290467,147
Location #7568,2.454292496650242,11.114842088975998,116
Location #15495,2.355584084195599,11.02313841094899,41
Ouenou,3.272452177973629,9.867517806323677,77
Sissigourou,2.844706019582294,10.235095522240115,101
Boukombé,1.0374106831021992,10.197726066655056,304
Sakété,2.723542842684321,6.770831596984411,526
Kouandé,1.637401464729929,10.472264289862279,1930
Houndossodégon,2.1681181621896477,7.445577162166798,62
Yarikou,1.5931084370458841,10.360856222099763,46
Bopa,1.9753516778356432,6.73932115119482,139
Location #7037,2.733482659332708,10.618694369556323,126
Azizakouè,2.027206297353124,6.331569295395267,82
Location #1942,1.8948255642374903,7.2645824694827965,613
Wassa,1.5467499952525035,9.543527069669903,397
Tévali,1.5231622935038973,9.81334207056064,106
Peregourou,2.9896966859205563,9.817364545601519,1338
Location #14503,2.8342891098482936,10.60528672056246,49
Location #6663,1.826407534175291,8.135986001584495,137
Savalou,1.7186714226085782,7.853008111791441,119
Location #16506,0.813186677344679,10.482315612996423,34
Location #15502,2.9111536208139905,10.87415196806834,41
Location #10011,1.7532345299789487,7.633394079574821,80
Location #6635,2.669902823654079,11.401802734488147,137
Boko,2.6131659584838642,9.508192319060377,64
Tagayé,1.296302212745327,10.312759995693007,82
Malanville,3.3385967324125727,11.829249012227397,111
Location #12237,1.8557930792642388,7.148115607950017,62
Djougou,1.5841221896419206,9.77507618705086,44
Location #8984,2.7871634767293076,11.358913159315414,93
Cobli,0.9955422607648149,10.538724881817698,85
Savalou,1.6674077441848365,7.641221197887786,70
Abomey,1.9422705506513722,7.151565512068896,64
Location #4057,2.3904510465715547,7.0975289383887095,253
Kouandé,1.5234844001481065,10.073964476574288,64
Kétou,2.574765501430968,7.2931289725728465,209
Lobogo,1.9248943834440653,6.671988779260615,98
Atchonsa,2.4591453874441993,6.837071038661334,77
Location #5068,2.360484477796177,6.824811177388709,193
Location #9335,2.7035581201460164,11.453526128211918,88
BOWO,3.069076791626662,10.038145026322384,67
Tchaourou,2.5613611255529722,8.845934529859154,495
Location #7450,2.11828897160091,6.79701822807733,119
Kokey,2.598114860281841,11.359285558886226,113
Location #6832,1.3472905423146684,10.5684597816227,131
Tchakama,3.312647401309705,10.903690703095492,31
Kalalé,3.7146812563717932,10.506495256418109,82
Toura,2.373086258871297,11.195742928571644,49
Mafouta-Waassarè,3.6086143144010254,11.09254674490273,121
Kouandé,1.4387720920631057,9.97232051279532,82
Houéyogbé,1.9365149767712597,6.484680554245157,168
Location #15014,0.9093439890025942,10.62552132224693,46
Agouna,1.7362831307273128,7.591841954782443,173
Location #3686,1.3371560840643268,10.59625448163924,286
Kétou,2.7169604462072385,7.419301364788645,155
Akodeha,1.9093793233282246,6.473215675768819,59
Somè,2.1398174162983334,7.274125693298466,59
Location #5677,2.1204512338252552,6.773050789379437,168
Location #6256,2.1357098569887705,10.29922675437343,147
Zoungbodji-Centre,2.0862002783986675,6.333202308405468,82
Location #14576,1.784183290009364,9.945076316063659,49
Songorogougou,2.3735290720595974,11.256146794524136,28
GAMBO KPAROU,3.1969139259724146,9.715678458276543,119
Mongo,2.864215136753147,11.160720053797894,52
Location #9652,1.6347284231297499,9.236711212374336,82
Location #11960,1.087189747420874,10.57592650635249,62
Location #7433,2.062185515350088,11.015360782134856,119
Location #15469,2.3310551716803647,6.619128736179009,41
Location #11338,3.5384985549509334,11.226115818794613,67
Allada,2.2086756523968942,6.73955045813466,152
Tchaourou,2.7203775646803754,8.957136706593726,62
Kpomassè,2.009668214843977,6.428218471565593,291
Ouèssè,2.5247896530925322,8.66142383978715,31
Bakou Bè,3.406986183804341,11.14573948415438,142
Malanville,3.4884242248422908,11.542862107457406,67
Kongou,2.930759404130404,11.204460226594826,103
Kouandé,1.6410925540073171,9.977366858606858,250
Tchaourou,2.9224070753061495,9.203516171871222,34
Ouaké,1.4131572474014542,9.430415796069045,39
Location #8084,3.0206173781909618,10.377255607834956,106
Location #12784,1.0632514612559685,10.562044944940151,57
Pobè,2.617208576832576,7.041767349662412,90
Location #4811,2.064374181858358,10.052732599262532,206
Location #2843,0.8880807195090724,10.846403043015409,397
Pobè,2.729910742319957,7.033891798503087,88
Boukombé,1.0600632693751868,10.198095038142151,82
Location #5404,1.908067383005754,9.907333324821796,178
Bohicon,2.192950649225862,7.169860514006542,64
Tchori,2.908728008228339,9.670713923137967,80
Illosso-Saharo,2.590918545897337,6.7368702202037225,77
Location #16149,2.7103032639622815,11.427125916438158,36
Location #11641,2.6025143496877763,11.217184002428821,64
Location #14620,0.9824874035274317,10.378592806640249,46
Location #7893,2.2542216229516763,6.795745864971122,108
Location #11916,2.5158628545346655,6.857330228130148,62
Démè,2.481251421648231,6.682368208001232,374
Location #7332,2.3858591888199108,6.883491757282819,121
Tchaourou,3.095502958882151,9.168379241132126,18
Dassa-Zoumé,2.1369680882114634,7.792600293743401,64
Location #12760,2.4368521702900123,11.445326115608657,57
Malanville,3.437695784539854,11.844071133698609,62
Tchaourou,2.3946964116502762,8.938980467813051,39
Dégouè Domè,2.0665888608270966,6.333042348830209,304
Location #5861,2.3016441844552586,6.788431354717643,160
Koutangou,1.042601190766176,10.362134662419955,46
Location #16773,0.9495989552366034,10.681142899279802,28
Kpabegou,1.5585124366873966,9.778567146737553,95
Location #14401,1.851076209406439,7.215657060106221,49
Kalalé,3.2432335814868702,10.262120941449712,67
Lobogo,1.9101841254597938,6.67217829122719,103
Manta,1.0570198675196865,10.36550637904991,188
Takpiéni,0.9281173894215188,10.272339994490196,44
Allahé,2.2318320376470675,7.160124245165975,515
Location #13695,1.4992522135508541,9.871154754655562,52
DASSAMON KPAROU,3.0503790798539394,9.99049485220831,49
Location #7485,0.9627392478543909,10.621970383000939,119
Kokey,2.539264548988981,11.400574615438654,59
Malanville,3.2827625712893003,11.74424565541424,129
Bopa,1.966289600993351,6.743410989839814,64
Location #260,2.547840309993073,6.483521241716788,4547
Tori-Bossito,2.235410731101104,6.501862243249069,44
Frignon,1.6013489665695289,9.125947683129958,5083
Ounet,2.4425291540831933,11.163434068455327,34
Boukombé,1.0319483548081019,10.260649210557649,144
Location #7096,1.903072278428548,7.242135649339256,126
Tchaourou,2.8926002174663834,9.280860432806511,149
Location #14498,2.1715046257171084,11.083249329563268,49
Lougou,3.37500074813122,11.118009375848231,3918
Location #15475,2.109651303448743,8.168353932535545,41
Location #15222,1.8657959464475093,9.76338872845848,44
Kalalé,3.1625146108266793,10.08535344407046,85
Location #17152,1.4640524313856622,10.704951159142672,15
Sissigourou,2.8593164357947107,10.256282214645115,36
Biguina 1,1.6409773762677962,8.90148974468354,490
Boussoura,2.9040837978072553,10.329542279109312,237
Massè-Adjégounlè,2.530787550268454,7.17197771154117,214
Ounet,2.4476474954350045,11.201110113038544,18
Location #12381,1.6290947525001103,9.870285161888143,59
Location #11485,2.462811939781268,11.091634915509115,67
Location #6070,1.699525822818356,9.857360410227502,152
Tanwé-Hèssou,2.114442705350907,7.030484012133177,634
Location #683,2.419956792431033,6.640261702064728,1804
Zalimey,2.186601023127698,6.958133712698174,165
Dogbo,1.6763177708686503,6.787482845743602,513
Yingnimpogou,2.471666341808651,11.537499838406283,18
Tchaourou,2.420068820360432,9.09774800909809,54
Sèmèrè I,1.3971315095048216,9.583892147356792,155
Location #6861,2.639947770215818,10.596161071214283,131
Location #13758,2.1536241417185638,8.178368478715788,52
Location #738,2.002349597113952,7.300658510731495,1688
Location #16316,2.374280976237555,11.052955159683624,36
Savi,2.125195130618999,6.4268703196454435,392
Berou,2.7400532872813925,10.214919305766331,64
Location #15388,1.9378097076722245,10.018685438782596,44
Ounet,2.449893950719078,11.223071837083046,62
Location #1024,2.182850207138412,7.921322559396803,1227
Kétou,2.558091118441261,7.255699706461175,59
Banikoara,2.4900200255752187,11.222812023320971,59
Sagabannou,2.4370275183570373,11.58745245340559,31
Sakété,2.6521803265688346,6.794512918746036,436
Location #9628,2.4397919631302205,11.489142426081495,82
Bopa,1.8871529723239715,6.7405689735222785,178
Aifa,2.2909233122626422,6.784696748495585,106
Takpiéni,0.9641224668736966,10.26559864735503,235
Location #6864,1.3052762689896997,10.072242130972091,129
Location #1066,1.8968675000951576,8.489833141576762,1170
Kompa,2.9754870635150086,12.21614064956092,85
Location #13019,2.8854947038092997,10.422844796955152,57
Abidomey,2.567826805176017,6.72113730764099,353
Dassa-Zoumé,2.188446047098631,7.6214523127683425,41
Bopa,1.8820687175152306,6.738487304718015,49
Tchaourou,2.5919527365256894,9.10461885237289,49
Location #2263,1.9329373760725619,7.250219065472545,515
Location #12758,2.441782036378517,11.66288840913477,57
Location #5788,2.7480512206733447,10.452451828204039,162
Banikoara,2.408225110950261,11.367225294611956,28
Kpomassè,2.0459728481553636,6.420415461185211,72
Dimari,1.3427212040388703,10.34781563773226,111
Grand-Popo,1.8080502756512324,6.387188758451769,77
Location #16928,2.0543859104758257,10.451754065944183,26
Location #5501,1.69636619574898,8.420568720624308,173
Kalalé,3.613776060429308,10.61573069013536,82
Tchaourou,2.525329602442065,9.225217963203328,137
Sé,2.0734970898813416,6.724171855370939,90
Location #9776,1.8989171567916496,10.026148247120581,82
Location #4601,1.7923038966811151,7.387890227892214,217
Guéra-Nkali-Tassi,2.8816051793109847,10.323740368734361,134
Founougo,2.5203248509556735,11.496461719080049,54
Location #14624,1.9692482626144079,9.87470749308534,46
Boukombé,1.1001050142530415,10.153491502035436,64
Tchaourou,2.3294492654433028,9.103394190663176,82
Massi,2.228207287795394,6.937411189947486,52
Tagayé,1.319992493078292,10.249640840178948,59
Ouenou,3.594550806536032,9.97181190281634,186
Location #3895,2.092363428234489,8.118592777229305,268
Ichaagba Adoundoun,2.6003753703187567,7.159396249984188,129
Kouandé,1.4538944793837367,10.023818704538906,41
Savalou,1.6896032711737115,7.65454675090648,44
Boukombé,1.126644218548643,10.189274112844203,201
Kandi,2.8239569591753635,11.236256292558245,26
Kalalé,3.2479120074598513,10.260815224067855,137
Djantchè Bâtè,3.661759366466767,10.658105814979724,39
Malanville,3.1771869178038425,11.704548960207825,157
Madina,2.882129605820546,10.15930387977088,82
Location #13804,1.1479695528212353,10.645341406623302,52
Location #12150,2.5760261838764107,11.617771266250358,62
Toucountouna,1.427423417542958,10.442477204087195,54
Location #12842,2.423898033496287,7.404794838844121,57
Location #2629,0.8991164961558187,10.4017304795869,433
Iloutan,2.6524242669078246,6.927686277618299,142
Kalalé,3.0284173917310615,10.204532309219019,46
Sakété,2.660242265053421,6.671237576356676,170
Lokossa,1.8464036615978578,6.756212785054078,332
Location #13707,2.6852267485252725,11.379444580821298,52
KINTA,3.032501418479568,10.046186206004823,44
Djougou,1.748495711255732,9.667054926938926,75
Manta,1.1450816191299187,10.353080645239059,160
Djougou,1.7032252819917497,9.771091359927336,46
Ologiri,2.727591384293877,6.93266686153236,113
Location #2988,1.0567436565634274,10.583291463564157,374
Kpébié,3.0136186047637152,9.722863737227927,52
Kountori,0.9699485339457212,10.464651669382354,57
Tchaourou,2.5658065448757394,8.823599809735445,64
Location #17091,2.06778765500073,11.031184250867822,21
Location #16036,2.910991125110327,10.893699375808097,39
Location #9925,2.994748008545188,10.335574610452008,80
Pobè,2.687087643697716,6.930337581835653,72
Kalalé,3.102780807925208,10.27156884986321,124
Location #15961,1.9278274687655947,9.83665256302316,39
Location #2537,2.0601698986698684,6.476536472597745,454
Tchaourou,2.4765005962704025,9.396336553238003,273
Houéyogbé,1.9210198862064143,6.484463628243626,101
Location #9231,2.7058183395799373,11.429553289645545,88
Grand-Popo,1.8057409013715329,6.330178977025879,52
Location #15596,0.8852009411746908,10.309615320189685,41
Lobogo,1.8430510148376635,6.672356016295712,106
Kalalé,3.242447871456528,10.278554281330777,943
Tounga Dambaka,3.4471661388482793,11.396692335405398,299
Toucountouna,1.4501234596261638,10.601096094108163,57
Avlékété,2.216745265424454,6.356949459817338,57
Dassa-Zoumé,2.4147558949376418,7.502387504547451,139
Sokponta,2.2360041230195304,7.867400838648166,1204
Location #608,1.6880612107022437,8.583516651003535,2052
Malanville,3.4932452175095134,11.545305824524366,49
Location #14382,0.8257897151732292,10.460623195367287,49
Location #1756,2.837172356651493,11.01908229083776,683
Dassa-Zoumé,2.1351798648332188,7.709789451066102,134
Sakété,2.6735539475975023,6.636819543922742,85
Katabam,1.5087317716220625,9.918175416143573,510
Kalalé,3.4463199016394417,10.425925190347538,41
Location #2749,1.9561367798956528,7.4720428166245965,412
Tchaourou,2.5312167403192323,9.01729368046069,387
BANTERE,3.05835875739641,9.879809291567062,54
Bonhanrou,2.449894603341814,11.348403131679499,39
Ita Olaègbè,2.608615291166365,6.951963827800064,291
Takon,2.6576253597163584,6.674237672561306,62
Cobli,1.0459967445584237,10.505157430044118,57
Kouandé,1.6526020755527364,10.065724057487602,52
Kouandé,1.6876115915883565,10.019590330406936,198
Dabou,2.758496673788731,10.207665889544872,41
Kouandé,1.83774736544026,10.713213229754585,559
Location #8603,2.09309138308339,8.124810419314505,98
Adjan,2.2735035492835927,6.693746998704264,472
Bouerou Bweru,1.9557058753179244,10.174181158900257,296
Kalalé,3.2222552134504174,10.407001942755167,348
Location #10620,2.496747310069855,11.5939601565628,75
Tori-Bossito,2.1787387157607667,6.579494720433161,70
Location #12085,2.619243056072119,10.715506209841154,62
Location #12712,1.6871822020803957,8.258327352648966,57
Location #5049,2.794039975281259,10.55418048693186,193
Kandérou,2.5162945977721205,11.574818835265107,144
Tchaourou,2.9464873477394917,9.21205964325117,70
Location #8263,1.034043782131388,10.317615499179905,103
Tasso,3.2867027605172727,9.673340987827704,54
Igbèrè,2.0764333963570234,9.05977280085099,93
Location #15973,2.184518512975021,11.08000830094323,39
Massè-Adjégounlè,2.4851449896723548,7.159749798146493,46
Songorogougou,2.338156365020326,11.27459069548714,52
Bafounou,2.5438408914070587,11.430214136920721,119
Location #6547,1.146506628145261,10.565571979939183,139
Kossou,2.0804895938328327,10.717507603762403,93
Kouandé,1.642136449519562,9.968671991448074,88
Gounarou,2.9523039510914635,10.905197031133953,229
Itchanfan,2.6238348555203657,6.978473863888074,46
Yaka,1.5083259573498875,9.828615135938517,98
Korontière,1.0201200240408113,10.261948203868004,46
Malanville,3.420085794018226,11.855502317477692,1786
Zangnanado,2.390862057352883,7.2841803690526,46
Tchaourou,2.8899464533908623,9.094731031388815,871
Ouenou,3.330633789968452,9.962054814716764,67
Ifangni,2.770073404916899,6.723989428382916,49
Location #10388,1.6383795480528536,6.761269607565663,75
Dogbo,1.7821762534383019,6.83459789359734,75
Banikoara,2.3807653651052316,11.296397054065482,82
Location #3911,2.41062608625542,6.931614683219941,265
Kétou,2.709297664220831,7.251153735676274,152
Location #8740,0.9110489575286711,10.932003738257777,95
Kalalé,3.3628179578177932,10.303016347192957,52
Kandi,2.9878014872175203,11.198739140741868,157
Towi,2.5310583611957544,6.91122380403071,603
Location #7918,1.942594885350654,7.401611783691932,108
Kpomassè,2.036500073418234,6.460930496519116,137
DANTCHA,3.112700521648068,9.827542514536237,111
Location #13512,2.661607951279511,6.632357575859631,54
Dérassi,3.1930703198753996,10.251926243555515,242
Ayélawadjè,2.6046658508613136,6.933772530138531,21
FOMBAWI FONTABI,3.4116448978276956,9.944171024270329,812
Ahouango,2.008007979951283,6.620393679838032,559
Parakou,2.6104801736493446,9.295493233514236,44
Kassiassa,2.1636363656892406,6.8786860103479945,46
Kalalé,3.3660208524312365,10.175446840549426,490
Gbérou-Daba,2.913437990389867,10.206639549288862,54
Location #7001,1.6605777694437904,9.18832632928154,126
Malanville,3.2813417309525077,11.703169829528536,247
Alafiarou,2.676343157037661,9.393024075688274,1098
Kétou,2.6698388889798617,7.664446404063795,88
Dassa-Zoumé,2.1261130243226627,7.764471588240153,64
Kongou,2.9266951417322304,11.208892094518603,67
Savalou,2.057908359547891,7.902750226931172,52
Banigouré,2.778574131960798,10.831966380807701,59
Banikoara,2.518138753324526,11.228599819239747,28
Kouandé,1.4650401020828312,9.982156173547423,147
Malanville,3.342722546271624,11.661525939933847,15
Gbéhoué,1.8819946609946276,6.358015384965974,1719
Location #10536,1.9487807904929242,9.685458133360171,75
Bohicon,2.147354181135869,7.159759294384733,180
Bouroubourou,2.411494314830052,11.446407943309234,144
Location #6834,0.9160601027080512,10.444775961390029,131
FO DAROU,3.248649367545819,9.693198552169697,113
Location #8732,2.6316107195122718,11.46069845770472,95
Location #11487,1.8303064189815077,7.44539326606775,67
Kassakou,2.887376503535827,11.086466500813,201
Location #7932,1.6802223862953494,7.535486660669847,108
Dogbo,1.7084865173828194,6.779318068738472,897
Location #1367,0.9852697511710015,10.64993953087921,902
Mininkouri,1.4954321659452336,9.837942206262612,46
Location #9639,2.0962464692278604,6.437990762782695,117
Dédomè,2.0360827560253076,6.54360401769056,289
Location #12412,1.1546206584490395,10.657506335147525,59
Manta,1.0865590081520553,10.335520797508206,508
Location #5066,0.901979366009872,10.842323323532447,193
Massè-Adjégounlè,2.519074743625065,7.170291432085357,152
Location #5098,1.2899362634294662,10.437845380756139,193
Location #5587,2.3636765523867638,6.818824951818075,170
Pobè,2.65942209434325,7.04620842378907,46
Aifa,2.2986826777137694,6.7798489375720665,80
Banikoara,2.4007837874438587,11.146333596328676,75
Location #15504,2.2857025706520657,11.095161069602591,41
Zinkanme,1.9685971284666033,7.254163468438757,162
Ina,2.7646623427503703,9.971196043393912,88
Savalou,1.780189571094009,8.068123440083864,497
Awonou,2.542347666485369,6.7587319971720765,72
Boukounourou,3.1011613779267826,9.473377642540385,49
Savalou,1.6930211885695632,7.653256501326152,322
Natitingou,1.3238634144377064,10.387721290571003,147
Location #12557,1.4468889231648108,9.968339749927589,59
Tchaourou,2.3165353819168146,9.228258023646166,62
Sèmè-Kpodji,2.664227400395938,6.401104493199713,1825
Location #7270,1.3996716787637395,10.660777301186586,121
Location #15825,1.4068759692218706,9.869042313128507,39
Kouarfa,1.5158509798273307,10.484501234735859,1835
Donwari,2.877890087737288,11.104580914486633,70
Kalalé,3.173215800451444,10.451589339234314,67
Location #12916,2.542383753641432,11.097879100522775,57
Goumori,2.2571378318360216,11.179554787877107,54
Pobè,2.662218404882292,7.028800088166151,57
Kouandé,1.8370857772787987,10.00460389917413,54
Tchaourou,2.480855388263507,9.102648334204675,75
Podo,2.9832072827645217,11.171247606310564,814
Cobli,1.0129792197035725,10.534540004173868,235
Wouénan,3.6261013067195185,11.071926944575344,82
Djougou,1.7036970410805996,9.60936415653663,461
Sakété,2.682716903405019,6.737449617115826,62
Boko,2.6330379998724553,9.557584863422871,191
Djidja,2.005689104821855,7.3330451766996285,366
Kalalé,3.198864790155599,10.192794505860086,250
Kassakou,2.920181923234432,11.071670806445495,116
Kalalé,3.285061259830439,10.405703260433398,180
Tchaourou,2.634041150168474,8.80380873510124,173
Location #12368,1.3712218047434281,10.11562293752739,59
Goumbakou,1.6536528954071201,9.535072745718978,44
Materi,1.0876904010156079,10.622595996668226,175
Location #14602,2.439536471600828,6.650839102517494,46
Location #11339,2.7676993036474666,10.664964148171384,67
Tantéga,1.034150417230335,10.792601085805638,46
Kassakou,2.9165304568639043,11.073471855380419,90
Banamè,2.349062183186055,7.298120327387419,57
Kouandé,1.750702576611632,10.338197914282889,152
Agbangnizoun,2.0554662420781726,7.118137549465914,1938
Location #8502,2.280591748606349,7.204562542568227,101
Angaradébou,3.0584444086862397,11.327368608606282,13
Banamè,2.310330406277065,7.439748131448196,433
Sinawongourou,2.7821856585391282,11.097437866998654,54
Onklou 1,2.0967311741870454,9.39791174301715,307
Location #10510,2.4053973310296763,6.967862989360332,75
Location #10617,2.8164378899873266,10.992435709298302,75
Sanrou,2.870675377310803,11.182568683141287,217
Location #14443,2.4093009329498742,11.662712312635822,49
Location #1204,0.8967713663748407,10.720689812183531,1039
Location #7055,2.814684367471236,11.030173505624212,126
Ifangni,2.7258973377520332,6.6271790857961745,52
Ita Kparokè,2.593346681203092,6.993188246466651,410
Djamaï Tounga,3.265482412976492,11.975118848736276,77
Gorouwon,3.7096506412477392,10.652752589717121,28
Location #13760,1.282669646318758,10.19031787373668,52
Goro,2.4924997617286677,9.000380964357477,54
Kouandé,1.9667062173628924,10.69910056572279,763
Kouandé,1.5590479964429351,10.000636282318204,309
Parakou,2.6447489186558393,9.403890393069846,222
Komiguea,2.5245499229263757,9.518310488253245,786
Za-Gohoumé,2.218098542979162,7.210809515287022,59
Lissèyigbé,2.0486523471482228,7.263408039880587,1660
Location #2184,2.0544677617466407,10.046086987988813,536
SANSI GANDÓ,3.418625190811344,9.947106021734344,191
Gnémasson,2.0581153308692492,10.335589176571704,36
Houéyogbé,1.8654203630479913,6.5244175753805,62
Kokey,2.581117419458716,11.418532064922886,240
Tchoka,3.0341246519524048,11.353370281900176,629
Tondikoaria,3.2316051115852513,12.023309461203075,57
Location #7850,2.1693612407461726,8.40961629005235,111
Toké-Banta,2.3813293040433767,11.387593518616814,49
Ouèssè,2.5987260634321894,8.739725005092675,64
Pélébina,1.6480647579734118,9.48430033849055,57
Kétou,2.4524541031066702,7.386699471447079,106
Allada,2.1267866202111834,6.736538372435912,407
Yoko,2.6040534002731635,6.760424573476915,52
Location #14520,2.3866409660233487,11.094454489895922,49
Location #10177,2.6176542618308294,11.166683052747684,77
Dipoli,0.9918774867996472,10.42280344708214,240
Location #8000,2.7085308278211446,11.005054217347126,108
Location #12383,2.2658060973951515,6.7621047451451295,59
Goumori,2.263876221614191,11.176555033320668,67
Pobè,2.7431797910884286,7.123111586220793,77
Location #1213,1.0557331463139603,10.879574398273613,1026
Sakété,2.689197483967662,6.81279637672478,23
Parakou,2.573058846728057,9.278876277066743,237
Sonkorou,2.550417966831033,9.980059543636163,129
Bakou Bè,3.4120916951475295,11.171580156191055,134
Location #5458,1.7996489246482397,7.467822178959765,175
Honhoué,1.9239420245471375,6.5589164320421265,80
Kérou,2.131462779441039,10.861308448922614,90
Kalalé,3.433464026008305,10.255129445639907,72
Lokossa,1.7656314740124393,6.69541735080918,111
Glazoué,2.21110220452173,7.9806590224169645,137
Dassa-Zoumé,2.183951324789568,7.816288159093313,889
Location #13663,1.4183243890595258,9.90585396131724,52
Location #14716,2.8004837558789766,10.988345105943232,46
Parakou,2.661778135723373,9.281511477475762,307
Gnémasson,2.0522203233190606,10.333202591226497,44
Tori-Bossito,2.0735827374622806,6.512455686683239,70
Tchaourou,2.50085029073992,9.422230629999033,111
Cobli,1.021112107198254,10.536358545135812,461
Houègbo,2.1535476084968295,6.7938222686102225,160
Location #6699,2.288533899925263,11.042955002796452,134
Wonsiô,2.964839116229067,9.731598919421916,54
Materi,1.019494626096605,10.704783489539329,57
Location #10864,2.158203805873051,7.525051017025855,72
Bouérou,2.5459878838511023,9.753965796164932,1095
Abomey,1.962710933018485,7.196509011707188,825
Kalalé,3.6838669415267438,10.601889489867117,39
Location #10946,2.5454375089299415,8.116272240968302,72
Kouandé,1.76633742521953,10.352441343481475,44
Kétou,2.5058977339121817,7.300294829520823,381
Sokponta,2.229108983831918,7.867066875025124,62
Location #1707,2.650315353515591,11.245256441264013,706
Allada,2.0684740084686686,6.705493461842302,521
Kassakou,2.912256738332223,11.085516505955598,54
Location #11300,2.6268650293653883,11.330651211200239,67
Zoungou-Pantrossi,2.9851184391270382,10.809327973062262,116
Kouandé,1.628362899560099,10.15577341157099,57
Tchaourou,2.5098031438314172,9.014515014210613,229
Ouèssè,2.5735229343761112,8.71949156329084,77
Tayakou,1.1401215811649847,10.591979888499074,142
unknown hamlet,1.7467038956436804,9.224809198156931,41
Guèdarou,3.0342649016528687,10.919670771693676,415
Tori-Bossito,2.1420825670807995,6.488834650092374,784
Location #13751,0.8562371852955065,10.641767913101539,52
Location #3820,2.4432574961098164,11.072193264146907,273
SÈRIASSON,2.935751489546385,10.069724014026855,64
Location #11971,2.6231595615246,11.593807903166391,62
Location #13989,2.0778001743009336,10.074342011602447,52
Goumori,2.33315881020788,11.186095844493238,52
Dipoli,0.9543469699147947,10.329667887141252,44
Location #14411,1.7913126847624228,9.261528675961529,49
Yarè,2.3429311885270248,8.069576916927867,410
Banigouré,2.7232802639240004,10.861225452586158,162
Dangazori,2.986319048176815,12.275029435692128,188
Location #13018,1.9748989299327186,7.423916168835809,57
Kétou,2.5074618731838725,7.410193003426878,420
Brignamaro,2.0856800087100225,10.75309185180911,41
Damè-Centre,2.1957921640974263,6.845124869025647,211
Nikki,3.4145201437556087,10.07564288672805,52
Location #1094,2.5101514916378824,6.878804843025917,1142
Cobli,1.1393479650365017,10.530355426809036,384
Tchakama,3.306234540212733,10.90654975701231,44
Dassa-Zoumé,2.3920484539243523,7.693684410606555,755
Kpomassè,1.998871150018472,6.45557955563074,119
Location #8213,1.49442075214584,9.709665954139266,103
Location #10635,2.7579289398118334,11.003553740904081,75
Kouporgou,1.0899932648765112,10.260312649784698,31
Bakata,2.922661155201805,11.154888717050518,644
Location #17010,3.765930901400152,10.760782984827069,23
Savalou,2.0419307935969626,7.801416476326164,124
Igbo-Assan,2.571270161200498,6.821890863866552,106
Location #16898,2.2625597241942295,10.963237891655899,26
unknown hamlet,1.7631652641140976,9.24876618768107,62
Location #14171,2.3704939278109007,11.11501407837508,49
Tilawa Mékrou,2.836358343235228,12.403262195035671,160
Manta,1.044351192264268,10.425745972937056,469
Location #14827,2.2088366619656927,7.509979289550408,46
Location #15923,2.5452818942432107,11.576299387546358,39
Kouandé,1.7990114890644837,10.001140316384106,98
Ita-Djebou,2.6314208643699772,6.8462264065176655,137
Aplahoué,1.707164376435462,7.473146039131748,103
Location #16326,0.8835576853272596,10.497202567521052,36
SANSI GANDÓ,3.4600493295149595,9.98953295297929,286
Location #12538,1.9714907999043152,9.636730009538502,59
Alafiarou,2.3918494382179154,8.957638120716704,52
Malanville,3.3041926890947413,11.817706205566681,121
Sé,2.0709324588341307,6.770318791421762,108
Djougou,1.5181483709436665,9.728470530014336,549
Location #17046,1.7002026351391866,9.23412565323998,23
Angaradébou,3.053953541143144,11.33345103409682,54
Grand-Popo,1.8224848820355202,6.356690486674523,180
Koutakroukou,3.1468863079308464,10.99029223713158,77
Malanville,3.2970108630595187,11.749406888019065,219
Location #15677,1.060326542821551,10.304522353338529,41
Location #10591,2.3111105359950086,6.695906137574472,75
Kouandé,1.5660277384622787,10.074240850638066,39
Location #12699,2.6252195283789197,7.739617066494535,57
Gamia,2.8174616951239217,10.450813747980138,381
Ganrou,3.1169175063799632,10.154257860235546,209
Location #13433,2.4159118286427463,11.54387738493346,54
Bopa,1.9562029213053402,6.699802961899855,786
Okédjia,2.653244106726039,6.862347567499614,155
Location #4941,1.0992579996613572,10.534313544797842,198
Pédé,2.9388366439913027,11.217793075042213,62
Ouenou,3.438819103581285,9.971738002555279,101
Location #3688,2.5012130649855697,6.869559298740756,286
Natitingou,1.3619342109338413,10.243031925352488,75
Location #16279,1.105071104963086,10.616137487455047,36
Kountori,0.9274250229529638,10.409365718364782,111
Kalalé,3.2996695056431173,10.437584521671685,142
Natitingou,1.3351307283257718,10.38671845443026,255
Kouandé,1.5957038485597772,10.002773482022267,54
Koukoua,1.1002759705176206,10.251193585623637,168
Natitingou,1.325570427376028,10.361880371582542,178
Gbada,2.543986688208404,6.650852793045872,77
BANI KPAROU,2.891600149099172,9.976869952402213,46
Nalouhou 2,1.5853169615332552,9.735371290768803,67
Dogbo,1.8478022766235112,6.808231402881202,204
Location #11212,0.9270423724709804,10.643079161654164,70
Location #13318,2.1953479450951603,11.398200640373707,54
Materi,1.0546199121530653,10.679117410330981,869
Location #4787,2.3276307822466773,8.116634660951307,209
Kétou,2.7031351514369826,7.400871085932318,106
Pobè,2.7288510921123494,7.084356524878896,59
Location #4998,2.8501920201650166,10.246103210939049,196
Grand-Popo,1.8645380357164458,6.2864581339317045,1266
Location #11867,1.85578074714375,9.980099936399116,64
Ouidah,2.1367304521552515,6.362768674681819,93
Dassa-Zoumé,2.200781295856217,7.573160777306498,88
Location #3242,1.039265697082172,10.60228319988636,335
Location #15985,2.414322773792799,11.498710038730387,39
Sakété,2.658929486063302,6.653366310462357,503
Adjan,2.2507363274544323,6.706519661942445,1583
Kompa,3.0339883880500023,12.206318567471735,3911
Location #16400,1.822227714263803,9.154767848855055,34
Dodji-Bata,2.308464602875128,6.680139390359321,3137
Savalou,1.8784786593586555,7.722497353757841,2085
Allada,2.1939103637689588,6.614327516400534,106
Location #8055,2.6063247597490755,11.332438575741598,106
Tobè Bansou,2.2913763157430793,11.364211830328331,10
Savalou,1.9111063438572204,7.682992255173272,175
Pobè,2.689644001348249,7.070195711068028,39
Location #2664,2.0504097661832454,6.392491797005801,428
Location #9690,2.15304720451156,8.301888651699917,82
Location #7504,2.6395811194669845,9.429800434334743,116
Pobè,2.6746046528379024,7.0288531606761815,119
Anandana,1.4075619343827388,9.97478559186023,70
Kalalé,3.7760137792737423,10.523489519898005,93
Anandana,1.4028613959112475,9.901648933233867,67
Ougoubigo,2.4798167261137265,11.649324133310024,46
Parakou,2.712711467768819,9.287176165363308,106
Location #8222,2.2627121053365276,6.770077238164165,103
Location #14002,2.664254097362538,11.427729407435601,52
Adido,2.522355981570592,6.8459962455465435,67
Kalalé,3.0825706076069146,10.085705983284129,80
Copargo,1.5610217142055256,9.813207269794395,204
Dogbo,1.816847295135753,6.788199127892038,124
Agouna,1.693786164807628,7.595938295067426,49
Pénélan,1.478562989955498,9.255674846631644,54
Location #6687,1.9785703385313722,9.637647359507492,134
Bouerou,1.9741508841461104,10.132098747020216,147
Malanville,3.1992595304252247,11.674632553751296,173
Bopa,1.974034696254632,6.634192466849991,951
Malanville,3.2069874823303057,11.819212880859164,52
Toké-Banta,2.384688196972659,11.39925173614076,201
Banikoara,2.5731958477911228,11.31447329723468,67
Location #14179,1.1969192222582405,10.202964246223265,49
Djanglanmey,1.8168834874344741,6.402990007601934,67
Toura,2.3753273118708647,11.04095495297784,650
Kaobagou,1.8903887294260606,11.085195705825086,64
Tchaourou,2.6104555191928864,8.90704096833962,201
Founougo,2.5731546901405893,11.458533004263904,88
Dipoli,0.9895017414764754,10.328094923162007,88
Houéyogbé,1.8983056345633391,6.469008020461636,260
FOMBAWI FONTABI,3.331049856933625,9.881089253672936,353
Pobè,2.6140557473475616,7.056467738832242,131
Location #16527,2.7464200381635333,10.639827663014476,34
Saah,3.0586886966219526,11.232798750270558,72
Pogoussorou,2.495743098373377,11.472419130525623,67
Dogbo,1.8125003513159228,6.764441970983514,113
Sè,1.8118165862855837,6.5013071131552955,100
Location #4568,1.288642512154358,10.531166020694023,310
Location #13228,2.328872556045097,7.43910522674732,54
Bohicon,2.1796587712381172,7.167911600250844,98
Location #16001,2.7957025806469327,11.380951282315154,39
Kassakou,2.912754370464835,11.082746803537484,95
Nikki,3.279377917502178,10.052148070713573,155
Location #11044,1.9802529731107006,9.848408143268374,70
Allada,2.0614679847183726,6.722730097950172,160
Location #16560,2.6572769214789247,11.39590046861463,34
Location #8719,1.0423788193082104,10.573128984150351,95
Pobè,2.690816165321237,6.93225518985278,250
Dassa-Zoumé,2.362010589694526,7.394668401126789,106
Boko,2.5875181210583738,9.492644309458614,62
Gah-Baka,2.4132733345199187,10.189572806809812,88
Ganoussirou,2.4983972175659446,11.359735310394587,134
Location #11081,2.1825145796059546,7.347285115114741,70
Koukoua,1.0719447451580537,10.23471181199644,67
Dagourou,3.0162995438038194,10.881729854529908,80
Gounarou,2.932444068859227,10.902039244829357,62
Kétou,2.676756340896144,7.622261931628981,72
Beket,1.990437884047623,10.264398019679087,116
Dengou,1.721361464564902,9.283829786859185,23
Gnanro,2.3790190571862593,10.372686925726098,39
Savalou,1.7341695184663086,7.808892652284037,175
Keroukpogo,2.693489106592865,10.262049182035552,106
Kouandé,1.769302533939762,10.271248784322873,137
Tchaourou,2.9546713845589943,9.187166485266653,67
Location #14933,1.7786833378811517,9.265973379328237,46
Ouenou,3.304501491904397,9.858213364353825,46
Ouidah,2.069388885012165,6.321647180817478,232
Location #10034,2.1282204957754076,11.094965424613772,80
Savalou,2.115503820991431,7.902196430008497,31
Natitingou,1.4748184935994706,10.367625522623017,41
Djidja,1.9968557917789085,7.3805871648041315,160
Mèko Village,1.9909602561973327,6.316709322300387,113
Location #9121,2.407178938725655,6.686627132982375,90
Location #14499,2.5763381840799013,6.876195534423454,49
Sakété,2.724155957144973,6.718028972985279,168
Sè,1.835016369201521,6.473286114295442,253
Location #5379,2.389613518746358,7.024864311665743,178
Kossou,2.050236947742686,10.633074693524115,54
Za-Kpota,2.223689741968687,7.276832099280632,910
Gbèzounmè,2.0058597315569497,6.339244204740906,162
Sakété,2.6635248873603126,6.801098646985211,49
Kouandé,1.664980925289692,10.237611281924588,57
Dogbo,1.711839648993378,6.742700241883559,106
Sonsoro,2.75506260868176,11.106675996532946,49
Dan,2.061661030635919,7.333872628608543,175
Bakpéro,1.737238733361398,9.420683889571013,286
Dassa-Zoumé,2.3814750814682224,7.484177937385871,727
GBAOUSSI,3.179154229891701,9.903888635400213,577
Location #16939,2.755483343150067,10.681062928142577,26
Pouya,1.4111694930467926,10.206584723677876,454
Location #6852,2.795947994559303,11.35972392629565,131
Location #14313,2.7120267476053086,10.280163692105885,49
Honta Madjiya,2.5679315154340983,6.939052246304501,137
Gninsy,3.0600515773245984,9.650683261874763,492
Location #3556,2.316697727093104,6.765821241378435,302
Location #16673,2.0396878767583875,10.887530944517883,31
Kalalé,3.209983155327038,10.450390159041273,2016
Takotiéta,1.0771390711274007,10.340095699999935,75
Location #16931,2.437576653414833,11.030848888487256,26
Ouara,2.600227905477216,10.707553021507877,54
Tchaourou,2.570069776744443,8.926705286242397,95
Location #12593,2.564210706582185,6.6511124447631635,59
Location #2870,2.683940045163195,6.8794215943251045,392
Location #7993,1.8008274820936292,9.751413683250691,108
Location #11743,2.137065577620975,11.102667854366542,64
Ouaké,1.4848928068726457,9.561043961768075,62
Savalou,1.8538396418888086,7.719405324243073,121
Kouandé,1.4655254965836553,10.003003529619859,54
Location #13590,0.9292436425663586,10.277285269101322,52
Savalou,1.6892440983019554,7.688026602475601,82
Yokpo,2.2929797933796325,6.6193647492301375,82
Location #11382,2.3375997005530023,11.066090948674898,67
Kouandé,1.619443515656986,10.049075577256486,121
Tanguieta,1.2906804306099222,10.611350715083649,428
Location #1668,2.361677599683262,7.065475471847396,722
Bouaïna,3.7352141178438307,10.861660999883505,44
Location #9853,2.8495041488328123,10.933363621005615,80
Sakété,2.663075126775036,6.825181209088506,46
Tanzèi,3.51838827478283,11.038341149237596,44
Location #940,1.7523210635424895,9.846924549563523,1333
Parakou,2.7083199502619477,9.344954720808586,59
Location #6769,1.5620544156365064,9.735145482727663,134
Location #7809,2.1488811512857335,7.378682914717425,111
Location #9527,2.2759888053762167,7.170552135835236,85
Dassa-Zoumé,2.066174802187605,7.707840932063258,39
Ita-Ègbèbi,2.7100321748949385,6.925133152577502,237
Founougo,2.5379869575523055,11.497913893349722,46
Location #9275,1.5272706232723146,9.454837393466635,88
Copargo,1.6209165885967738,9.830093208827753,294
Location #14643,1.6632247331950207,8.517809496480952,46
Aïdo Village,2.004709875584362,6.3181771925686325,289
Ouaké,1.495567660754183,9.574241641287777,49
Location #3056,2.657331674652947,8.025677023480279,361
Kétou,2.6210463884042037,7.188577084194839,165
Ahlan,2.4813424912339213,7.196139373576654,211
Banikoara,2.5132425925246302,11.239056746101356,108
Location #1629,2.4767191548987895,7.725436207909777,742
Location #8391,1.1303285435500672,10.465275507999138,101
Location #12083,2.2989861969463927,7.029095196517384,62
Tanougou,1.483137916499524,10.88145848349333,49
Location #17068,2.236897571259045,10.84184743581407,21
Manta,1.0579449382860626,10.374819034808386,46
Kalalé,3.304779775682703,10.162421020707448,80
Houéyogbé,1.9283198984137901,6.482028731871419,124
ANGANKIROU 1,3.2546037991181724,9.770319429912186,204
Location #2922,2.213126246480076,7.396710214507617,384
Nikki,3.34746034012874,10.066304073266348,121
Kalalé,3.162043684485267,10.073349384101917,129
Kérou,2.1174940683187167,10.79241600567843,196
Banigouré,2.745670593312335,10.865524791193009,59
Grand-Popo,1.915697745253781,6.314670502543634,113
Kprèkètè,1.6566611094448889,8.674585444499247,57
Kamanan,3.455356407634363,11.23835732714095,44
Tchaourou,2.906091005473588,9.365512175975601,49
Tabota,1.0384223905469763,10.376392312231022,46
Damè-Centre,2.2805398844978098,6.84568139899436,49
Guessou-Sud,2.6532197383669547,9.993770151340064,52
Dédomè,2.0397770470052774,6.558828033579047,57
Location #15834,2.6482968659127395,11.085020598333468,39
Hlagba-Ouassa,2.2460218813747583,7.003334593144198,392
Location #12757,1.656636096597855,9.859956946699343,57
Location #15203,2.2224701811871563,11.251657831619452,44
Lokossa,1.75776013682643,6.5939035271874955,1362
Prékété,1.6429535853994328,8.58816054160708,59
Cobli,0.9826103655902971,10.422800030762946,31
Tori-Bossito,2.1768585728734466,6.551581166137011,85
Tchaourou,2.540364985664259,9.0688661056604,113
Donwari,2.828316171972969,11.176203532731678,23
Zè,2.247696249235792,6.688201895085326,70
Pobè,2.7075748061251517,7.113129404891928,392
Mani,2.9641667705287964,10.45005737861844,39
Kalalé,3.1950561453832624,10.352061059009609,64
Location #990,2.617696615231308,11.418578459863019,1258
Agbangnizoun,1.9543867117371658,7.039364710969097,1245
Location #16633,2.378954852735744,11.55573182284776,31
Location #16916,2.3620147265302247,11.529013556784818,26
Kouandé,1.456767142091646,9.981575855286096,49
Lobogo,1.8381392836839194,6.738043625347823,67
TASSO,3.2341428780673622,9.674340045208885,1412
Tagayé,1.3602693013836158,10.311976776362968,46
Location #14245,2.588521954754428,11.533566995627208,49
Ouaké,1.5064320272665919,9.528523295616761,80
Malanville,3.33920260183512,11.818740460373098,317
Tchaourou,2.473020619657016,9.16728363549093,41
Dannou,2.4712354259010416,6.628529303073234,2809
Koutakroukou,3.0988345377366446,11.027060311823469,160
Kofounon,2.5836269530331593,11.610973818323098,64
Agbangnizoun,1.959609977368852,7.038243125649487,77
Possotomè,1.9565749371214403,6.53584992343196,113
Houéli-Gaba,2.604243908293439,7.114513831868131,75
Dassari,1.1545925608732712,10.789888227641804,693
Location #5370,2.6162702871122048,11.585636523110672,178
Parakou,2.5851666054918128,9.377904301561934,49
Savalou,1.6653387889021674,7.629787610923438,72
Location #8466,2.7423098367587277,10.58753848498215,101
Location #2032,2.2397276367120345,7.43147700939878,580
Porga,1.0377087035885821,10.954912450274641,52
Location #4451,1.9703828924695244,7.504909232783677,227
Location #12390,2.0789805808281736,10.35976259286642,59
Tayakou,1.2377690458205142,10.587066414645658,441
Lokossa,1.828077824968597,6.673052421099586,64
Gakpe,2.129135155253601,6.485270904971181,217
Cobli,0.994679714573461,10.532785046434803,77
Location #15262,2.7458307820594614,10.622392912060953,44
Lobogo,1.874141367523288,6.665439536647413,72
Péhunco,1.9722677589329385,10.248486573752885,67
Location #2739,1.6976126088126133,8.56299857821471,415
Tantéga,1.0012574742828009,10.774585539593412,88
Tchaourou,2.5528665575551273,9.097111751066299,95
Location #16566,2.0382471330398477,10.726045535737526,31
Manta,1.097436925682722,10.409298744834972,49
Kalalé,3.6225745520369292,10.442023210740546,247
ALAFIAROU,3.401135853214387,9.90505512745803,443
Location #4925,1.9084007921408477,7.465445646020368,201
Materi,1.0314192910510531,10.643873439648141,119
Atchannou,1.7194192652785132,6.543886575594657,168
Igbo-Aïdin,2.5298822956470763,6.935650194640435,77
Natitingou,1.4534581437930276,10.29635323186131,180
Kouandé,1.767458269101881,10.346784332809051,198
Dimari,1.3167661651616342,10.346556275734718,175
Nikki,3.184013655356407,9.879413920010126,314
Allada,2.1571441343974436,6.737382519192323,170
Touko,2.8432711954361043,11.049761673491382,88
Kalalé,3.437086547786973,10.233775336223655,245
Location #9714,2.715193216361894,11.384306083775668,82
Gbahouété Kpota,2.5599564913628763,6.973446258050365,178
Savalou,1.9323730735664728,7.632865759619766,82
Sé,2.0645848846944026,6.768324921558238,201
Grand-Popo,1.9524187508885409,6.316638429231053,106
Natitingou,1.3495135965460858,10.306925474212202,44
Aifa,2.2857620174724063,6.80433962877803,201
Location #5456,1.1175227778111987,10.44868417527486,175
Ibadin,2.9698247416020096,11.282739245755245,57
Malanville,3.376177192373839,11.88167921247403,111
Diepani,1.6585114856191965,9.110430024203598,49
Location #8056,1.70074438070967,9.39647091948321,106
Korontière,0.9923113439192985,10.267875882239226,49
Sonon,2.8917645874816382,9.522743361494689,124
Location #8886,2.3736841823268597,11.009204563688558,93
Bopa,1.928904132071507,6.762798725653001,77
Location #5553,2.2985577606420127,6.73816386749423,173
Sori,2.8076103839418964,10.6961639790372,80
Location #14045,2.280265729773504,7.114027190297748,52
Ouaké,1.3642099142318607,9.76592231476334,46
Nazoumè,1.975740948207818,6.393223771731916,147
Tabota,1.0479874316261697,10.397241680976022,753
Ouéré,2.767913242143706,10.776239991389335,46
Sompérekou,2.5392573599541044,11.27914242074979,165
Location #9179,1.6180145424229493,9.327168549434283,88
Tchaourou,2.730503069527805,8.761802377095098,497
Sani Poutapouta,2.8878112670118807,11.318004117062449,52
Location #9911,0.8438965828195765,10.72278202876242,80
Dipoli,0.9865718261729398,10.352301691055755,93
Location #5563,1.368795303569261,10.128948065294942,173
Savalou,1.6612449763564539,7.876395175452615,186
Location #16338,0.9296614241750547,10.447136786568402,36
Bérékossou,2.0930933194504364,10.669013911621725,57
Location #11045,1.7993033620255086,9.738063695275955,70
Location #16109,2.567192684817667,11.501344329117673,36
Location #2803,1.7656976884644415,9.893512876912412,405
Location #16674,2.411718902407571,11.006923613271306,31
Lokossa,1.6382693233533931,6.714020705377078,235
Location #13756,2.6911892007687217,7.7535523460320706,52
Koguédé,2.1783573332394957,7.197463180701865,39
Location #7546,2.203490274616756,7.3764570008869175,116
Nikki,3.31047647042277,10.017432655919459,191
Dogbo,1.8496312378671667,6.763408284471524,157
Location #14705,2.2131835245551046,7.412918642536613,46
Grand-Popo,1.9179098888221924,6.306339482087612,131
Nikki,3.285747207466856,10.04590826283762,129
Kalalé,3.1609705787941165,10.03818884860135,103
Agbangnizoun,2.0434827187379114,7.057385370628525,77
Ita-Djebou,2.620411860184098,6.815498368913145,52
Sakété,2.6440156162242205,6.85089503878924,49
Kokiborou,2.2192009106215327,11.01843971405847,67
Location #12082,1.8117132551700963,7.407625863257357,62
Location #5311,2.8312862894878683,11.320517263123033,183
Tagayé,1.308617185145615,10.264743855600436,351
Location #1981,1.895438687772923,7.523157798376474,598
Ouèssè,2.5742936380524313,8.520235264360013,64
Ina,2.7656791321457703,9.995668798733774,206
Founougo,2.5952101496405455,11.504820732943625,52
Location #2423,2.2367209650485975,6.7376561813778775,474
Location #3520,1.3675125150229122,10.049850619762882,304
Kalalé,3.0378552401668655,10.084781451067288,64
Atchonsa,2.499109347990775,6.86720366816337,126
Dassa-Zoumé,2.315580761449398,7.606385832601091,46
Dantota,2.079799228158983,7.297368328037534,82
Ourarou,2.9926444460519983,9.776497929886219,93
Location #8564,2.5941676335609687,7.801219012588306,98
Location #7118,1.9707489653345702,7.2328061815598845,124
Location #15390,1.809339168447171,9.306546105059732,44
Ounet,2.4480024635567825,11.212300090540435,106
Ifangni,2.7723031328290557,6.745278893573447,139
Aklampa,2.104652197231295,8.20810210413122,44
Allada,2.0800231715968094,6.658081340277365,1095
Location #2212,1.8370740839081952,9.679428987459184,528
Boumoussou,3.4373064196292145,11.018374885564535,82
Bayakou,1.758489476530971,9.353619847546721,26
Agoua,1.946650151242745,8.327154267256967,113
Location #16519,1.8135536302496496,9.604190515179724,34
Batran,2.361931845073768,11.379783441147485,54
Sé,2.101447832854703,6.768994850631434,459
Location #10320,2.6328655031272503,9.959741072845635,77
Tantéga,1.0773080536660458,10.79316698600498,64
Biguina 1,1.6515476709835704,8.846089888115385,62
Oké-Odo,2.577615810072746,6.9602125176439245,330
Pobè,2.6342601223606077,7.026517600689567,49
Location #9751,2.5564268152030243,11.61283130249458,82
Nikki,3.418191109806431,10.061306243280494,18
Location #11169,2.7545427162716583,10.636068236157392,70
Location #13213,2.5496187866063384,9.98527936463993,54
Location #2980,1.1215971317832922,10.534749008231312,374
Kétou,2.70701924065148,7.294034469067273,62
Location #14336,2.8997967597370273,10.930503243714492,49
Location #737,2.1857449151060266,7.23044623377879,1688
Kétou,2.6560545250878453,7.662440397615207,119
Yingnimpogou,2.4729202437686975,11.544791243342006,62
Rouga Koara,2.8835808972534815,12.373340097257339,34
Location #3863,1.6962864420621115,6.50950523820652,271
Location #10726,2.67104547843092,7.671062739077822,72
Tabota,1.059856567883259,10.39114157054117,397
Location #9378,0.9189480680337045,10.489789511543284,88
Kalalé,3.2022656332287296,10.386807500741918,39
Otikongni,1.7623085429023204,8.42264322842732,67
Fafa,3.0106867923337655,11.275397670454575,49
Bopa,1.9692581939772118,6.658237774107313,314
Bouratébé,2.6295861422983506,10.516609276017936,59
Tisserou,2.893599027543867,11.109726726929184,34
Kongou,2.900323131102338,11.216835120059756,54
Adido,2.5564404801105036,6.845514604322505,64
Boro,3.0614098658665587,9.528806094518929,85
Dogbo,1.8404971911710073,6.7998768848584,740
Dassa-Zoumé,2.199595851412194,7.740294541196599,3660
Savalou,1.811153448263643,7.984194122709568,144
Sèmè-Kpodji,2.6053782427866845,6.365049192596757,139
Banikoara,2.4815264077977837,11.25078949060926,49
Ouenou,3.556606342206101,9.982630226164737,168
Location #3172,1.6133102759876055,9.899723028937117,345
Bohicon,2.152489155680194,7.165866404149895,126
Tchaourou,2.4119281839610562,8.79895418917229,54
Location #11604,2.6580966215549857,11.481603549518933,64
Dassa-Zoumé,2.1383915662643065,7.8703674251251705,188
Location #14649,2.0110761490521694,9.429342193358162,46
Savalou,1.7482598586462073,8.303381038630095,82
Tori-Bossito,2.1986765504178547,6.543510035606168,889
Location #7533,2.087056844147499,6.792281385016932,116
Location #11063,2.6774132225455043,8.146184157853542,70
Maga,3.359925157931403,10.861912684610536,88
Natitingou,1.43960137919395,10.330660020439037,41
Tori-Bossito,2.184496556029144,6.542495340223699,552
Location #8726,0.8452837372136331,10.38749362672616,95
Malanville,3.4070965226720946,11.832047351612905,268
Beket,1.9902553472266964,10.259558313120408,67
OUNREA,2.973654543581687,9.905071752837893,273
Nikki,3.244298378379956,9.967544429514321,70
Kouandé,1.486876091823935,10.010121729106361,82
Kétou,2.637170531898746,7.191370746995924,64
Location #907,1.7176530219317148,7.638426275449473,1384
Dogbo,1.8727557105653618,6.778589665489855,263
Béroubouay,2.7145296551142444,10.487523755355607,28
Location #12868,1.8229454456159193,8.120135937369836,57
Lokossa,1.7099303572453386,6.600088882125697,147
Savalou,1.961927626966912,7.881484231016416,142
Sé,2.0801596648750422,6.722525058633604,242
Location #13547,2.3884347757519966,11.087307310948512,54
Dassa-Zoumé,2.2802295045299217,7.688912438075603,67
Nikki,3.2203490979080307,9.79848075737821,72
Guiguisso,1.6897878535352884,9.05198742396704,131
Dassari,1.0654888524769774,10.750850393924974,912
Illosso-Saharo,2.584411280637491,6.754356490060836,72
Sakété,2.7040824252361846,6.8743437129058345,304
Location #857,2.679184149391127,6.843992299599337,1441
TASSO,3.2619632046654456,9.65569811494727,142
Kalalé,3.142167914848627,10.43925068609173,67
Ouèssè,2.3723896714880723,8.494589554798104,4085
Location #3789,2.4414576640542687,6.7394737140746654,278
Allahé,2.2725782920280277,7.1698715877309125,36
Location #3143,1.9897223671427222,9.783454420569173,348
Kalalé,3.1408839141625475,10.138069067529134,64
Sanni Djoulde N´Gando,3.2943642557571544,9.846390997829316,85
Location #11602,2.829596367768557,10.670732319468957,64
Location #2304,2.3692498341533215,6.830421352039483,503
Kouandé,1.5809426350976976,10.16592597113998,95
Location #3604,2.1249691014750156,7.425891061068659,294
Allada,2.0599469133750072,6.717230573090527,358
Kandi,2.9766589137231114,11.099938792823453,44
Kalalé,3.3607829464433063,10.304562907237672,28
GNANHOUN,2.9023805703403625,9.902545404764219,1678
Awonou,2.551439403228947,6.696402361890573,892
Tchaourou,2.750674174021781,8.974004053064089,351
Chein Gbéroupanin,3.0124823100542293,9.884772742273697,41
Timbouré,2.6773902523053423,10.412191167711075,46
Location #16248,2.6314799766006916,9.71919151515434,36
Yingnimpogou,2.428513457165585,11.520820471756062,72
Tantéga,0.994527824432076,10.849619613787416,222
Massé,2.6101728961948116,7.211398844764819,49
Boko,2.6657185447551783,9.487053263932195,59
Location #12876,2.63237087772188,11.534080645010935,57
Kokey,2.5636415690995538,11.397530670611117,46
Beket,1.9939736586411225,10.259111241677171,64
Tori-Bossito,2.1819980704816055,6.597583181703112,302
Banté,1.87281148677168,8.413865540566356,59
Djidja,1.9405973881811358,7.329573734531786,345
Tchaourou,2.8482692347781646,9.471187152405872,23
Dipoli,0.9875453949099308,10.35612168928385,44
Kountori,0.908590623231155,10.391258788221311,103
Kétou,2.620002805826392,7.326426956875868,237
Founougo,2.592075112365459,11.508244563626723,144
Location #14297,1.042535161510836,10.440524136808843,49
Location #12685,1.9713283325571995,7.495456486715843,57
Kandi,2.7995098100641242,11.04682148838609,72
Location #14669,2.2422116150238836,10.92055527912127,46
Dédomè,2.0349140065647324,6.582325232699305,85
Goumori,2.1840762080608798,11.2147314295095,46
Location #13342,2.667705124755137,6.630036648858489,54
Gbéssaka,3.4091520503153054,10.976274800237748,54
Materi,1.0231327488203963,10.662248316330603,387
Pobè,2.6892235517146594,7.1206191645980645,606
Location #6182,1.1018538536654285,10.447316127204685,149
Lolo,3.030321384663194,11.281563238396966,106
Narerou,2.323284097788082,10.086814464084641,39
Location #94,2.0255044156524082,7.271808211892891,14515
Village de Detekpa Adjinangon,2.2022277235951684,7.267607492124685,186
Pobè,2.6752313807777575,7.126328956943862,967
Tantéga,1.074963316713699,10.785685456076795,186
Kouandé,1.8756932240257211,10.881929235934036,544
Kérou,2.081124966551678,10.78143153680288,39
Domè,2.196393973175087,7.092777088422539,93
Tchaourou,2.7631310490379537,9.192430096988222,72
Kokey,2.564056058407546,11.390837258363904,46
Gbaffo,2.278393244054684,7.100917947973707,90
Hio Houta,2.180419836560567,6.33866462252257,119
Location #5175,1.967810880311312,9.715841429380005,188
Dagbla,2.5748845681894883,7.090065023744725,59
Allada,2.0313168236785697,6.669812688547848,541
Location #15110,1.7200453132286235,9.946937212583029,44
Tchaourou,2.717633434014581,9.273549178059016,36
Akiza,1.991085793389205,6.977542805413321,186
Yingnimpogou,2.442821742963642,11.544603543517548,149
Biboubawangou,2.2525205006181555,11.291156252571076,271
Location #11821,1.4023486802806617,10.083577053355308,64
Malanville,3.2846234500352645,11.882977321213852,70
Komiguea,2.478023810895344,9.599594684487375,46
Ouèssè,2.6486086418154033,8.397275610848004,67
Daagbé,2.716498575493357,6.590866921420439,59
Yinwonnou,2.52994932423352,6.819028122263082,75
Iboto,2.4329667499208463,11.352790810560426,41
Kassarou,2.8930397599506565,10.230363162086004,639
Kassakpéré,3.118654906096067,9.926547662168796,52
Bopa,1.9120124825081062,6.588178903620729,155
Kalalé,3.177705146654929,10.24081666589103,44
Location #3846,2.746968608063234,10.653853644609418,273
Location #1479,1.7690790371563863,7.492087806918931,830
Location #17086,2.37348567477492,10.727827142247666,21
Location #9573,2.815885526488859,10.645548450630882,85
Dassarou,2.915947987093175,10.072633569211142,119
Houègbo,2.149191069221811,6.81828009333968,2085
Frignon,1.6316364088153263,9.125305238280825,131
Founougo,2.565009436400908,11.523920366113929,75
Location #985,1.7836005538306643,7.448226920225472,1266
Kossou,2.074090857359869,10.689861913240904,70
Takotiéta,1.0542307269818165,10.34809327647345,198
Location #2691,1.7572326617487795,9.915398648623807,423
Location #11098,2.5245552291913547,11.152670940531145,70
Gambané,2.8387066288822256,11.069454074939886,126
Kalalé,3.106370842637553,10.14379447316962,155
Takotiéta,1.0277966588629932,10.282001820094282,77
Abidomey,2.532621281862508,6.741895198520695,70
Dannou,2.4492257835658413,6.648816030967408,518
Kouandé,1.6738428829577505,10.00933766361593,155
Batran,2.3401987986816724,11.392206852743024,191
Glazoué,2.233185099816833,7.937537008329081,54
Djougou,1.7327012134920659,9.766099087015823,44
Angara,2.983860055598047,10.079920985182401,178
Dogbo,1.8141527086036118,6.78379357690204,124
Founougo,2.6042685748088967,11.541040573491339,214
Boukombé,1.0817827302142942,10.20703962353494,95
Kikélé-Logba,1.8154248588925734,9.045188415356725,98
Basso,3.6468929083350985,10.534408084893373,26
Tayakou,1.1894417511575937,10.523648411154316,188
Pobè,2.6886258082558796,7.078050637580254,80
Sakété,2.7156459128142565,6.858394577170437,170
Ouaké,1.4606584757267778,9.663659780254065,139
Location #10494,1.4427639834196917,10.604735804544488,75
Location #13580,2.775841740504457,10.667976265455057,52
Location #354,2.14098635442746,6.795479369816994,3420
Sèmèrè II,1.3575218139129812,9.527010194900976,1191
Tori-Bossito,2.0907332482938257,6.491928085579909,77
Toffo,2.10201705321012,6.826176894660055,77
Savalou,1.689715147031462,7.754325461306067,673
Ouèssè,2.625258784013556,8.445083052118342,64
Location #9822,2.665524226103244,11.478600425480803,82
Gnanro,2.396738200773795,10.3852648033772,44
Malanville,3.172664909748226,11.70907582071756,59
Pobè,2.666730153011004,7.131119873143842,85
Massoupouna,3.6575372530782904,11.14896703582337,760
Ouéré,2.775225460676453,10.787879090147639,90
Sandilo,3.125694254031738,9.538286163524129,111
Tisserou,2.8790981080083844,11.109931123574912,46
Location #3641,2.063427454643055,9.405832544170046,291
Banikoara,2.295098204598672,11.323397766511558,18
Location #8961,0.9308403097616201,10.560488280193042,93
Location #16666,2.3626620922446997,11.53641610218187,31
Location #7789,2.560296263697519,10.016075106031268,111
Goumbitchigoura,2.8995661671364092,12.322059861828164,974
Location #2785,2.342047989150083,6.986636291133429,407
Bembéréké,2.698206171018608,10.162424482583944,39
Kalalé,3.136338262035685,10.325652537163474,108
Lokossa,1.8059100525657739,6.7051257379328515,2162
Founougo,2.5986160918411194,11.50502551266718,26
Founougo,2.5808306337710594,11.528110933574371,36
Kouandé,1.6477202900023151,10.237241282464705,77
Boukombé,1.042332357985414,10.204996772201888,258
Dérassi,3.2205113212329155,10.169774550160927,108
Pobè,2.757352220685609,7.152955981200145,523
Location #491,2.333984730383568,6.8237606187596995,2456
Kouandé,1.6933112578735743,10.534484832365253,124
Gnémasson,2.0494670100455563,10.332533565816778,31
Location #16660,0.9359858125996819,10.425862890156694,31
Abomey,1.989690159410717,7.218395272717144,106
Location #16752,2.470301263253017,10.904253330441616,28
Tchaourou,2.6154419027997453,9.024884597777387,209
Location #15522,2.576032485632892,11.429308469366,41
Location #7339,2.5620479194505945,6.612405384765128,121
Malanville,3.477060330153926,11.795404983244408,10904
Djidja,1.9608060162449654,7.356322506455426,307
Savalou,2.069587865444602,7.540076439223224,57
Location #17039,1.1153954195027036,10.674038723323811,23
Taba,1.6754207763836295,9.302141313736048,49
Location #7024,1.6745663352865559,7.533445843445194,126
Dérassi,3.222332969730751,10.155594314292077,52
Kalalé,3.197343808802989,10.451590363864737,464
Location #2136,1.1436007158927697,10.51039012634693,549
Location #15439,1.0320755079451762,10.568653477482345,44
Koukoua,1.108864711043799,10.243252807883518,209
Ifangni,2.7754492717186636,6.714468294791728,85
Sé,2.081755549559773,6.740356231451805,106
Gnémasson,2.0759489169495144,10.311788239402162,57
Location #15999,2.031660815312443,6.416011163885189,39
Iboto,2.437310275245985,11.355270545296083,57
Tomi,1.4708670106882602,9.786751651515958,168
Lokossa,1.8451088488876177,6.747756893834343,124
Kokey,2.5413898132449004,11.397363661543373,67
Ganoussirou,2.513619079094904,11.429609420322734,209
Igbo Ougouchi,2.4889631332297557,6.941778655057202,247
Pélébina,1.6109553204653841,9.48267269439674,39
Gnonkourakali,2.9629521324262695,10.058932808293413,62
Ina,2.829589046875266,10.058928984283252,88
Location #14958,2.9903555391350647,10.235434716114336,46
Kalalé,3.090128878149016,10.202566604787235,144
Dèmè,2.185126147385563,7.064433967435018,57
Location #15506,1.850762396931238,7.581987116647766,41
Ita-Ègbèbi,2.7153143221111953,6.915451775261856,126
Location #10263,2.241568483156535,10.930911780549867,77
Kétou,2.6629324479904226,7.567782350849518,412
Location #6731,1.6767531704171252,9.924339751921565,134
Location #8561,2.679865840461553,11.352157585864154,98
Malanville,3.158972739503272,11.609707550456253,62
Abomey,1.953595512967381,7.1973337997252935,1325
Location #3011,1.8044195602529853,9.768490423252585,369
Agatogbo,1.9080055911203535,6.384953244749955,204
Ouenou,3.3438153644455153,9.963794946555714,152
Dantota,2.1049904336712872,7.278192890037974,188
Location #12259,2.413229102076986,11.50099681720673,62
Location #10892,2.67555602387244,11.315422407304467,72
Boko,2.6129301233444076,9.515273321459835,307
Tchaourou,2.952114684960383,9.192005956169515,34
Taba,1.7452861035373852,9.242510181933257,39
Location #14383,0.8430068882856545,10.559226329364005,49
Brignamaro,2.079994882905094,10.742440204779138,52
Gbada,2.5218727443586157,6.63347968236525,75
Banhoun,2.699385323977669,9.749400071885491,436
Attan-Éwé,2.6324306761008325,6.883656653061627,59
Lokossa,1.7647089958619304,6.6765443585454545,90
Location #11227,1.863364690392554,7.383468271536302,70
Tchaourou,3.1159947156660146,9.200067381074927,67
Location #13936,2.311906564441395,6.743486873017509,52
Djidja,1.7756825326568115,7.3462240218919455,613
Tangbo,2.2576427469323606,6.62171456750528,85
Malanville,3.3362367205534342,11.647658484268232,64
Location #13675,2.2828990345681524,6.8187120560648955,52
Pobè,2.7221435688444346,7.171185182820097,144
Pobè,2.6905670627673697,7.06523152074512,149
Agbangnizoun,1.9875421843557661,7.086827670766914,108
Location #6110,2.5672180015686283,9.510475156565818,152
Location #10875,2.4224754352334426,7.911670587203804,72
Location #16134,1.408649523442875,9.999863831821594,36
Banikoara,2.4313695510616644,11.288008338802086,124
Yarra,2.492448848825127,10.554560753624378,77
Banikoara,2.4243732593724205,11.356995359753766,237
Pira,1.6936006308802478,8.575165850630498,235
Malanville,3.1698367690553693,11.701506721968638,77
Location #14555,2.418168328903864,11.49579291721114,49
Bongnami,2.855690035570255,12.257269310883357,351
Sèmèrè I,1.4148168960280172,9.516835796431314,72
Serekali,3.142541906511803,9.998765142542462,129
Kalalé,3.260634304579094,10.177083237654163,49
Atchannou,1.7754655415489826,6.522196153718089,152
Taba,1.6480370614683226,9.29963265559767,72
Natitingou,1.341767272244085,10.393793179023737,98
Parakou,2.58940679736189,9.27879242267513,211
Location #2604,2.0118694458091126,6.937723532437837,438
Sakété,2.6718759682296795,6.808163820177968,70
Location #5203,2.5956696793889105,11.468967120570701,188
Ahouango,2.047989272053353,6.686589527538297,570
Kalalé,3.083392438438011,10.365038270324328,242
Dasso,2.42860933434403,7.01603831500559,371
Tchaourou,2.9715772434137846,9.124321672806305,64
Savalou,1.68757088590913,7.840359893850434,358
Ita-Ègbèbi-Alakporou,2.734929999162002,6.908015813010275,62
Banikoara,2.5735430056808277,11.270060475996697,62
Location #6525,2.4086723435926225,6.964543430091757,139
Gando Sonna,2.9120892996775867,9.48114716986788,304
Kouandé,1.7718110369487958,10.36614852129473,39
Kétou,2.7037778788583853,7.1917680610199515,64
Abomey,1.9634483332351786,7.187032884111358,57
Kpadé,2.9083728021364488,11.027268407011201,80
Dipoli,0.9971318384740807,10.375141785866905,34
Kouandé,1.8215377699320086,10.624557756529502,121
Ouokon,2.48318754297446,7.126841088500963,70
Location #6697,1.9281822833299775,7.249282334210831,134
Malanville,3.3326635631448482,11.832949415096268,227
Ayélawadjè,2.5989238741654193,6.948290593833782,397
Location #13225,1.6018501300509973,9.859549132845014,54
Diguina,3.6019564540866087,11.15366352247468,57
Awonou,2.5396199229825056,6.778144343803947,214
Kokiborou,2.1925501913699263,10.925725435750655,18
Location #1110,1.07072750705925,10.60615392939014,1124
Zinkanme,1.9479386088145707,7.275035252390901,235
Lagbè,2.723858756412503,6.7041701559303135,111
Boukouro,2.3820858228590915,10.302568325015638,75
Location #15623,2.367237090721593,11.130676107623133,41
Béroubouay,2.796655329856373,10.566276015366133,186
Kokiborou,2.2226162047349765,11.05524564984627,217
Bureau d'Arondissement,2.379216847477944,6.751498340725016,88
Kalalé,3.309396920398706,10.185885710561731,75
Goumori,2.2328276717778768,11.153964535345931,39
Digbo,2.77039249087712,7.184527681769453,101
Karhoum-Yaourou,1.4968311083835604,9.858168918689993,2925
Location #14919,1.5488585583303738,9.768304019439887,46
Location #13485,0.8862047950258548,10.426069944369074,54
Pobè,2.6976465038666007,7.166640255235189,126
Location #1600,2.0631351481996925,6.774688963978159,760
Tori-Bossito,2.145899873869697,6.521493406383454,495
Dassa-Zoumé,2.2460698134086035,7.573698350618475,345
Dassa-Zoumé,2.206501978310779,7.612909308431322,394
Ifangni,2.774234498030771,6.731618937396683,871
Basso,3.6843216907888476,10.50600460594686,142
Tchaourou,2.5285469489990016,8.936660136029683,129
Natitingou,1.366353539820648,10.214290520907513,124
GUIDANDOLE,3.3214412540434606,10.054438851344253,477
Location #13042,2.660505855791209,10.758492792620727,57
Location #12438,2.404006322568203,11.472458787806625,59
Iboto,2.4497224920507077,11.394326307882668,170
Grand-Popo,1.8190035404217328,6.376460428941202,255
Kalalé,3.031452226936543,10.085670392263312,31
Kofounon,2.5820341347765967,11.587327609307017,44
Gbanbanga,2.2837098304111043,11.14624224910922,23
Sakété,2.7070392675790753,6.795461908259585,62
Tchaourou,2.4002808896436196,9.287422342786105,64
Balimboli,1.6569105290651363,9.033823780031035,44
Founougo,2.6021340491174496,11.5362822918464,21
Kétou,2.7105554985013516,7.716631869758382,157
Location #14077,2.231450063812471,7.463425033322371,49
Sé,2.119553044560215,6.7477112474740295,134
Kpassaba,3.5630625556459243,10.904156309665645,36
Mékrou,2.193857851816127,11.353529142174152,39
KALA 1,3.3318774677492087,9.715853795057596,95
Bopa,1.8922860961795362,6.745270204146495,44
Igbèrè,2.040899255872416,9.020450513433076,111
Malanville,3.125573682780591,11.966501844821497,214
Location #9793,2.1823932398236288,7.4160807260205255,82
Bouerou,1.983132979069614,10.129122180734173,276
Location #3962,0.9146023538194676,10.340873065249891,260
Bouroubourou,2.4135985081846725,11.426986057917441,830
Gomè,1.971289875933806,6.374730706256304,634
Nikki,3.5090260682400696,10.056233372320746,44
Location #9541,2.4929978274201328,11.676973839206637,85
Kalalé,3.2009238510685964,10.08841473548969,72
Location #15157,1.44993599209866,9.961433826198972,44
Ganrou,3.1080102859502277,10.128250181366582,168
Sikouro,2.772381667359641,10.080531601009323,82
Gounarou,2.858399667124537,10.85497898284293,64
Location #4124,2.703420350358973,11.384536722607965,247
Kouandé,1.8890164627718682,10.706694430737045,70
Location #9202,1.027231833487104,10.752435429021661,88
Location #16708,1.5266200185067222,10.149686909018783,31
Djakotomey,1.7416134313584177,6.8304220553684365,80
Karim Tounga,3.2730980792573465,11.929878889770517,41
KALA 1,3.3016496535582416,9.71968367939922,52
Kouaba,1.2273526516583937,10.213587391900402,49
Firou,2.0221573736760927,10.876813977962087,39
Kpakpamè,2.1199262449828655,7.306208143178569,289
Location #12079,2.6014470122935784,11.25883404962232,62
Location #8865,2.076031792487375,8.424580807073733,93
Grand-Popo,1.9733026865350027,6.311959222875321,57
Dogué,1.9444762384787833,9.10098734397134,49
Kalalé,3.1326156618166765,10.247477978377681,351
Saah,3.056238755969113,11.23180216981797,44
Natta,1.1240914321051576,10.208540107827114,170
Sompérekou,2.5871337149455997,11.270101560305546,49
Location #12074,2.0759529044927563,6.839246426453032,62
Hinzounmè,2.0548201968653217,6.407927239105577,103
Pobè,2.627528809114279,7.060552915552695,77
Location #8236,2.3975280506771552,11.661447652104759,103
Location #2256,2.4036678498060158,6.990374911229277,518
Allada,2.0896646927270774,6.717359088170386,242
Takotiéta,1.0613192360866115,10.349669147644502,49
Malanville,3.1683612437055246,11.704363762553056,46
Location #4518,2.8177375324119867,10.969484537946842,222
Location #2247,1.7909897962576273,9.760767454160595,521
Savalou,1.8570853595440382,8.02072037516871,106
Ita-Djebou,2.6272196193863695,6.793311100424005,57
Ouidah,2.094146329724136,6.414201545311337,98
Kaobagou,1.9399185341654652,11.03957872616238,26
Allada,2.1080826118883578,6.629968326164676,235
Location #13674,2.697632328530411,11.087198367887437,52
Founougo,2.464638609095389,11.49469389316439,85
Location #12059,2.09972240133159,8.263658626362606,62
Location #14870,1.932113319528564,9.653715082221776,46
Location #15228,1.6874667719655987,8.8742764637128,44
Igbo-Assan,2.550772054199652,6.823087031143193,142
Mongo,2.8659391303260144,11.146962343169315,34
Location #5906,1.6813972601866842,9.325907329321577,160
Location #11058,1.6290353613824597,9.879968735437513,70
Nikki,3.40976433071637,10.020137897930258,75
Séro Kparou,2.8721704410814946,10.282652381231363,72
Location #16451,1.1705631768387557,10.50415791780996,34
Basso,3.618453352300065,10.500534784660314,26
Boubou,2.431053366573527,8.110795281263492,258
Location #11024,0.867952777495467,10.73269560222488,70
Ouidah,2.075863028475307,6.41947381011164,206
Location #1124,2.0368194773110315,6.525956778980721,1113
Location #4270,2.202392295537355,7.435573738624012,237
Takon,2.64124629324593,6.63949676029321,85
Location #12466,3.542509038891566,10.717679222134034,59
Boukabo Kparou,3.1081397881656643,9.506650153960095,46
Location #11939,0.9732250239102824,10.617468568252416,62
Allada,2.099085429588257,6.66445785662755,52
Za-Gohoumé,2.2589937329287912,7.202413078275136,80
Natitingou,1.409637336245919,10.21739408281671,155
Location #3876,1.921986945907433,9.141089136934468,268
Zoungou-Pantrossi,2.906595341417738,10.767040253736107,72
Dassa-Zoumé,2.452423281392872,7.529178450854534,46
Location #10203,1.163122035915988,10.506810458310541,77
Location #15260,2.5814670464808858,11.430057582682975,44
Borodarou,2.8508097269474426,10.964774353584424,49
Location #15749,2.416434674552056,11.13768824103842,41
Alafiarou-Dérassi,3.2307823728751273,10.058384606589318,616
KALA 1,3.243116175601233,9.738586239357653,180
Location #12000,1.3618142660415886,9.967622351673528,62
Sakété,2.6629622321036246,6.713676401119098,479
Location #765,0.898008856298455,10.472186035806718,1639
GNELTOKO,2.947298400957613,10.001458227536395,46
Location #16604,2.8073380582055565,11.248908903666921,31
Malanville,3.3014861222323817,11.675042986663268,31
Bohicon,2.1379852961340093,7.1748322985784965,487
Agonlin,2.0545895459894656,6.996973527634776,1513
Location #7841,2.2766823953894884,7.268887923641198,111
Kpinnou,1.755166823089183,6.6097369483642066,219
Location #5449,2.5907327961114226,11.34166343511182,175
TANAKPÉ,3.229875497542059,9.714025796454456,1456
Kalalé,3.319330271195756,10.373115438460413,245
Kalalé,2.99700597784701,10.14554398676903,90
Kouaba,1.2294332736204467,10.250456385234935,77
Location #8283,1.9851507935087704,10.04185037684387,103
Location #859,2.3127047369963227,6.649169949931123,1438
Lokossa,1.6368840970826404,6.704303639104322,93
Béroubouay,2.7619045596289675,10.55960843023966,119
Sèmè-Kpodji,2.6909227131780145,6.426087911327658,142
Location #15550,2.494946705082292,9.587265207040048,41
Gounkparé,2.9649871737932063,9.47132177314811,113
Tisserou,2.8752951420536776,11.12667236357902,1778
Location #15860,2.618823226012462,11.268614614963083,39
Savalou,2.0131403698688533,7.770559497776634,4320
Ounet,2.4295773797444706,11.152809216622108,36
Tchaourou,2.8339855287452123,9.457760379588873,103
Aifa,2.2918335175013222,6.809541619572122,80
Bureau d'Arondissement,2.3677746039273218,6.76589196832255,72
Basso,3.6258925992147364,10.538537302685343,46
Natitingou,1.3488926442213085,10.182785892253268,119
Sakété,2.6544596436320695,6.786053505220701,113
Tchaourou,2.512835750666752,9.111895048242008,72
Location #14130,1.2505723161673843,10.236706727796944,49
Location #3199,1.8959345612828036,9.996607301242,340
Kossou,2.0886193410510208,10.58819319217186,448
Kérou,2.136683641357472,10.821714285268515,111
Grand-Popo,1.9446662175873033,6.3045248407335395,54
Ayélawadjè,2.598704586836517,6.942020451873243,59
Bohicon,2.2148478470926976,7.110258141965341,57
Banikoara,2.528379966422964,11.24766859235371,54
Souarou,2.4443322977559316,9.809173483754362,617
Location #11325,2.80576062054676,10.996530357568135,67
Diguidirou,3.135773790199041,9.582444598279842,268
Djougou,1.8191184384826131,9.693481334612176,36
Abomey,1.9701703037167486,7.134545253383044,80
Savalou,1.9169665192290175,7.749424629715797,46
Tori-Bossito,2.075846025597314,6.538034178873395,101
Dassa-Zoumé,2.146103600887447,7.936914762441065,263
Tchaourou,2.3786159939570872,9.241838059674668,75
Sakété,2.66788976476746,6.682145093159793,149
BANTERE,3.1240509941294468,9.876953858692264,902
Location #5006,1.747396165320792,9.570982646224177,196
Savalou,1.9189039155541285,7.649979661121179,121
Ita-Djebou,2.6576125001477946,6.844989532425312,147
Boula,3.1265562050662545,9.555670949938875,34
Boukombé,1.0368383197936173,10.25756511893592,180
DAKOU GOUROU,2.958244204740512,9.98701327731164,116
Donwari,2.8782950287218356,11.162563431618382,41
Kouandé,1.8676156307409641,10.675234158140718,49
Tori-Bossito,2.183885702378543,6.580377166691493,3575
Nikki,3.284328717473394,10.001159923268936,1461
Toumarou,2.39636157381626,11.398813442613042,124
GOTEL,3.3926402565955116,9.865093874707965,77
Location #6607,2.174859746579251,7.416162187085391,137
Bureau d'Arondissement,2.3768345452840838,6.740436079606815,119
Sanson,2.441042852430469,9.275213767552234,85
Bureau d'Arondissement,2.334431361858987,6.770715917008931,3995
Liboussou,3.4654503442938416,10.921645553079596,72
Bohicon,2.1720832129506182,7.166955859214875,59
Lolo,3.0541497353923592,11.242658621815165,44
Basso,3.68733465348987,10.572850903011345,85
Songorogougou,2.364810709308332,11.257690100716875,46
Tasso,3.251036095019222,9.644369278498347,90
Dipoli,0.9875105352365523,10.32001348010951,204
Location #15569,2.388875381333388,11.006415556573506,41
Ifangni,2.7243729353776676,6.55197420086916,325
Setto,2.115475472891613,7.546960713701306,418
Location #5406,0.9661675139670867,10.59670655697008,178
Tchaourou,2.8682403049119776,9.128827680212481,188
Gougnirou,2.456623409873195,11.484957501637862,253
Location #4079,1.1310408862409813,10.570080290947178,250
Bopa,1.9621344426314482,6.564987382764898,814
Location #6973,2.395234054242592,7.0066397738664685,129
Sanrin-Kpinlè,2.5625701871976005,6.714981105140327,59
Ouenou,3.4143641136336007,9.86846221684815,232
M'boroko,1.751874298829846,9.189497470074027,317
Location #16972,2.7800731985272606,10.672630530505646,23
Location #3077,1.8046913826475985,9.683567787746085,358
Kalalé,3.1442810915179598,10.14510869174205,294
Kalalé,3.3837927070440026,10.249388996677235,52
Adido,2.5708066160705583,6.849022315803877,49
Malanville,3.4041454220835043,11.813245353069938,64
Dassa-Zoumé,2.2890846237444356,7.5769686430096295,46
Péonga,3.2684983860803376,10.339955387072475,2794
Toffo,2.082540101197256,6.819791013840228,188
Tori-Bossito,2.195816060686587,6.577219530389222,186
Dogbo,1.6985536220878523,6.76835555983564,44
Sourou Tawi,1.682477685465862,9.045246687694274,54
Takon,2.627885235076169,6.6359642099852705,80
Kouandé,1.6314487639106556,9.987542832467964,34
Kalalé,3.076791003734399,10.203483980408288,39
Location #6754,1.0544553320970609,10.270890872892169,134
Tabota,1.0212426109864434,10.377393363780698,95
Dassa-Zoumé,2.3022204303126097,7.518446166833246,1526
Tantéga,0.9824723201687782,10.81072128606433,1425
Bohicon,2.0722184994701998,7.137128830653757,289
Ouaké,1.376637838736973,9.513282531133385,52
Faranguédou,2.8891149595817436,11.193831506796405,41
Location #14278,1.8572186731004179,10.118568170808043,49
Honhoué,1.9050408318093623,6.528296044492627,64
Location #7966,2.354706221837041,6.818933115038271,108
Kandi,2.868769169539645,11.041651319994752,139
Gomè-Sota,2.5998919918221177,6.5981012695534025,204
Nékoubanta,2.513754675512373,11.3880177445671,57
Location #11655,2.348256294620969,11.039699185967004,64
Kerou Bagou,2.747822915873387,10.791040696047665,39
Ounet,2.4095468849723956,11.273819106178964,31
Kpadé,2.8978329806987477,11.00825979526696,72
Savalou,1.6573729829088482,7.895375332886653,258
Houéyogbé,1.8701753684590618,6.516964840874234,70
Yoko,2.6243814876577423,6.722726919697622,1052
Location #8635,0.9261160587418217,10.841346469550945,98
GOTEL,3.3750354110084735,9.860208666034232,291
Oké-Owo,2.710957925332507,8.122932970119619,59
Ouabou,1.452479267582508,10.493153274009607,1338
Ouaké,1.4749365978042626,9.453128753746462,188
Location #9740,1.5000639456459495,9.622517796654222,82
Location #4762,2.613568753551781,11.56030356308352,209
Malanville,3.4229382650020694,11.708846447853295,101
OUENRA PEUHL,3.002170569764446,9.883605979086038,46
Dassa-Zoumé,2.2676657559870597,7.697726457685754,121
Lokossa,1.7992325356036842,6.6832792974114295,82
Soroko,2.4047993437421904,11.339106119212829,291
Piami,3.631445153775068,10.952632482213483,111
Kétou,2.4812842741469154,7.590955856080564,235
Bonwalou,2.875523957963843,12.242779878242072,353
Ounet,2.3912344242051677,11.178596984842532,155
Kouandé,1.4945161111679461,9.986960688452056,44
Location #1897,2.1070836306497926,8.358864231167171,624
Location #4676,2.697306910166856,9.609378612874503,214
Anandana,1.3804488910967747,9.90315017370343,201
Batran,2.356070843034699,11.389868153634817,155
Dérassi,3.2071240104263627,10.150528439203567,580
Location #7401,2.3326806598120893,6.653530141995244,119
Location #17087,1.7813758853795751,9.660102987238467,21
Gambané,2.8202568961443504,11.06272198838635,157
Kassiassa,2.167148254273234,6.874402216750549,745
Dipoli,1.0084803468921173,10.454852299774277,57
Waranzi,3.4563923563280157,10.938245227342742,52
Savè,2.517205420760661,7.937890307511593,49
Location #4825,2.615682068676122,10.685439298343299,206
Location #14566,2.53902670463717,11.588216260336983,49
Location #12155,2.742416310402624,10.980495608233422,62
Pobè,2.7079768891719094,7.174246211589844,75
Location #16418,2.461146910550083,11.00209604314799,34
Location #6394,2.351322307438775,6.934227480922846,144
Tori-Bossito,2.1160926850921014,6.518838616426507,137
Covè,2.324824764206024,7.305397006653762,90
Location #9190,1.5617602196174387,9.889021151243908,88
Gbéniki,2.3441420856326247,11.330389490721243,572
Tchaourou,2.720994075947325,8.913085020862528,317
Location #11258,1.5923676302663747,9.496233734826026,67
Natitingou,1.282719691986696,10.406693405822343,211
Atchédégbé,2.5264663705336727,6.795457334998065,469
Location #14072,1.392093904587524,9.988991474428381,52
Location #14385,0.9966993834469359,10.921991810913978,49
Gorobani,2.0053357516592785,9.464165207044825,90
Houéyogbé,1.864355587848045,6.457976773502256,250
Pobè,2.6167774037627107,7.053202685819708,46
Location #8330,2.2601272473684593,6.743894915173959,103
Location #2017,2.8597300458698816,10.533940424056285,585
Gbégourou,2.6803296001494674,9.484265359079215,70
Location #3853,2.6932656781759925,11.21748601998327,271
Kétou,2.466033255544908,7.3306098364056425,165
Sèmè-Kpodji,2.5485900269685784,6.42284937016486,3108
Mamassi-Peulh,3.1718308096857752,12.080088890175075,1766
Goro,2.4927877498034436,9.003971887897544,77
Location #1769,2.820855697225787,10.668881932298628,678
Materi,1.0195891826618446,10.68232801176423,54
Lobogo,1.9241320022640889,6.6834220454299835,113
Attan Idjé,2.6545777623444824,6.948523693304082,165
Parakou,2.560153975466755,9.335497205855262,57
Batran,2.3587435627085944,11.3897155462078,82
Birni-Lafia,3.1710382910484207,11.962455366934613,52
Vidjinnavô,2.5119815391118894,6.92754238988001,98
Athiémé,1.679293375401856,6.601466738278807,281
Sakété,2.641933454587967,6.8616467409441615,1075
Tchaourou,2.9869795235954606,9.13844721531712,206
Tchaourou,2.0566393413781023,9.154993035681628,1162
Lobogo,1.8241190256419473,6.722563389011841,126
Takpiéni,0.956762106860485,10.2633664230438,227
Location #15336,2.9830101807045835,10.994130183120646,44
Materi,1.0387138712623527,10.740890072418898,95
Location #5095,1.7397458234151257,7.424640368340448,193
Biguina 1,1.636968141551251,8.788953553761324,88
Ounet,2.4243557911983844,11.177985930473167,28
Location #4118,1.811526432536926,7.309149459487124,250
Dogbo,1.8106517411204928,6.755304771514353,139
Tchaourou,2.746418557110898,8.885256449042537,113
Kouandé,1.745603984991781,10.02134686346859,77
Péonga,3.2702039099552738,10.356421354950719,204
Location #8582,1.0547713015780527,10.434103518115354,98
Location #3792,1.6467818717242264,9.884586595053001,278
Boukabo Kparou,3.109602655969254,9.524109977481356,75
Location #2998,2.0315206678094326,6.500403333191813,371
Djougou,1.7913892722421378,9.722791763602666,206
Assanté,2.264892914244479,8.124174462715773,49
Savalou,1.6857667504331706,7.812906489973583,536
Dassa-Zoumé,2.304302443359371,7.730322930897748,552
Manta,1.1052582671270021,10.387904635772333,46
Za-Gohoumé,2.254203417541561,7.201283452988036,284
Location #12763,1.3685708534418313,10.060109960024475,57
Kouandé,1.827759457778321,10.77040727988917,1796
Malanville,3.298724313951626,11.354159400852426,108
Location #9453,2.570204593325936,11.56890418294637,85
Location #10425,2.4167090581794994,11.038274817329969,75
Location #10406,1.6946729086969525,6.563938125997731,75
Natitingou,1.3487875517076002,10.270448698537207,44
Tantéga,1.0165591892716046,10.779529908552117,198
Ounet,2.4353930756578914,11.172736860349756,36
Parakou,2.637681455919142,9.411590563223116,281
Avlékété,2.2185523362795028,6.354635399681298,113
Location #6162,2.611561637600442,7.078325637735749,149
Korowi,3.5901360888537477,10.80446080677061,49
Hio Houta,2.097772825149171,6.326819936130757,170
Onklou,1.977186849340755,9.404739958057393,302
Location #12104,2.3743571478150343,11.549026467956578,62
Savalou,1.7311811196404105,7.822150347801921,1085
Vanhoui,1.7928992138817121,9.56080305966831,624
Location #8479,2.7290028378720974,11.352898267777102,101
Location #4120,0.9049908264824333,10.828162053705142,247
Dassa-Zoumé,2.2839718130078652,7.648821030121899,784
Ouénou,2.6177198120553027,9.8002565489824,46
Sé,2.1224363819304846,6.755595332835793,62
Gambané,2.801000812912961,11.058068340073833,103
Agatogbo,1.925798308419588,6.411548171890063,1518
Location #2589,2.4093480765449424,7.000973685678566,441
Boukombé,1.1344305356080615,10.170558683519161,67
Dagourou,3.0287446807660268,10.895802790485188,80
Location #17168,2.254078288083458,10.931845733699912,15
Tchaourou,2.4922846470819273,8.823103995811568,46
Taba,1.6590104318671397,9.28073866352001,1351
Tchaourou,2.89931017411322,9.280623325947987,1737
Gbahouété Kpota,2.588559722742276,6.959991180573404,131
Location #2121,1.7061527273514692,6.809505566602551,756
Massé,2.5514091230803033,7.179947659197639,129
Kpebera,2.667867001998117,10.450699318663704,77
Bohicon,2.149390292949071,7.12041607772502,461
Savalou,1.844954152485056,7.85233018719649,46
Kouaba,1.2171616758519523,10.209485269553452,162
Kalalé,3.1970736418342685,10.340646542126361,1198
Kossia,2.437285020759042,10.272352520537053,64
Malanville,3.3888441286310447,11.796070208027476,438
Kalalé,3.3144693793454296,10.269861271732326,317
Bana Tounga,3.1560642984327467,12.115384701987322,54
Pouya,1.4593545542661515,10.24839427064167,796
Location #5751,2.6713129974187306,7.696388820553758,165
Tchaourou,2.4649799521018854,9.029101194259178,162
Nikki,3.53659111378314,10.068401925760531,139
Lobogo,1.8908971251695934,6.691137741370074,209
Location #6972,2.629321644829812,7.661024815883872,129
Agonkanmè,1.991098157027808,6.441498200188044,49
Dèmè,2.2100205841466716,7.06632879629886,152
Ouaké,1.5327071225402082,9.567573023272976,70
Location #15049,2.413327074544217,11.5574606363488,44
Attan-Éwé,2.620703441550166,6.863243526077023,178
Pobè,2.668815579487754,7.096945460691551,111
Savalou,1.682961554201054,8.102340604639759,415
Pèrèrè,3.1253178999012756,9.6991255701172,64
Sontou,2.8059112659919383,9.762062420688569,49
Kotokpa,2.183983588254557,7.1077159478008305,335
Location #13128,2.7310392055787753,10.623338869895502,54
Boutou,1.5170493591071073,9.388279782500083,235
Location #4685,1.0730866262918575,10.297126949574052,211
Kassakou,2.885237820078164,11.080696112064128,160
Anandana,1.4172148216192881,9.911636343186641,129
Location #760,2.191081694030588,7.217714145865815,1652
Kalalé,3.6285751728454936,10.160349518260116,28
Tchaourou,2.5259262505464246,8.890945031632102,67
Location #16397,1.717578149580088,9.966020169162944,34
Bopa,1.9578356545971454,6.5542798638735515,152
Tantéga,1.0389830997283247,10.84427512484458,101
Faranguédou,2.8470794995422977,11.286137850107966,64
Tchaourou,2.530773717908542,9.152785973933952,39
Tori-Bossito,2.097558286071279,6.498639980623521,75
Kossou,2.075972124349065,10.695736515586114,897
Takon,2.638797649287126,6.662488782291316,358
Location #16884,2.34678251577203,10.988037963534774,26
Anandana,1.3927178124427786,9.975366525910466,139
Dogué,1.9585289456835853,9.09400854896988,13
Zoungou-Pantrossi,2.9436024945876453,10.748715953166068,64
Location #8194,2.763181969644463,11.00175833871463,106
Oko-Akaré,2.6621279967008133,6.935034863963767,1802
Kalalé,3.493078462951768,10.197643874719336,41
Kpinnou,1.7864645443430711,6.566598932719384,106
Houéyogbé,1.8611003675456939,6.470723314724927,693
Location #10151,1.3842472156157035,10.45024547088967,77
Ouaké,1.4896424310748015,9.517098505860497,49
Dassa-Zoumé,2.2583658296715465,7.645544267896157,36
Kandi-Fô,2.997574947829524,11.12100040361546,36
Ouenou,3.5474780021967898,9.969780570821033,75
Location #14600,1.6521219257862156,8.460875851791084,46
Pobè,2.6741484021268986,7.005121305337724,227
Gorobani,1.974973390027071,11.037272823352907,98
Guinrou Peulh,2.936954776184107,9.944368443785297,52
Partago,1.9226087192806467,9.465114054891433,72
Tchaourou,2.42610571371203,9.123070914329986,482
Location #7258,1.9653699894858445,7.447555567129912,121
Atchonsa,2.4608924363728892,6.840961766647745,62
Berou,2.7488836061866264,10.25670991062537,67
Koumagou,1.132733165638092,10.155700707786023,108
Kalalé,3.5907962704954652,10.596555738430581,54
Simpérou,2.516703486180217,11.297390574023954,75
Location #11090,2.453780407154269,11.01911845710065,70
Location #15141,2.642466579149138,11.390851022609493,44
Djougou,1.7071006558058084,9.759428261435007,90
Gorogao,3.6724202265640162,10.4639722767651,72
Location #12115,1.8854010037562068,9.50434768032296,62
Ganrou,3.1123699940940495,10.114543966044282,474
Malanville,3.52117777585775,11.7516199969356,5762
Tayakou,1.2353539932218003,10.576607889620897,304
Thuy,3.0121519462592206,11.269485156040934,90
Lokossa,1.6292503501481883,6.669758248650265,312
Kétou,2.5146913833018547,7.412042650452558,85
Location #3783,1.3992940089367487,10.615799761671317,278
Aklampa,2.1450062779015853,8.208127131429741,219
Tévali,1.5416038102871945,9.826821646375056,54
Location #3314,2.3716335440521013,11.555395310214166,325
Location #6705,1.0978836227909539,10.581706933551743,134
Savalou,2.001080618337596,7.934846042013283,44
Location #1120,1.8806120248461553,9.980927398648367,1116
Kabanou,2.7972668481553074,10.523481072139392,379
Djougou,1.7609198641877595,9.765129544923738,34
Nikki,3.4526310381444745,10.10521692629436,52
Diepani,1.6540131923627317,9.11353249989341,70
Adjarawamè,2.546668946581409,6.818801475783615,49
Ouinhi,2.5062239749958826,7.142551960119803,77
Tchaourou,2.882241272054891,9.224866517165873,160
Yarikou,1.5133480686769314,10.401222843697827,338
Antéré,2.96075514899482,11.335612080774863,64
Sompérekou,2.5472181126434346,11.287390538641692,113
Location #3088,2.4307328758708517,6.976729187496798,356
Savalou,1.6627598481290378,7.862584268803363,1204
Ouèssè,2.5755785928756874,8.649537838136176,75
Kétou,2.6324844661512823,7.217536133758973,124
Fafa,3.004980482873229,11.236163700706138,134
Location #7276,2.1599175890026983,8.318882033367798,121
Agbangnizoun,2.044818313335234,7.105201441144404,1405
Location #4622,1.651869487455266,9.144726362867313,214
Kérémougourou,2.3192788296674554,11.348948215615668,134
WONKO,3.2981590696840093,9.980178902058269,273
Assogbénou-Kpèvi,2.0193120309502297,6.358155957998258,760
Tchaourou,2.834733881535501,9.294642885826898,59
Location #9615,3.730035638727658,10.663406347936535,82
Tchaourou,2.559100505903763,9.03100266655888,77
Kankoulga,1.5359209884198506,9.900934762939968,116
Tchaourou,2.579682704746173,9.259018393327677,98
Tantéga,0.962536677059229,10.791346796591643,64
Dogbo,1.8334460699065567,6.825852470121094,142
Kandérou,2.527409618438956,11.505036348282207,276
Bonhoun-Gando,2.7568266706566167,9.760933154013516,75
Kouandé,1.495293826162899,9.982613231249411,64
Béroubouay,2.7707874568698725,10.571080216864722,39
Location #12205,2.6123926614848174,11.393185616236103,62
Ikouagbou,2.9784952879952176,11.322302443037135,62
Savalou,1.7949201043065064,7.65918455232906,67
Ouèssè,2.5717581772650875,8.624183330268515,1304
Tori-Bossito,2.1393026739117076,6.481852635929037,183
Atchakpa,2.39865662075471,8.008545553335694,59
Bouro,2.4736645312299044,10.367970978331527,52
Location #15031,1.7882629329512663,8.570420704153221,44
Alafiarou,2.4496500053441017,9.07727157419221,70
Location #12308,1.5678155559177107,9.547994487479041,59
Djougou,1.6304306688134278,9.73033529125646,193
Ouidah,2.0744835617053248,6.432289085734573,52
Location #13178,2.8882564829937247,10.501239565780313,54
Sakété,2.6694290204801656,6.667647068768164,495
Location #10758,1.9018555383616387,8.298967515910887,72
Location #3796,3.5492733933862577,11.186578961560953,276
Pobè,2.7370579890705624,7.07388311965752,88
Lobogo,1.8487448807876807,6.656272825081537,67
Tchaourou,2.7297771519180722,9.081969429954142,2070
Dogbo,1.846133914432283,6.804363166987872,196
Tori-Bossito,2.117115005880031,6.494966746195062,101
Sompérekou,2.5309149318522404,11.302538895301787,59
Location #13346,1.6694396490605012,8.437829031787913,54
Kokey,2.561475062870052,11.429918176888531,46
Sèma,1.4037413282913858,9.827911238421168,52
Location #12179,1.7055489305865785,7.45268862959712,62
Dassa-Zoumé,2.0763626055717186,7.764755876195961,451
Guéra-Nkali-Tassi,2.894183624248582,10.278932500875507,1129
Location #10143,2.354818119141367,6.9443570458224935,77
Location #15151,1.8445064768332715,7.386534666375807,44
Location #16569,2.4941059454330143,9.601365286285901,31
KOTAGUI,3.4027294715720178,10.078271680851584,119
Sé,2.0933606926842643,6.7653863867560835,72
Igbo-Assan,2.559928736954311,6.821035032463777,54
Ouidah,2.1084228331132606,6.385342513278299,209
Ouaké,1.5019840470925867,9.512530595855267,389
Location #14574,2.303744700368034,10.94602195016867,49
Location #10648,2.322167719103518,8.237433855595992,75
Kouandé,1.46126376878577,10.015963170670181,67
Location #2006,2.572563699473783,6.677842858573968,588
Houéyogbé,1.924840659641131,6.491119134313613,387
Kalalé,3.452801628504749,10.183839572734643,430
Location #12343,1.6505694953249648,7.662338641954138,59
Allada,2.1605264011357312,6.689310065972939,309
Grand-Popo,1.9034825327014815,6.308562563654488,224
Materi,1.1143444237198177,10.742773294023676,253
Savalou,1.8892303552141028,7.772001415869585,54
Boro,3.0684364483373363,9.504903941153486,1119
Location #1180,1.3326613806363112,10.58311442992421,1062
Bopa,1.8458672388151136,6.7170073207435586,155
Tantéga,1.0004405490281887,10.825970763439214,98
Nioro,1.563557642020972,9.306604866007293,98
Massé,2.636624053714292,7.209040333554732,317
Kalalé,3.1749512922610665,10.439496234744158,165
Tchaourou,2.912025713473448,9.24515941032347,18
Kouaba,1.2164075917799777,10.20202838334479,62
Kalalé,3.632635331284179,10.113992820258083,227
Location #14257,1.955540514902568,9.71021309824249,49
KALA 1,3.257738882292951,9.736206121486777,82
Tchaourou,2.484968776744061,9.20166486747301,317
Tori-Bossito,2.109214852416652,6.5894705427087965,44
Location #9794,2.4540634874970673,11.093094883007995,82
Anandana,1.4692836029610683,9.88323805906384,147
Tori-Bossito,2.1091742830851565,6.502280100161907,193
Coussi,2.1583905554132072,6.8733178669158805,54
Location #8144,2.7071692424941087,8.131974376056796,106
Gnémasson,2.0406431559734797,10.327132522143216,31
Banikoara,2.3766391119830232,11.385736755874916,15
Malanville,3.157201658444697,11.817119166744181,39
Ouidah,2.0725956591263186,6.399362830174003,113
Location #14588,1.2118838556374287,10.282748709809072,46
Ouèssè,2.2688332913612186,8.653798710986527,59
Kouandé,1.5524935411729681,10.053061490297045,294
Location #12845,2.6946388138293456,11.387116373232276,57
Lokossa,1.623533418874618,6.710742111241702,101
TASSO,3.236573326078027,9.650264789741438,137
Bohicon,2.1607276211449005,7.155475281888179,624
Materi,1.1249782507194186,10.695277670234235,46
Location #3803,2.3945308325253762,7.017193478750198,276
Location #2644,1.6628684061960248,9.221337315203135,430
Location #10024,2.6493966149807657,11.040950777383305,80
Pobè,2.67030269162026,7.127366239629464,85
Malanville,3.476529040255576,11.6923203459338,162
Toucountouna,1.3842776034746522,10.505606486516204,95
Péhunco,2.0905440542481784,10.205814986413458,448
Location #16103,1.1024508866920475,10.5712321562425,36
Location #14132,2.550811609139432,11.048445588358208,49
Bopa,1.9812407496981548,6.646766699671702,1139
Location #10954,0.9917152120937652,10.738024401956926,72
Tayakou,1.1662101432854974,10.5317693078273,564
Banamè,2.3017710884877185,7.466522152493387,317
Nikki,3.213571684244905,9.999026662985775,52
Malanville,3.466495248661213,11.445855241664644,116
Cotiakou,1.2810802917789779,10.560301422553623,317
Toura,2.3543398059970784,11.088516091154483,119
Akiza,1.9895393255452,6.984927567954785,242
Kalalé,3.4268569328583527,10.197790277822984,588
Location #10882,1.2139781858632135,10.453067318862345,72
Dassa-Zoumé,2.205483089564591,7.721315793375461,621
Location #6670,2.230063428485106,7.421364019160538,137
Location #4967,1.6349878508321927,7.740562686115198,198
Adja-Tokpa,1.9956743843737437,6.483924398027928,108
Saramanga,1.7752122385191336,9.217316729683395,1528
Dassa-Zoumé,2.2854188002347873,7.585509393799014,70
Location #5327,1.393128659344658,10.620549540585802,180
Location #4308,1.5637527394191442,9.447816803487294,235
Sompérekou,2.562927549062129,11.223743485531946,54
Location #11356,0.8218602981588219,10.489129068115771,67
Tchaourou,2.9255288789058604,9.35470647304365,62
Ita-Djebou,2.627608487702491,6.837313336335803,137
Malanville,3.447865636650668,11.841221459776808,513
Location #8415,1.5326933052376863,10.248664775615202,101
Nikki,3.2070385264290397,9.7854898205187,142
Location #3759,2.218737827026041,7.919659179609552,278
Bagou,2.767586020407201,10.837962033176646,70
Kétou,2.533383336840275,7.37458787456564,54
Liboussou,3.4604660815011195,10.918761959333052,59
Dassa-Zoumé,2.2051465691745245,7.551774058957346,281
Location #15650,2.576348386001909,11.336290481681859,41
WABOUDO,2.822553464214234,9.91842330229993,103
Allada,2.073239969966824,6.6514298521575395,175
Tori-Bossito,2.141921318563881,6.540501490727463,75
Sakété,2.679465769054828,6.665596169752358,49
Djougou,1.813016307865017,9.730062060258902,67
Ifangni,2.7109394497467503,6.7321497182719865,858
Dassari,1.1135857765967208,10.83910440703845,1044
Taba,1.586091276056617,9.312860251361297,54
Dassa-Zoumé,2.419509128352936,7.5505501521855285,106
Péonga,3.28638698796129,10.315286237074178,149
SONKOROU,2.8081967613266285,10.077685298935277,31
Savalou,2.0051611010446573,7.854612002801752,106
Location #2531,2.03570303495883,7.270624767326903,454
Tchaourou,2.81747013739932,9.205993300477635,39
Location #3507,0.9417080879557145,10.727364235444616,307
Kokey-Sinkparou,2.516597357544614,11.35892839570236,59
Gnanro,2.3847320785772452,10.366359157530628,46
Allada,2.0815318112343157,6.608390933269682,188
Kétou,2.504066003359391,7.213404619250912,95
Malanville,3.353828850880795,11.861043887134201,36
Kalalé,3.1577784759251704,10.076635481070767,131
Gambané,2.8209000574922025,11.07237871169632,116
Kokey,2.5874611150565197,11.380571802835616,85
Koui,2.1254797968516996,7.02441276437896,544
Malanville,3.2233988625691032,11.799344855474788,134
Parakou,2.6023285952680335,9.396469712603663,155
Péonga,3.2772688636954483,10.348395763554244,106
Location #16641,2.7202879190409193,10.625234317245832,31
Bonou,2.4457928833778055,6.938475317753732,70
Tchaourou,2.4754800481531776,9.285572171736485,162
Sakété,2.642343420282059,6.800698464645373,196
Boukombé,1.0290774227017447,10.204659450472377,170
Location #16410,2.083997228412275,9.367477055813708,34
Natitingou,1.3480615755986434,10.368823740534715,72
Bohicon,2.136401013427772,7.182759452989363,477
Timbouré,2.656405888006208,10.420650899443794,64
Location #15006,2.386603688300669,11.471555465504617,46
Location #267,2.129435028890238,10.736860022497247,4438
N'Dali,2.63797012248821,9.806463559564607,64
Kassèhlo,2.069292964100687,7.434993390306592,745
Anandana,1.399286662305875,9.92965498632632,49
WOROUMANGASSAROU,2.846096425001809,10.103279859317226,103
Location #2071,2.1226116674347546,6.798873297104756,567
Tantéga,1.0098079055010616,10.767388215734593,108
Samounaka,3.6694106013203585,11.066160393963047,162
Location #10687,2.550873714233617,11.334391445882629,72
Gbanson,3.4194266651179963,10.76326377862769,26
N'Dali,2.6614498655954377,9.62936757974898,278
Houéyogbé,1.8571169471354048,6.587134306325538,113
Kokey,2.546015665905534,11.378177665910203,54
Agbangnizoun,1.9064613280092297,7.08667083534379,75
Simpérou,2.511428708249217,11.293789323184896,80
Ounet,2.4623272386711856,11.214536324181763,93
Location #4916,2.8129946933783825,10.990173071334304,201
Toussako,2.301052935859858,11.237971482674176,46
Location #7293,1.4787499875597938,10.153750082136963,121
GAH BAKA,3.034698617000605,10.022824084192298,222
Location #10505,2.1310004026499114,6.9772999683301835,75
Tantéga,1.037103970696765,10.870381305822159,67
Parakou,2.623704572688641,9.250320457671949,317
Donwari,2.8341430642648966,11.133534719030266,49
Location #2375,2.1013123514472327,7.449721298077198,487
Tori-Bossito,2.151112276462199,6.5450811485183,126
Location #12733,2.0157269553781045,9.779288875741072,57
Kikélé-Logba,1.8755237690725333,9.073438141504727,67
Bossa,2.460729996541941,6.993674640341565,211
Houéyogbé,1.8681208880366555,6.455832773546996,80
Manta,1.1077639329737767,10.409803559399455,126
Location #3531,1.1529098060919414,10.21717975893266,304
Wonsiô,2.9056554450156473,9.672876369952101,552
Kpakpamè,2.1400728102980406,7.30588112518571,126
Ouinhi,2.4478367055451224,7.049711466366067,281
Kouandé,1.6513204389346718,10.173849174784463,80
Natitingou,1.3536836711885016,10.246084619609556,39
Tchaourou,2.8192287859839875,9.169673746128698,44
Agonlin,2.0954101666724005,7.054366777440391,1753
Malanville,3.378246932598412,11.876966464539176,49
Dangoussar,1.5070133621616375,9.685567555408191,49
Kouporgou,1.0957218409811798,10.261855785377671,113
Location #15427,2.693782729324806,11.337819186180601,44
Sanson,2.4356764088556027,9.216997246742055,57
Location #10109,2.6729348574541008,6.632037538109405,77
Dododawa,2.8562361970136143,11.09746008786365,278
Location #10869,2.3502878585041427,9.762367672581595,72
Kandi,2.9256292509126296,11.013702051693407,75
Péhunco,1.9964795961412363,10.208549113615895,997
Location #6130,2.2759044638293537,11.091710440484047,152
Location #10936,2.918482708624061,10.830827836280072,72
Wassa,1.581234095942618,9.456718973795853,67
Kalalé,3.2245898512129476,10.394056185758625,358
Azowlissè,2.508617187675777,6.666863988751411,164
Banyanin,2.468512370344842,11.424579773584288,253
Location #7795,2.5964950832321976,11.51703344698365,111
Pobè,2.72512278696997,7.121384566559471,160
Pobè,2.6426538028878017,7.056579830710719,82
Lègbaholi,2.0888564356721915,7.425723950848604,77
Location #2997,1.9503157359374312,7.504117812613662,371
Location #6245,2.463195490578442,11.02850588456103,147
Location #6414,1.8808787083063865,7.2244820411669854,144
Location #12425,2.284188560824705,10.305069033195027,59
Djougou,1.7087196762689505,9.714058555006774,235
Location #13927,2.24812921624725,6.7216252228272815,52
Ouabou,1.4492623188156133,10.499824536971838,54
Location #9735,1.7070240846305438,9.944900174082887,82
Koutakroukou,3.0674824647781387,11.04613063423399,918
Houègbo,2.165379098142812,6.835730904581977,235
Parakou,2.5684309688429114,9.366531834987939,67
Mani,2.9801657437219737,10.437673056069169,67
Gougnirou,2.44706091212859,11.472412551845668,72
Savalou,2.067399731226572,7.857784797855475,296
Kalalé,2.977343479280011,10.175021808044805,237
Mafouta-Waassarè,3.6373114420621464,11.111266578451229,144
Yingnimpogou,2.472810915692043,11.50082353076975,214
Toura,2.3169591434930963,11.279495270020274,59
Honta Madjiya,2.573227046121529,6.932963148350618,77
Location #1976,2.330541696002093,6.686384326084855,601
Kalalé,3.496637012923677,10.425894346660924,142
Location #7451,1.985645669223928,8.200531773098284,119
Guénélaga,3.439377535655639,11.25171765742203,77
Location #13949,1.9508087301334227,9.797544890488863,52
Ouara,2.703667886571692,10.618047507719503,147
Ifangni,2.7761569223989375,6.720705222828391,237
Location #10286,1.217941759094335,10.082647688527503,77
Location #9963,1.739116406671585,9.9469591591822,80
Location #16842,2.2767647579455543,10.30854395459689,28
Bako Maka,2.829703023969704,12.38353067382028,219
Tchaourou,2.8718850078137206,9.09393254099669,101
Location #14104,2.7262158310900313,10.992939104181021,49
Savalou,1.7772155392357052,7.79967250038326,129
Location #2057,3.0784855430049367,10.720715688668749,572
Kouandé,1.835727703346222,10.799375039548341,46
Gambané,2.838148631653423,11.057894762870085,95
Natta,1.117577525559631,10.20009676926063,119
Location #3809,1.8349093814179542,9.482036641307808,276
Location #13306,1.8563671645347752,9.718777556964953,54
Location #3370,2.3116549394008663,7.09068121219584,320
Borodarou,2.8685377012378264,10.950968776295086,188
Location #5603,1.8882778720436244,7.5764011894641445,170
Gbéhoué,1.866057497201014,6.357178297457184,531
Tori-Bossito,2.0901063723149416,6.581106384906394,108
Malanville,3.3700909184037338,11.753014282559539,428
Location #8098,2.1548461504951493,8.336859330351272,106
Location #16364,1.9513788631421705,9.589398985534977,34
Kalalé,3.3422116148062044,10.15880647486002,149
ISSA KPAROU,3.0848546047903693,9.962151924561635,948
Kouandé,1.622991280269001,9.961035224827947,67
Location #16602,2.8149111910921785,10.954373892575449,31
Swanwôssou,3.0023246366027707,9.421472932429547,111
Location #6910,2.9193395307230214,10.827557842844065,129
Djougou,1.7376177909173784,9.693370287958814,217
Guéra-Nkali-Tassi,2.9097732177836413,10.30400285824048,80
BANON,2.7906469167273276,9.92489994352856,95
Djondji,2.0535577816079913,6.317529665277463,80
Igbo Ougouchi,2.500294095572508,6.946898437003212,606
Ouaké,1.4887161879823474,9.500235932297548,57
Ouenou,3.565767105768404,9.945162299413072,39
Location #9138,2.8298550708497117,10.996323522319507,90
Tomi,1.4588784526741325,9.798242500302162,214
Location #6907,1.3921429452960594,10.431141155313036,129
Location #13302,2.6989314317095268,11.446524030541894,54
Dassa-Zoumé,2.2749942783859263,7.817127540686528,186
El Hadj Sourou Kparou,3.072397332925244,9.37484656814117,39
Tasso,3.1838465445578117,9.6962755484713,67
Gbantodo,2.488147300000608,11.546047474145174,44
Barei,1.4299987829713539,9.647424481779858,70
Tchaourou,2.491254226842206,9.222590979015557,57
Boro,2.9340294207328177,10.35299099191075,106
Sé,2.0746002183530385,6.7672587368320745,106
Dassa-Zoumé,2.0654834750211934,7.75183457089236,46
Grand-Popo,1.7662213967448643,6.440285488389271,149
Tori-Bossito,2.1976454930482894,6.572064411791923,322
Birni-Lafia,3.208811956595086,12.01749818983579,80
Sinwan,3.4228038489794486,11.025251367758504,1410
Location #5259,2.609140766450978,11.265757058651735,186
Nikki,3.5137143319419177,10.084904681649633,41
Banigli,1.8142404563278445,9.383591726176471,70
Koumagou,1.1467258983544257,10.133409942101116,54
Location #7457,2.0570462328064285,6.80857226050105,119
Malanville,3.12675838129245,11.559208470486203,3245
Malanville,3.1415400333132033,11.941290507869368,44
Location #13831,1.4533958867293402,9.937782499909643,52
Location #14581,2.53758047735088,11.13414516606585,46
Location #13155,1.0793389185156652,10.453878096318952,54
Toura,2.359039724279257,11.090687457796296,31
Location #10062,1.6867089767526646,8.81390232625572,80
Location #10963,2.686929489879632,11.392363014378038,70
Ouèssè,2.569141125906483,8.476742344130571,80
Sinawongourou,2.7877861690374424,11.107185082727979,54
Location #13154,2.620494526542689,11.515631735443202,54
Gbékandji,2.5441507372402006,6.672466279967401,232
Sissigourou,2.8577175799179604,10.252104104009083,575
Abidomey,2.549795342309556,6.742377733715652,905
Location #15363,1.712143769185826,9.963090920538034,44
Location #14723,2.20444411230433,6.783926357541288,46
Kalalé,3.2810363073487787,10.271760507454408,129
Dassa-Zoumé,2.138658707963329,7.79663922377914,119
Tisserou,2.8791058405789642,11.11834933143138,330
Lètè Zia,3.5503603661430683,11.093493558222336,358
Location #12136,1.8451307355621087,7.2392752126507345,62
Kalalé,3.1737288310940137,10.077588606117208,49
Pobè,2.6959082040553213,6.971292863184432,52
Location #16466,2.446642476606505,9.660204207705116,34
Boukombé,1.0872868702602025,10.195136242537822,77
Kouandé,1.6898933040758013,10.150294486903817,247
Koutangou,1.0517565509936206,10.366495103598181,90
Toucountouna,1.3443395102816853,10.487023214214421,70
Sani Poutapouta,2.891702943365653,11.293697890547733,70
Tchaourou,2.3176141844038596,9.156029186896898,822
Houéyogbé,1.9180041372378926,6.5091232100327145,119
Location #12655,1.0465058236972165,10.44410389957014,57
Lobogo,1.903126908150722,6.689934769646082,119
Location #2178,1.6606839128731379,9.842573036150966,539
Nikki,3.2041392640830257,9.871345010631462,57
Tanguieta,1.2752102019897826,10.669481223571081,155
Location #7506,2.563436373478828,6.664748101189579,116
Djougou,1.630328256464253,9.740910328475506,85
Location #3942,2.7918171531786187,11.046400863942479,263
Kandi,2.933712793191307,11.143934996622118,85
Missité,2.0085042540592055,6.4596158254833185,70
Location #2115,2.37845577247033,7.029132191113467,552
Location #10571,1.0001598843709303,10.889182822383294,75
Banikoara,2.4187133645092955,11.333401659113823,113
Ichaagba Adoundoun,2.6110683599365276,7.124422851044771,85
Location #3623,2.83524869701258,10.983123169215824,294
Pobè,2.6680962910164245,7.18448870691355,124
Location #14628,1.4560378185376817,9.961995312891009,46
Allahé,2.2299039720429032,7.153535495864538,508
Sègbohouè,1.999212553480296,6.449438684547799,126
Location #8956,2.3571832089905347,11.515864771107973,93
Koguédé,2.160090282864447,7.223668559576985,72
Location #12614,1.3886392106150491,10.436390244023722,59
Ouèssè,2.46466371182573,8.12989145962626,219
Houéyogbé,1.88846455540091,6.52279804906601,57
Location #7984,2.747089928925901,10.973503197624343,108
Kouandé,1.5801459141078027,9.96943143497319,152
Kandérou,2.5477829723835477,11.650121811498552,70
Tanguieta,1.3241155300477445,10.683699111398882,1008
Koumagou,1.1249940337612387,10.154328240249226,72
Founougo,2.5584577814630607,11.475511173745247,317
Location #14255,2.000026051049173,7.535412738758655,49
Location #11148,2.4120446330773464,11.509521455475934,70
Location #14158,1.6439150717132645,9.932643948214455,49
Bohicon,2.1990794686501967,7.1263354986723195,564
Agonkanmè,1.9826078926711423,6.358128179571991,129
Ahlan,2.467460115375421,7.176705207829308,54
Agonlin,2.074225272711363,6.993572629114918,59
Donwari,2.805210891725974,11.221540199670688,307
Faranguédou,2.9003897495104582,11.179462042397017,258
Sakété,2.656475766074751,6.644488459526657,549
Djidja,1.9589429393718156,7.388418201255866,39
Location #12901,1.687308375049737,8.809850806273237,57
Tabota,1.0288284366723803,10.421666175150394,312
Founougo,2.5455675165431484,11.544380483065353,67
Location #12106,2.176306374980718,8.25766446652599,62
Ouokon,2.4645564652414214,7.099380551301199,2802
Tchaourou,2.5404879127266207,8.828906329753126,41
Brignamaro,2.0487807524329784,10.741603802395616,54
Kouandé,1.6738573519654527,10.065623700617936,88
Location #12696,1.8411052763958273,9.61333166107528,57
Location #9838,2.7121697476978337,11.386520479172855,80
Aledjo-Koura,1.4414225934942073,9.37331658795118,62
Location #11689,0.8650151776171776,10.728689120002366,64
Location #1203,2.147466287619144,7.06273282525088,1044
Location #4548,2.3700143184486504,6.787666441046369,219
Kpanroun,2.3795058087434606,6.668046502042127,2639
Location #4189,2.7663483038701764,11.417759175306715,242
GOURÈ KÈSSÈ,3.487893630941381,9.926003339181133,245
Abomey,1.9886347613986262,7.141215015245353,817
Ouara,2.7001133910765804,10.621539243995363,52
Savalou,1.7952706828883844,7.703652803693212,119
Bohicon,2.117915015187383,7.173033080918207,2799
Tisserou,2.8923296347779215,11.10671113624093,28
Materi,1.0450655829491302,10.673267684821186,82
Bopa,1.8899779474849259,6.742059923722186,57
Garbey Koara,3.0608104477100397,12.192635017696077,173
Ouèssè,2.649372511906942,8.392661217973123,85
Malanville,3.1680583083646794,11.90714164727099,77
Parakou,2.5373687653757235,9.478677804557734,95
Doutou,1.8747365907558002,6.552608174361896,49
Kpomassè,2.0223599689170997,6.4539915962520285,59
Kalalé,3.200567639174906,10.36619518949596,124
Location #12467,0.8911861683070746,10.734157176487507,59
Parakou,2.6768608514801824,9.38625072356421,227
Allada,2.018105343891399,6.591834213037733,75
Kalalé,3.504782723497833,10.4363324575268,149
Location #6580,1.0956168415009968,10.434107762412207,139
Sèmèrè I,1.4121970585014192,9.597904387150107,314
Location #4824,1.6938748901935199,9.438591790166482,206
Bopa,1.9430463315489352,6.690520050934373,95
Ouidah,2.0730188659885607,6.405211222257685,57
Location #4306,0.9469281299737878,10.833169139731089,235
Location #10744,1.797142847603435,9.75796962048272,72
Location #7953,0.9454971214920526,10.278586727743457,108
Gbéroukpanè,2.981971976302275,9.509994882951226,80
Location #6228,1.4231798191471052,10.103272953180522,147
Location #5822,2.290062288942437,6.776574528196818,162
Bagou,2.6932483576696553,10.841524180525928,44
Kokey-Sinkparou,2.510032384048178,11.359301743539833,57
Ouara,2.7310005424279815,10.68745377831407,57
Kouandé,1.7224619099580847,10.022107200820106,173
Banikoara,2.4171982268521566,11.355516970280362,85
Pobè,2.6975040928366276,6.965322268701197,613
Location #3061,0.8887191470434908,10.644348984288756,361
Location #3114,1.490124531325821,9.929156638779608,353
Sontou,2.8588921470862343,9.665376065004104,88
Location #7400,2.1418776273408775,10.742035693553177,119
Tchaourou,2.7211912462746186,9.059539904107101,278
Kouandé,1.483375808164697,10.058759846625195,1232
Nikki,3.257463333765436,9.81311279936082,119
Kalalé,3.23173170247608,10.221197848516834,229
Allahé,2.239258049603469,7.1806199434335705,88
Torioh,3.146795579739223,12.120558664123141,85
Ganoussirou,2.515523821740486,11.427778122691999,31
Kokiborou,2.311343985266299,11.276231877195608,39
Location #14505,2.709046148449956,11.244441244273986,49
Pobè,2.719952684563545,7.149461505021562,353
Iboto,2.4323133893317874,11.316714960240235,129
Location #11872,2.5791603480624428,11.19665690629424,64
Sakété,2.662175347023015,6.797851170279984,72
Kouandé,1.8277419926165808,10.76040335113414,155
Sèrèbani,3.4621540177184937,10.707401294932213,39
Location #12219,2.333126397619829,6.63505720924255,62
Ouèssè,2.6032135457510726,8.678669718189585,75
Tabota,1.025832762128877,10.403381728356267,75
Yarikou,1.4764939295169603,10.410549104474267,1341
Bouyi,3.0745439668115466,9.409593434796632,418
Mongo,2.857091785490451,11.16863688510755,340
Yékéna,3.145667639612276,10.039449249067138,44
Nioro,1.4959188402451975,9.289843414728681,281
Location #5073,0.9597539011790481,10.821584966089913,193
Dantcha,2.619491178501563,10.447346241309674,680
Location #4291,2.6184421393167345,11.5756922154858,235
Kouandé,1.6007653759326714,10.056504402058701,124
Kalalé,3.3628252948811275,10.306427067552983,157
Allada,2.2028894334784948,6.68488854447,64
Location #10084,1.4839027519888845,9.966821618765703,77
Location #9397,0.840449415065605,10.490414866252003,85
Saonzi,3.5767826821694353,10.621474062273187,39
Location #7370,2.3118598826261683,6.821171766493844,119
Tobré,2.13916777668055,10.247378382852261,593
Bopa,1.9515103401230367,6.741583703893183,72
Sanni Djoulde N´Gando,3.246593770804636,9.875357653731156,322
Kétou,2.513624924437904,7.259255389823825,67
Pobè,2.618619458394299,7.054878614910647,49
Houéyogbé,1.867751382953661,6.54293452420456,157
Zoungou-Pantrossi,2.9682767986938448,10.806709611983807,46
Daagbé,2.7112799702658723,6.557165555212976,54
Tantéga,1.0755761318069252,10.800409400967126,124
Location #8864,1.9897818898305795,10.26908165441479,93
Location #9371,1.4982424634778715,9.740740494983108,88
Kalalé,3.238863913743922,10.191141788274338,168
Dipoli,0.9970799299854148,10.356649650606794,54
Ouara,2.688869917375218,10.607959252264354,157
Parakou,2.5429212737645006,9.36122064140714,67
Abomey,1.9515938385698872,7.185682418654284,2134
Location #15801,2.4375870149263332,6.978459083434111,39
Location #14700,2.638218235154713,11.15312443359378,46
Sompérekou,2.540955601533943,11.285948264720957,59
Location #13445,1.872494333981781,7.167889865853359,54
Tantéga,1.078815771161595,10.839856482633852,54
Koutangou,1.0790120624803887,10.381582355838525,147
Kouandé,1.6684337412713102,10.269628368920886,376
Dérassi,3.279197383709426,10.143760277595916,75
Tchaourou,2.4453998668511225,9.335793134578948,62
Godonoutin Calvaire,2.019486325197294,6.381364328337602,85
Balimboli,1.6369774792694347,9.083188618498134,1098
Location #2721,2.0744565272685516,6.933908019773737,418
Location #9238,2.132842555590783,6.974341097869825,88
Yoko,2.6000459799492903,6.743487834073436,10
Agouna,1.6809803615245285,7.583220853872182,31
Goumori,2.200907057030816,11.216635997745527,31
Biboubawangou,2.288587347301647,11.300556217827992,137
Location #5177,2.360622530989859,11.028006354029797,188
Location #2810,2.172647723295417,11.250921036848515,402
Liboussou,3.5199014580130723,10.983000514240931,49
Dassa-Zoumé,2.48311487671651,7.631418770603492,106
Kalalé,3.460170832262121,10.38019391401286,52
Location #10588,2.540448740286411,7.773989639766939,75
Location #9101,1.6946140334985946,9.244657569592455,90
Taba,1.6708684167066983,9.268102879076164,59
Kétou,2.512135390381803,7.418881197161211,119
Location #7961,2.3857451635344815,11.569423053835028,108
Kikélé-Logba,1.822900309872358,9.049394859893468,1683
Location #10815,2.3636030894621203,11.57011921454372,72
Location #15199,1.8538971734780394,9.927925485901898,44
Cobli,1.006926186468985,10.465207483457577,54
Parakou,2.6942069520833978,9.312408680221049,967
Tori-Bossito,2.1823328493561376,6.54642381217841,180
Gouandé,0.9547104862931319,10.799455267396867,214
Kalalé,3.61238454188801,10.498022460431795,31
OUENRA PEUHL,3.0008694799006683,9.887577833403855,82
Tabota,1.0600781476985113,10.409499153129202,119
Bouroubourou,2.3955016129437268,11.428927199460658,90
Tigninti,1.3964456668897405,10.153217869441166,144
Honhoué,1.895559791064661,6.548838862022667,1031
Kétou,2.640652356285798,7.1921508538778856,70
Kpakpanin,2.6227310750875525,8.82015996525006,72
Location #9045,1.6964870922512927,7.488237949675921,90
Kétou,2.6273905798388753,7.573222496434818,113
Takotiéta,1.088948644600442,10.325562755885496,31
Djougou,1.5657749002746693,9.621856389150947,70
Manta,1.1038810977540663,10.367540936682945,36
Kouandé,1.910849774675011,10.670642305401277,46
Location #13052,2.599303309869499,10.71954674790381,57
Lobogo,1.941913598881694,6.762123179983426,64
Ounet,2.4121001362277608,11.176591873570459,34
Kalalé,3.279747622688577,10.20582241612852,369
Ouaké,1.4056127612048313,9.469188319582473,704
Kpomassè,2.023969897793135,6.4203560103926955,173
Location #9122,1.4114063951599205,9.97694796361037,90
Location #17051,2.709067326096905,10.601751181337242,21
Tchaourou,2.5505794745811894,9.149539909402366,85
Abomey-Calavi,2.2426747271745473,6.506397580268085,54
Banikoara,2.5143659464768753,11.251810093228976,155
Ounet,2.4544548162649535,11.16720178445899,49
Location #11456,1.6482867123085905,9.327762349659933,67
Location #4943,2.1291178209918944,10.366885071367909,198
Aifa,2.269358180329455,6.782957920394939,72
Balimboli,1.6610012277750812,9.076395343731585,41
Tchaourou,2.711655522695579,9.155984749574017,121
Alfa-Kpara,1.7596712041421978,9.62302673375063,235
Dogbo,1.8550467083260536,6.804201658849591,119
Location #8770,2.5968988517146974,11.21840623786633,95
Tori-Bossito,2.134496326289433,6.535781060361048,134
Location #9093,3.042366169668081,10.2956940289548,90
Pobè,2.678815333019171,7.137921547877838,82
Dassa-Zoumé,2.268121603007203,7.536668487612968,314
Location #13834,1.021445462306577,10.450185161741084,52
Gnonkourakali,2.9701714779620825,9.997100814894441,59
Location #10937,1.091872817766795,10.46538564361812,72
Ouèssè,2.538872806019569,8.654550586326847,363
Location #7386,1.6648630588860631,7.525485515284537,119
Location #11691,2.6306066924631373,9.966371584622387,64
Bouroubourou,2.4065971515618734,11.429547214543517,57
Aplahoué,1.6929857284343004,7.521002913601622,1204
Location #9746,2.1823651667715382,10.699150011273524,82
Parakou,2.706024886197024,9.351330838850178,196
Agonkanmè,1.993854593612264,6.41669142964213,814
Location #11847,1.7373098220174448,8.163368448141103,64
Savalou,1.698271619263654,8.003107256770662,175
Kouandé,1.4903156062903768,10.005641153106351,59
Dassa-Zoumé,2.2845889339237737,7.6873246291676045,88
Location #16845,2.4080190417854466,11.52311683652607,28
Lobogo,1.9325813896049409,6.605003185012983,351
Bakou Bè,3.411568388630561,11.151685625696228,410
Alafiarou,2.6830508624424523,9.395358211711653,77
Bonhanrou,2.461230345141862,11.411955026278754,57
Kétou,2.6050217603851213,7.385787050640258,47
Gounarou,2.9203287383135628,10.933489297939358,75
Kalalé,3.353290568716203,10.192527768786084,456
Kétou,2.6267071156947663,7.29790582846141,80
Ouinhi,2.4897715561216787,7.033289858293845,1747
Location #15369,2.0503627054764135,6.379481323236281,44
Location #15537,2.600715180333409,11.295595898251968,41
Location #14364,2.3738712026300512,6.7916948862943105,49
Kalalé,3.246793597548274,10.089332210901679,70
Location #3706,1.7913612504145286,8.157064930094593,284
Honhoué,1.936887822980019,6.54231905154859,242
Dassa-Zoumé,2.4178657565152455,7.732420960653025,34
Location #12459,2.2968293574929297,7.415277720522443,59
Location #9712,1.3617833022334145,9.976666915777281,82
Kalalé,2.9925887889962226,10.145474556105931,209
Sompérekou,2.533073642158865,11.283317758041013,165
Ouara,2.6929619653531844,10.608068526127909,39
Location #2881,2.0590380978695935,6.50750383746485,389
Kpoulou-Idi-Èkpè,2.557263234557749,7.024671381798401,54
Natitingou,1.2865286294356146,10.309460411633784,103
Ouara,2.682801959841662,10.631080951011027,39
Anandana,1.3988555359116297,9.971509420445557,206
Kokey,2.5458454618674793,11.39873726160035,191
Dogbo,1.768949336262664,6.825094070201784,369
Togan,2.161700557662593,7.014583748618183,763
Savè,2.4557892752003774,8.093679900506029,247
Location #15968,2.5547475517752543,9.70331397000133,39
Wassa,1.5677864837618696,9.462052431693703,343
Sakété,2.7233932551515667,6.847234604812767,232
Gando Sanni,2.9447407423397713,9.538674842007818,72
Saonzi,3.582295246739828,10.620061613771039,410
Kodé,2.467617906093258,6.771874155029117,62
Location #9799,2.608310968491364,9.677521833011598,82
Korontière,1.0086933775531817,10.286830124344357,46
Kétou,2.521786260091414,7.406043783879979,52
Location #10173,2.175262797682299,11.080175284690958,77
Location #3435,0.8284290026262182,10.393228189693277,312
Dassa-Zoumé,2.2450151377763516,7.644809378246683,124
Kalalé,3.6151463847072804,10.611269368894412,28
Location #2520,2.0540476547604745,7.2972759911319125,456
Bopa,1.9079507081963907,6.738436316528739,193
Sokotindji,3.3514546665534204,10.863953881594053,44
Location #2227,2.343505702375572,6.819178939675977,526
Tanta,2.2147312836050213,6.6755085471860145,204
Kalalé,3.6841561435918475,10.598222361645712,39
Allada,2.0360553989640437,6.702329264624771,67
Agouna,1.748857441291146,7.580939384460778,129
YARAMA,2.8534378871572046,10.128201030395566,85
Otikongni,1.7893029978552515,8.379597251923817,2585
Avlo,1.8947517423512186,6.295243314145292,539
Tantéga,0.9781471481512877,10.853659704543475,101
Touranyannou,2.3583550005283413,11.426906215990853,193
Dimari,1.339943785639335,10.350261802976581,77
Ayélawadjè,2.5893043501031388,6.934410561037766,90
Location #15066,2.7818977123016624,10.086977567026155,44
Sèmè-Kpodji,2.668216326102639,6.413432431999642,271
Location #17038,2.879499166157576,9.482279651826854,23
Ichaagba Adoundoun,2.6227723408030488,7.110207884925357,67
Korontière,0.9601495553442283,10.284805891031104,214
Location #7062,2.6976690508886825,11.46009750965406,126
Location #13867,2.550813239070831,11.610546702379942,52
GNEL BODÉDJI,3.4133955924355965,10.057997918485,260
Location #7135,2.604613110291379,11.611689951022665,124
Pédé,2.988802410652873,11.185538769285387,67
Location #4791,2.499876656208221,10.451762410391702,209
Location #10002,2.5084053661314027,9.497915876376183,80
Akiza,2.003262334036361,6.974360946982672,320
Location #16969,1.498757937197998,10.85974491364296,23
Anandana,1.3674064599197333,9.927353453796417,52
Oké-Okounou,2.315431180998931,7.918443959946327,593
Location #6037,1.6495469992590839,9.901476075033523,155
Location #15769,2.2224413387919872,7.116137645089039,41
GBÉGOUROU,3.0229859952089697,9.974475233154267,46
Akoïtchaou,3.112392023502597,11.381728177261548,119
Kétou,2.683474671561608,7.599779784585081,198
Awonou,2.521320364308271,6.7803047538522465,113
Datori,0.9050037321992404,10.366625914545356,103
Aifa,2.294564923473775,6.782041378676353,134
SÈRIASSON,2.932308237215688,10.075519943876506,67
Djougou,1.6621646784465476,9.762165000571704,183
Kouandé,1.6516977851933299,9.996540501552472,165
Kodowari,1.5818528888996195,9.167346597318154,1173
Tori-Bossito,2.1439922826049416,6.542707388725528,113
Tori-Bossito,2.1967615981846866,6.486551533118494,46
Banikoara,2.589316061911297,11.295826087363855,39
Kokourogou,2.2709169496488055,11.231864974607463,108
Location #14246,1.7617240613561544,6.5003955026605444,49
Dassa-Zoumé,2.45555944390839,7.626387703840961,95
Location #3086,2.5492872912061277,6.724042306199754,358
Tchaourou,2.7800894761217116,9.206189629342232,62
Dassa-Zoumé,2.1111113040121787,7.614105744295337,495
Kalalé,3.1740020997515055,10.037912742310592,77
Kouporgou,1.1521472421859655,10.256016956700698,59
Tanta,2.2255287439557576,6.698318931011963,64
Location #11986,1.0157178366424513,10.939247467874516,62
Ouèssè,2.548723753081383,8.677265215661835,54
Koukoua,1.1147023115482555,10.235391516191333,36
Serou,1.7239915715440786,9.648771053790515,49
KALA 1,3.291705591658118,9.719297961954414,57
Ita-Djebou,2.6210777792932545,6.8226548455132034,80
Golo-Djigbé,2.291607470417998,6.539366301962595,82
Ichaagba Adoundoun,2.6186211984592638,7.131912716754458,90
Nikki,3.4393963374746517,10.065997734800838,188
Ouroumon,3.248941449238668,9.924894837277195,49
Yékéna,3.06857741431115,10.022741280203862,786
Koumagou,1.1075750797077857,10.14571587682606,44
Démè,2.4953995649693184,6.687207082009903,198
Natitingou,1.2947043785693573,10.42830555467965,119
Kalalé,3.591985322878981,10.528047010986343,44
Hio Houta,2.1083621988354704,6.328044807139615,497
Nalouhou 2,1.611231094968363,9.770865277346905,82
Awonou,2.569409361140105,6.75506788824173,168
Location #13163,2.661623669602017,11.344775728811836,54
Location #12561,2.2219449642418594,7.36112416784277,59
Partago,1.9097603141906612,9.564840394266435,363
Manougou,1.317725383873744,10.644070669133585,206
Devoukanmey,2.181674478678018,6.402236642597365,160
Malanville,3.1734529831597875,11.430786144988058,892
Abomey,1.9589522311156744,7.147517890847366,1531
Kalalé,3.0693315865340005,10.134171285545767,784
Poto,2.5105798564635204,11.334642180513232,70
Wometo,2.439363510112201,7.2553623320733465,242
Savalou,2.066131472191343,7.849863559610257,36
Dunkassa,3.0944713205425254,10.382571782113455,384
Malanville,3.441142669957866,11.841438318242202,204
Location #15382,2.8002408456659045,11.422709130890778,44
Dofiapokokourou,2.2888019208616193,11.293468525498517,44
Borodarou,2.8841446515571167,10.992388460486866,49
Location #3847,0.887942671803965,10.448109425333763,273
Location #16977,2.193206729065363,11.210089286397844,23
Location #5791,2.7678854174099192,10.978805714247427,162
Location #9021,2.12402573584846,8.021867453591767,90
Location #7541,1.7943176572431907,9.821159960858042,116
Houéyogbé,1.887004336030607,6.498603227102329,201
Gounkparé,2.94515291214534,9.447423830500247,64
Morou,3.2695388496660116,10.655501447967993,95
Kikélé-Logba,1.7480529975709123,9.022393020385191,678
Allada,2.0657709027372775,6.628283450719145,196
Location #3908,0.831817829717951,10.711739891661136,265
Tagayé,1.2974144250824269,10.286330100953533,224
YAKO,3.336644490140858,9.990277174943515,732
Location #3576,1.7335638542186633,9.280493435844143,296
Location #2905,1.9218773310219355,10.089455450468535,387
Kalalé,3.2298226123161973,10.24510323833359,314
Igbo Ougouchi,2.5073870602207426,6.92818391115825,302
Location #15213,2.641131099580825,11.420746253079004,44
Banikoara,2.4473536347115123,11.251021962266591,229
Simpérou,2.46012001307129,11.32602388010797,52
Dassa-Zoumé,2.3898783824024834,7.816198123482386,178
Saah,2.9851982161557173,11.158059553614558,948
Location #15231,2.2933726479272036,10.956595407794431,44
Malanville,3.508149699167936,11.777509881934828,106
Location #15715,2.695793719815763,10.00158634470952,41
Tori-Bossito,2.1888570752802923,6.597500025996118,201
Nikki,3.2121893985549956,9.800962234097238,106
GANROU BARIBA,3.105156381056864,10.016637486710618,41
Location #13173,1.4504296303241735,10.434772623278208,54
Cobli,0.9641758362506655,10.53065565238588,410
TININGOU,1.3755190526485097,9.891432326033408,286
Location #14194,2.227973943034266,7.918429366044567,49
Iboto,2.520417999461222,11.458358893555452,70
Savalou,1.9303266122577145,7.860190040515316,1286
Location #3983,2.880285089026535,10.93714937110707,258
Waranzi,3.4529560084676856,10.936992905349287,39
Houndossodégon,2.119937980772529,7.391790339184018,108
Djougou,1.5625738199307813,9.749255529995159,997
Location #14080,2.453157211671625,10.740344920298202,49
Takotiéta,1.0323277533280422,10.287564745278324,34
Nikki,3.2462476487072296,9.850545899304686,72
Ounet,2.4444569563828793,11.206084533276403,147
Sompérekou,2.5439877476482136,11.28771504388244,62
Pobè,2.6951293536788237,7.026186030139926,196
Djidja,1.8374639916722293,7.329058624090973,747
Kalalé,3.3249147675985866,10.30435685237952,62
Kouporgou,1.1112186309042162,10.258043811138476,214
Donwari,2.772109481466926,9.638887716028366,59
Wanrarou,2.7462462837700055,10.113661698761204,46
Location #9864,2.8119646407646117,10.599650428048784,80
GNEL KIRADJÈ,3.4560505695908783,9.88942169281673,75
Dassa-Zoumé,2.3750339562765244,7.611421402167902,510
Lokossa,1.7508843909217908,6.722140456221339,430
Sonon,2.8246305794701034,9.510884995343817,121
Dassa-Zoumé,2.1565117152319195,7.551105259595454,28
Ouèssè,2.52040459625435,8.510234041612186,59
Location #3562,2.6731585341879276,10.562961412572333,299
Ouenou,3.3338715292203687,9.963877445011347,103
Lègbaholi,2.0919473930171963,7.4149252297247665,52
Kouandé,1.5732422226276994,9.873440081559755,683
Kalalé,3.300285444148467,10.375345415108399,144
Location #11896,2.0246465017591735,6.399900353307053,64
Boukombé,1.1045443435177247,10.164006120090297,67
Location #10549,2.774414431207859,11.047236406211045,75
Location #2442,2.351491751642431,6.940555219103273,469
Takon,2.6344433528217426,6.633291498605049,709
Pobè,2.7165380305398754,7.01261108937701,77
Location #3234,1.149073582768158,10.688973092862286,338
Location #14169,1.827526816048311,7.355542189557482,49
Location #1154,2.2411580726640645,6.6605357658554984,1080
Savalou,1.8715903319597191,7.891439750594662,72
Aifa,2.3011198421130845,6.824094430108094,2209
Sakété,2.6186823199114913,6.7362010361152205,52
Malanville,3.2074240357476014,11.461205930226754,93
Tchaourou,2.3979532433155644,9.333860983440548,227
Kalalé,3.2392301775274883,10.06257466701833,49
Location #12835,0.9862291993909771,10.920992900531164,57
Location #12331,0.9744660559032783,10.574224746288788,59
Location #10206,2.4518743242883136,7.040662751127823,77
Malanville,3.169500346856837,11.730705040269227,82
Gouandé,0.9521247634175601,10.750680300819509,245
Saltimbara,3.7403720133414677,10.947192669093987,46
Ichougbo,2.5814142500836654,7.084453646192653,1183
Tayakou,1.2116240298299783,10.541861392664753,7974
Kétou,2.612126995381761,7.541026621793751,1278
Kpoulou-Idi-Èkpè,2.56680535846474,7.025968080343462,67
Location #12604,2.200609669596797,11.226749709701492,59
Location #10001,2.6034043857843705,11.28031122165874,80
Location #8566,2.9320277619553603,9.399581359189655,98
Dipoli,1.0050373563347827,10.448280272572784,82
Ouaké,1.4034210953504216,9.441510524752099,59
Dogué,1.9583329703220735,9.101425225560801,46
Savalou,1.8931492431795294,7.877895006808897,64
Agonkanmè,1.9977736185741635,6.401764715639564,129
Lobogo,1.8901497313493483,6.619822645726717,168
Kpénati,2.4005960920855043,10.26988377432594,240
Allada,2.131147418113678,6.723555955019187,113
Malanville,3.4698698780667256,11.448676604383024,98
Boya Worou,3.101615546479914,9.40939076533151,88
Agouna,1.6865947687760179,7.545575277855193,44
Bopa,2.0210594923159846,6.718600604682702,227
Za-Gohoumé,2.201410781427099,7.2025920665419,4428
Tchaourou,2.9134229235107165,9.301392539634996,147
Za-Gohoumé,2.207199830322636,7.175104906171873,459
Lokossa,1.669314612204471,6.6402768605887745,139
Location #10403,2.812527754289308,11.013283348563856,75
Kouandé,1.65490926382183,10.071545538808492,49
Location #7980,1.0577194538286734,10.271395434096004,108
Location #4343,2.368273118183997,7.058023581988781,232
Location #4330,0.9607153662418332,10.560598395327276,232
Lokossa,1.6237006503082423,6.68069604159949,134
Location #7099,2.3000859000910454,11.090188490873533,126
Sègbohouè,1.9810210434520308,6.411415358737943,72
Location #17183,2.12726722798861,9.819698011490333,13
Gbètin,3.6614890429350653,10.676520469602155,49
Sinawongourou,2.7559721447266963,11.109712474448326,209
Hio Houta,2.1472058584805223,6.3319302647797455,46
Location #10302,1.5181636721535086,9.92125640168343,77
Sonsoro,2.7844074360772266,11.072634427823647,49
Location #8968,1.5586433328201106,9.88106871131653,93
Location #15391,2.5064799575543057,11.18702687276352,44
Koutangou,1.089596304700569,10.365604483156067,46
Sé,2.1138235127808804,6.743276694624449,64
Kouandé,1.6939634141588764,10.427005789592227,1740
Ita Olaègbè,2.607453980851894,6.962057864815314,209
Manta,1.1203333693306683,10.381093046215325,160
Ouaké,1.4062489418003887,9.808064862930532,52
Ifangni,2.741214798568835,6.682625715320451,93
Bopa,1.9666042375949813,6.609575788474708,340
Location #13515,2.0668972512373123,6.462213458186177,54
Houéyogbé,1.8740986595825255,6.494574963752209,680
Kétou,2.738034125328944,7.475418683037262,384
Dassa-Zoumé,2.338869560145513,7.771128790920744,549
Kalalé,3.1862946674387467,10.156801419982877,304
Location #12014,3.0593701750681914,10.723233126752136,62
Savalou,1.6938459203007088,7.832244135706754,72
Tintinmou,2.333520672348557,11.246253795631965,490
Bopa,1.966724215946148,6.622822231077746,82
Location #14189,1.4854841160376235,10.648284032438811,49
Location #13300,2.321028675538856,11.14635114126678,54
Daagbé,2.725588997453,6.568200738926092,448
Ganoussirou,2.5027688127785335,11.392888453071777,124
Barei,1.5512122736651799,9.700867490033776,95
Oko-Akaré,2.683964324767744,6.920277019929824,62
Tchakama,3.324655627321227,10.903865733780936,41
Sayakrou,1.9795468412928396,10.337275897821195,39
Kétou,2.7630158615647975,7.198493694740685,134
Location #17070,1.9923441092412375,9.893316388088877,21
Tagayé,1.3386346238137496,10.297757295164063,49
Location #7225,2.7998126876493292,11.053595352857453,124
Savalou,2.061876205474066,7.571140802704123,322
Pira,1.7797057337866922,8.493259994821278,36
Ouèssè,2.390348188612474,8.292807472427052,165
Dassa-Zoumé,2.0539487907534912,7.812586164033808,832
Location #1256,2.0534803007112195,6.758292511927827,990
Kétou,2.4401301114896516,7.482095608906913,52
Dabou,2.792603419011418,10.175370843302424,217
Location #6627,2.495211540770091,11.112631166368898,137
Koussoucoingou,1.1867134032583533,10.153294961576051,124
Malanville,3.19672492412271,11.844192820572006,139
Savalou,1.779205104102632,7.797015277559377,188
Location #2295,2.322744234316395,6.718848027677905,508
Toffo,2.0913934628353705,6.816911498991407,740
Location #9659,2.947330022925123,10.971371713058144,82
Location #12601,2.5369268436382657,11.58698719144176,59
Kikélé-Logba,1.7399621094072872,9.02129417846945,124
Igbomakro,1.9336813233546755,9.05159780332812,28
Cobli,1.0057876635324092,10.525127561096932,119
Location #15159,3.0132516399017755,12.12386444891086,44
Tounga-Yacoubou,3.718325727659517,11.129844528912642,116
Kouandé,1.4359838023387987,10.023525253595112,72
Dogbo,1.6914578783922045,6.79380439827758,165
Oko-Akaré,2.6773450453082277,6.925850640879608,52
Location #2920,1.9860508304728859,7.419375569960945,384
Location #12662,2.4992399021201175,9.627041283459569,57
Tori-Bossito,2.0992426121740646,6.548691604577959,62
Doutou,1.8916897060544786,6.529785524614063,314
Kalalé,3.242927621135323,10.308035969364449,93
Abomey,1.9342027699815734,7.174710117126192,162
Location #17196,3.288736714268992,11.204734169927754,10
Kpénati,2.3993555117910437,10.212179482034689,144
Malanville,3.457011135898622,11.566840867953431,191
Kétou,2.708026853994194,7.394077574077351,101
Tori-Bossito,2.1138251723828296,6.603391065446038,157
Houègbo,2.1580715224989917,6.822927148227007,131
Kokey,2.5580547109608385,11.393640767606565,62
Sompérekou,2.5750267060025887,11.280028522806116,291
Zoungou-Pantrossi,2.9294815608974587,10.751827122731875,108
Batran,2.3782905601504933,11.400789090473857,67
Anandana,1.3889167894635066,9.940480144696508,82
Tchaourou,2.5382107798792473,8.946166211792464,126
Location #11900,2.3777250153868073,11.093166363091319,64
Pobè,2.6608075772760715,7.054962920424272,77
Gbada,2.5479783942064524,6.645379050883107,124
Laïnta,2.3416706181880693,7.184072331789417,2206
Manta,1.0894511831470926,10.392516850211619,21
Pira,1.8109169582493359,8.475647093799394,129
Location #9321,2.0601186926342097,6.406958672283604,88
Tchaourou,2.452766611849911,9.393379293718466,90
Location #6387,1.1361217103417176,10.429696421218887,144
Allada,2.1072877415337667,6.637191763241336,183
Touko,2.843004393567093,11.096018123625823,31
Aïdo Village,2.017640965006037,6.312706762326524,72
Kandi,2.822806254167757,11.042485004300286,75
Kétou,2.600056766535134,7.202897666932949,294
Pobè,2.7295210197083177,7.070154187497266,85
Dassa-Zoumé,2.205072837404072,7.557619327541031,526
Tomi,1.4736164294868503,9.78468947130433,75
Location #9932,1.8933385258938114,9.72002907037207,80
Doutou,1.9053926023234655,6.591692858919567,405
Songorogougou,2.3537430750928423,11.278923978864688,64
Tchaourou,2.486610812060518,9.441940094114035,247
Location #15417,2.8047872155262317,11.030115850328327,44
Dassa-Zoumé,2.394577431250405,7.522979537815366,44
Pédé,2.9768057114133963,11.181997589381107,240
Goua,2.837130145939653,9.981938960323637,1477
Tindji,2.0997525830837374,7.238095480533405,85
Kouandé,1.8358008490671769,10.599095516865148,1168
Za-Gohoumé,2.2239132902118426,7.20868742536166,724
Banamè,2.3557197793651508,7.299573136067733,88
Tchaourou,2.533008118370114,9.44424761463441,98
Ouidah,2.138598178182593,6.454876551177607,255
Kérou,2.1689831532976043,10.804667707323238,41
Location #17102,2.488784787942814,9.517630891891002,21
Location #7593,2.6993384081722755,10.63875733986161,116
Location #9957,1.9713457069553215,9.43626953838235,80
Kodé,2.475647734734869,6.803077309292215,99
Location #15867,3.682692434841674,10.643812806818351,39
Kara,3.031951626682634,12.174010569373433,39
Ajentemei,1.721632235140326,6.818704617331006,629
Agoua,1.9786861134512448,8.37275365814835,1389
Banikoara,2.5096816951421594,11.261161043326858,39
Dimari,1.3213518290018735,10.351120886811273,214
Ahouandji,2.149507665644767,6.345417585438905,157
Dassari,1.0999666995723076,10.793959045678422,77
Korontière,0.9836130177906154,10.285065806310397,129
Ita-Djebou,2.610631516416582,6.866747402714581,570
Manta,1.1171105847613945,10.369111066363368,263
Kouandé,1.8302314832122435,10.603443190698268,366
Adido,2.5691086738398954,6.846730106768209,175
Lobogo,1.9147710092758399,6.667567746944909,46
Location #12067,1.8033400871958818,9.981879293870636,62
Pobè,2.7406102476146863,7.13138540206405,98
Dassa-Zoumé,2.3571127503411913,7.814431124074912,75
Bonhanrou,2.4835166027845044,11.367778292572394,227
Location #3460,1.5946643992687353,10.44910200315881,309
Location #12995,2.8441272224069,10.697974673241106,57
Location #8262,1.2526452830538224,10.241304841844904,103
Fafa,2.998404367480913,11.247257238552447,1616
Koutangou,1.0671204620723729,10.359370357160477,41
Tomi,1.452805483636329,9.78102381904703,52
Savalou,1.8870982714945708,7.766342458322256,36
Savalou,1.6736368086075906,7.744671616790394,95
Korontière,0.946375936704527,10.317558701524549,59
Location #13188,2.762467935703677,10.646087747923547,54
Natitingou,1.395309916300125,10.358863196769063,44
Savalou,1.7439658900486894,7.688629287938013,155
Ita-Djebou,2.6326862765555195,6.836325295960895,108
Bohicon,2.1042811814056694,7.191535842326392,59
Kalalé,3.1787711401640975,10.336215325312837,139
Péonga,3.287063852937787,10.351596539818138,124
Kétou,2.534126043613952,7.311625611117982,119
Location #1112,2.4367788917459947,6.973263562647613,1124
Kétou,2.5278345809799636,7.314198413603267,513
Tévali,1.5112275635971673,9.820092133866336,95
Mani,2.9804489287452047,10.449188141968097,44
Location #10749,2.015836340403071,9.791091800376643,72
Boukombé,1.0865137272469765,10.163422684296457,113
Djougou,1.7575152895660395,9.677083464313453,52
Gbéssakpérou,3.0036472944347916,10.424842749851834,75
Location #8299,2.602390187634139,11.274837025879204,103
Toffo,2.121108197611151,6.860001844986934,1995
Location #6097,1.407566632558722,9.98725878316691,152
Kouandé,1.59079041450896,9.974767244343,90
Angaradébou,3.079645661068266,11.407110360671117,72
Kpebera,2.6903325924972843,10.450716655054402,62
Location #16483,1.663591642332952,9.359737725412828,34
Ouèssè,2.282327117440873,8.733166827634687,28
Ouenou,3.3342479174827786,9.95983808926504,77
Tori-Bossito,2.1347974460538315,6.5525027570881065,108
Location #12223,0.8791205751761083,10.424458496199534,62
Ibadin,2.969023185774661,11.285514193025902,44
Partago,1.4725411761789071,9.312157746758812,62
Biguina 1,1.6453586764371924,8.864676982620221,59
Parakou,2.5388449215017816,9.357249737237732,119
Location #962,1.4645847827869447,10.857015655483716,1291
Location #16440,1.9626121918906725,9.132394503846125,34
Faranguédou,2.8827731702363697,11.186733173073467,46
Gbékandji,2.554704839966824,6.686678517897578,129
Parakou,2.6001376398208413,9.280364796951256,46
Location #9224,0.9221949872427991,10.529098371322153,88
Location #12490,1.7598100667811032,8.582827235263116,59
Location #10952,2.0440472552696494,6.400398119878806,72
Démè,2.4303264748148017,6.682397957246234,289
Tchaourou,2.451105344109985,9.16798721785525,59
Location #7735,0.8830209890232765,10.734443122257005,113
Massè-Adjégounlè,2.5352414078469834,7.172147193204025,113
Pobè,2.696191536365742,7.141406274315901,82
Poto,2.5307218449386424,11.34712997363915,70
Tchaourou,2.504092176783985,9.245829494118128,98
Mékrou,2.2051582899244186,11.360456899975144,469
Location #16535,1.754315064281221,9.908027830649942,34
Aklampa,2.2676004125809412,8.262075088561042,399
Taba,1.6900330149473846,9.266024981997054,111
Za-Gohoumé,2.2083686213174385,7.16879011129026,121
Ouenou,3.5977245567622793,9.99307679475141,67
Saltimbara,3.736050849102704,10.947720973252688,44
Kouandé,1.8334214217092453,10.607760473168941,41
Kalalé,3.5553751164096283,10.530749435129977,309
Location #7538,2.0357427962237966,6.513076233732744,116
Location #12843,1.2091027335178408,10.337416657779452,57
Location #5602,2.0602128838069564,6.461604162912803,170
Ichaagba Adoundoun,2.6269643883294376,7.104421712384209,82
Poto,2.536966969241386,11.352784889070694,95
Location #885,2.0403863528075776,8.431864351107924,1405
Oké-Odo,2.568897692806443,6.961800694487747,88
Location #1924,1.7236914257490703,6.595837799880997,619
Location #15606,1.6192655742757152,9.374105058640145,41
Kouandé,1.8048550658920834,10.219450613767448,183
Bouri,2.761693942418897,10.368599101558344,332
Dan-Zoukoutoudja,2.0916289929800067,7.006286735077318,255
Gbèssarè,3.748153153768973,10.964267200652808,52
Fafa,2.9961702728283974,11.209856241513247,75
Savalou,2.02193069457756,7.637908603532851,191
Location #1254,1.9705185764310227,9.604844983140042,992
Ita-Djebou,2.588463984580362,6.839599613938407,312
Kalalé,3.2535982602033475,10.285653389537998,191
Abidomey,2.5686166434413717,6.736867366121147,54
Wondou,2.9573597485243996,9.530701056063387,39
Location #6071,2.1551541761442263,6.76484668734919,152
Location #9432,2.157659137505019,8.131845041520954,85
Savalou,2.137232533093139,8.142849758453151,160
Dimari,1.336053278286567,10.352772822831179,64
CHEIN TASSO,3.2319877261148706,9.725976644652766,70
Dantota,2.1122326040455213,7.294502634510932,1954
Zoungou-Pantrossi,2.9145124281519874,10.766103173204815,201
Nikki,3.368720909458125,9.990415199059399,57
Lobogo,1.9413961516419511,6.7392478454878395,93
Daanon Kpota,2.0490381817857344,7.417070985763797,75
Zè,2.235963370001873,6.678100445229518,2250
Torioh,3.1107513064461303,12.131387256752966,59
Lobogo,1.934175884192844,6.6990040652603735,147
Location #9029,2.0351950775435728,6.359352571625352,90
Location #1440,2.4570015975679174,6.626008792434922,853
Bopa,1.9780617645648366,6.703948592728199,260
Bopa,1.934973706069448,6.622625922459241,260
Houéyogbé,1.8688009044523475,6.550215805586382,309
Location #13289,2.303591092542712,8.263282068622098,54
Tiélé,1.1893551496989467,10.720923756975289,1657
Tanzèi,3.5185586509858924,11.035840247970658,39
Dédomè,2.0528727964462403,6.508742792291868,227
Gbahouété Kpota,2.546825409805368,6.969733007584666,34
Kalalé,3.174677507525655,10.130545526884982,173
Houéyogbé,1.9453296638779076,6.504486787157746,892
Biguina 1,1.6451640520982613,8.707892582914482,616
Tantéga,0.9897713057095796,10.84791037301512,309
Tori-Bossito,2.0719778575465457,6.56820518702702,1436
Location #11270,0.8343904661493712,10.441962728560872,67
Pobè,2.72466377352163,7.1646349705018695,330
Kabagbèdè,3.0639101887866964,11.34064452359192,284
Location #4231,0.8481960656767266,10.450759424727455,240
Toumarou,2.3740284573800796,11.386245947202834,49
Tanta,2.230723251860291,6.697654799253739,304
Gbéhoué,1.8953377908836546,6.355111201443462,745
Location #8424,2.7038282512363665,11.06093642049841,101
Dunkassa,3.1444078471649104,10.380502102694741,327
Allada,2.2105200736968267,6.7549852830623776,474
GBÉGOUROU,3.0086868234962507,9.974369840602112,59
Kétou,2.6257358091120553,7.4548094064417505,72
Ounet,2.4297164897132077,11.162444374655685,67
Gah Sorou,3.015938658375834,9.48777161893018,39
Béroubouay,2.7709612250752507,10.56746643158104,49
Boro,3.047005148851591,9.501851818782402,320
Ouroumon,3.2507114570555857,9.920530931538487,103
Bopa,1.9685960665847277,6.7405874668273835,54
Allada,2.068776147913521,6.641064773986795,119
Pobè,2.7184469441879564,7.176946450754022,446
Location #3909,1.8334853747452802,9.85550816105721,265
Location #12522,2.067701086415818,10.9937247277917,59
Kétou,2.62160675821314,7.183971427641469,52
Tchaourou,2.884581068333618,9.336782672872296,70
Za-Gohoumé,2.234789081977613,7.185463714916834,124
Sakété,2.640781850883056,6.825252187651192,121
Pobè,2.6062139921010368,7.171196999369307,82
Kouandé,1.8431664604519327,10.602361040563656,77
Sakété,2.668470971663571,6.825402908088942,10
Sakété,2.6441690370308724,6.7038944233924065,62
Yokpo,2.3072327408579527,6.607456091278456,49
Tchaourou,2.971880547039816,9.154378179397305,52
Location #15040,3.0765807284295708,10.726923342016953,44
Pobè,2.709925937897627,7.104082496301181,88
Kountori,0.917546274446556,10.406879152851062,52
Gbéssakpérou,3.0170655539205558,10.428198084303524,44
Abomey,1.9386155345886877,7.210437842228402,345
Location #12066,0.8680891871388574,10.49186969679674,62
Location #15589,2.4207135618399467,11.544767596339083,41
Location #4639,2.304243716284428,6.75142890669285,214
Location #6019,2.0644059469181513,6.44061656873896,155
Djanglanmey,1.813398158062759,6.39785712994838,46
Houéyogbé,1.8378246511083773,6.557859992161706,320
Parakou,2.523887625891374,9.322384713667992,72
Location #1733,2.429735595973263,6.759132142044987,696
Tchaourou,2.5570510684374628,8.91562659095595,381
Savi,2.130354950410963,6.4253488286101526,193
Location #11611,2.649440296405843,11.387225783540186,64
Bopa,1.9532329908919153,6.6953767887593685,88
Location #17048,2.485251608329985,6.991481768160558,21
Location #12810,2.3940669408953514,11.536348347720292,57
Location #11726,1.6337328421374777,9.225835217206496,64
Kérou,2.0778500970594385,10.84690581288064,46
Ouenou,3.4256909802857467,9.893275629640742,119
Kouandé,1.6032146805842415,10.19170152594432,201
Savalou,1.8698679804190215,7.662983726176288,111
Ita-Djebou,2.61935817584805,6.846212328840865,188
Location #16736,1.798707727270481,9.269117518374483,31
Location #13658,2.0331675620443392,8.185357892211982,52
Cobli,0.9962967409900045,10.589715513903135,387
Allada,2.2138338797410944,6.755438269890265,64
Manta,1.1336831734076809,10.382171412445704,134
Agouna,1.8007496351526393,7.595928035258367,353
Location #1174,2.3447155675196556,8.205488835320349,1064
Location #2848,2.2638987922731233,8.017845793381365,397
Banhoun-Kpo,2.658629727861301,9.682406040834055,49
Ounet,2.414063485277221,11.267287412935705,59
Nikki,3.1524819503405523,9.78350878808205,54
Adjan,2.228344359648051,6.723330078931934,88
Kétou,2.6689510071220504,7.598594416493694,121
Sakété,2.5864276432439572,6.822761619747304,106
Yékéna,3.1167190090676953,10.026942923940029,72
Tchaourou,3.13176198919806,9.290045434269034,34
Location #15869,2.210436175092646,10.12616580381248,39
Tanguieta,1.2383582611800716,10.632046359389552,34
Tori-Bossito,2.0555917349474178,6.568382841505211,103
Location #2975,1.4787349553114624,9.70501908364594,376
Za-Gohoumé,2.1956747054141568,7.181133579166261,781
Soroko,2.365546889633736,11.340255893419236,70
Cobli,1.010350057840296,10.542899890617619,57
Location #3316,2.2791601301160087,6.7739833149839415,325
Location #16734,2.2059388095999286,11.193176549273012,31
Sakété,2.692152461619077,6.709347449668496,2402
Location #13459,1.1568555781474779,10.66563207977911,54
Location #16238,1.6815923134179867,9.970445072967427,36
CHEIN TASSO,3.2252410693008327,9.83014861194745,54
Dipoli,0.9904347150652666,10.324646788006783,106
Alligoudo,2.1840495530075934,6.857807035276544,144
Location #9774,2.3393900473208356,10.945623905004648,82
Ganoussirou,2.5089174933499483,11.425146929491714,88
Pobè,2.638402838233648,7.065947870264377,98
Location #1625,2.212442083920811,7.121967601381732,745
Allada,2.138043960453872,6.741679286384782,1430
Sakété,2.674817683535339,6.827332301327773,52
Location #16685,2.72853528944796,10.978860113814138,31
Tanguieta,1.2542269878833538,10.595735716133323,82
Materi,1.061304698916976,10.651186492849433,44
Zounge,2.4738741642847297,7.060339706498816,62
Ouenou,3.453937157337946,9.9260943594635,108
Location #11593,1.6241921700071666,9.178272507422074,64
Location #6447,2.1304817242592256,8.275282809730014,142
Ouaké,1.430808723880583,9.662037167068595,54
Pobè,2.65378118976,7.061354389400582,235
Yoko,2.609190295608686,6.742730647704669,134
Ouidah,2.1346888582275385,6.458623143017713,760
Kokey-Sinkparou,2.51226942661845,11.358131047249842,142
Gamia,2.6710644739930816,10.36518900009814,188
Lokossa,1.6935698691597652,6.666888785765544,477
Location #4571,2.26517599353398,6.811874801155009,219
Ouèssè,2.418807099530602,8.382030980047265,70
Location #9377,2.606508295766453,7.085312433298761,88
Natitingou,1.336014647049959,10.36620084627923,137
Dèroubannou,2.3738799080203385,11.349601275806094,31
Nassy,2.961496221900257,9.593097917979216,49
Location #8555,2.8377421122651323,10.959579810124378,98
Location #7257,1.6527436153661583,9.177364380562674,121
Location #12140,2.036662317452247,10.49964369222343,62
Malanville,3.2063443766987643,11.758618854420153,204
Location #785,2.340337532915387,6.71875808028162,1585
Location #3705,2.2435334375429163,7.201364681064901,284
Kalalé,3.7222369084119262,10.646926315209667,49
Malanville,3.2296229430122434,11.735100588196469,80
Houéyogbé,1.8888516548384553,6.51642740312919,144
Gouroukambou,3.1432217965861993,11.973957107334066,162
Allada,2.110536724488965,6.6910591146287315,70
Gbéssakpérou,3.0337407153053038,10.435603885791247,36
Location #12953,0.9171478520879794,10.981086821041577,57
Allada,2.149023341066658,6.735000112573138,539
Manougou,1.321204217699172,10.649543672827866,353
Allada,2.19893387974301,6.750204666461822,1954
Tori-Bossito,2.088645432762965,6.515030380232958,758
Boro,2.922777409808331,10.354699525731371,52
Dassa-Zoumé,2.3495369766717675,7.770576077528073,415
Tchaourou,3.0828032707091393,9.341843466359931,54
Location #10865,1.0310915979132507,10.34969769994822,72
Location #9553,1.024332232461497,10.217148438742727,85
Pobè,2.6831565429140696,6.935977423460511,137
Location #2839,1.080422419612753,10.568458253601477,397
Kalalé,3.3176846213228677,10.185631494337882,93
Bognakou,3.016304894759101,10.078316216698378,95
Location #9850,2.9214706130179957,9.395047447894433,80
Mongo,2.9018323555308028,11.14305347215836,72
Za-Gohoumé,2.2209516835906777,7.168968028117669,338
Ganoussirou,2.4956485714266714,11.348183414624653,80
Location #10835,2.481313392825473,11.078996126364697,72
Gounarou,2.9238089741776796,10.939307720787477,62
Dassa-Zoumé,2.098592165107757,7.742590220067369,209
Malomi,1.8518504961147197,8.256505007365032,88
Location #14607,2.807649820097615,11.002836989099816,46
Malanville,3.301700609707666,11.359770442287564,36
Djondji,1.967414560844679,6.30608690339667,144
Ouara,2.683963233589046,10.700544130021745,106
Dan,2.06194801672199,7.326606519811149,85
Tanta,2.2328304225883846,6.686450246489978,1010
Allada,2.2061143671683614,6.660594226184194,147
Tchaourou,2.160854301202856,9.165301444892103,763
Tchakama,3.300206028208129,10.920252866465889,31
Location #3670,1.869788030562225,9.833111678193768,289
Itchèdè,2.5752733161621904,6.88325244274038,137
Toffo,2.0667619234876566,6.784514871141864,157
Malanville,3.364991617189466,11.753548570379742,44
Location #6102,1.62801813662566,9.921499418397815,152
Anandana,1.4478178846313887,9.905157020470195,82
Goumbayé,2.9252352071317587,12.309987884195532,70
Sompérekou,2.4872270727116312,11.332389274533499,54
Tagayé,1.2943052043401646,10.346585267723873,211
Kouaté,1.5322231574231486,9.462157056076757,201
Ouèssè,2.5817440733017563,8.720030785214012,70
Fondo,3.5978211780260043,11.032728008560373,88
Location #8438,2.0299052542842397,9.630572200879406,101
Dassa-Zoumé,2.3976431694014706,7.528726119138942,70
Bopa,1.957018595730509,6.5775912663452045,62
Pobè,2.6824923021352234,7.068387013004741,211
Tchaourou,2.814018623292778,9.140844604322963,211
Location #1605,2.4382991067489446,6.561168794297494,758
Cobli,1.1330444192056541,10.531819626660127,49
Location #16760,2.4070438347343703,10.774642100905538,28
Adjarawamè,2.551015093121668,6.829110839861153,245
Location #16733,2.962700026122366,12.124982789731527,31
Bonou,2.474714411098771,6.9314004671798335,62
Location #9303,2.2697814160940735,6.662381984080467,88
Bafounou,2.5291883996141027,11.426081040185334,52
Wassa,1.6266904397179571,9.606383937521025,209
Tasso,3.23822533626227,9.716421760736608,44
Yarikou,1.5675532352078374,10.374223032363354,1219
Location #13367,2.5902450615937105,7.935878158411894,54
Nikki,3.2250633150909223,10.05624171855535,134
Location #14807,1.0301239876284438,10.601986651828673,46
Location #8122,1.901429257043434,7.485555177233002,106
Tchaourou,2.643124034812215,8.853969961043196,149
Location #14391,3.546913353554027,10.667348226885336,49
Gbada,2.5033656955616443,6.6468111905726195,168
Djougou,1.6744320892909812,9.621636900950962,343
Djidja,1.9316119475367595,7.405148518447553,211
Location #13660,1.3647143524022392,10.09075317810643,52
Location #7621,2.069083827836857,6.737436328306329,113
Location #10578,2.193256412137843,11.24741538129316,75
Boko,2.6168244583299756,9.481140573218514,72
Guénélaga,3.4447225431479813,11.246861768571048,358
Founougo,2.5123014699926935,11.506544805884227,116
Natitingou,1.3617786414102884,10.387007586403998,526
Guessou-Sud,2.651708577004061,9.977384314607095,31
Houéyogbé,1.87286862612512,6.5078893350409155,180
Ouèssè,2.66945324332304,8.40542060699961,165
Gomè,1.9759498183419921,6.369692962708504,523
Location #7266,2.598612888601159,11.334584544048793,121
Nikki,3.4246600892569354,10.140501375190901,80
Location #11166,3.7240101636739555,10.67148671321481,70
Péhunco,2.0195659771053642,10.256025726434151,539
Sinisson,2.7177855728893743,9.789938162685305,28
Igbo-Assan,2.5592264206476316,6.80019587506364,224
Location #17140,2.175954108975484,11.243895209640272,18
Gbèssarè,3.7311854358482717,10.974756513959788,126
Location #14110,1.878206020071438,10.00063927829327,49
Location #8435,2.351309688142826,7.405573994460354,101
Doh,1.9246962653812523,10.428561817371037,137
Location #8428,2.038041608058598,6.736768672790097,101
Location #14303,2.54026560414278,11.21895198443205,49
Location #12306,1.613813986548068,9.855723375788273,59
Kokiborou,2.4102576379484146,11.281594884571783,54
Assanté,2.2274389917435986,8.159271898163237,41
Bopa,1.9817472110670966,6.675038411489687,108
Togan,2.164227454417574,7.0203867073282895,46
Péhunco,2.0473875568843423,10.212201813721457,57
Kpakpamè,2.1239164767488248,7.29396965009571,54
Natitingou,1.4919146150955302,10.381948066589784,62
Kouandé,1.691904807440555,10.261089353446636,469
WONKO,3.2906177793648963,9.98978632188892,701
Location #3647,2.6470127972437307,7.68350768514547,291
Boubou,2.4708554156141473,8.094317534799877,121
Location #4742,1.7074045332512842,6.566814407339431,209
Boukombé,1.139564984151035,10.20437219211163,173
Dassa-Zoumé,2.1264825810383297,7.723483802783017,28
Saramanga,1.8228436275691329,9.228901152163434,180
Kétou,2.65784772749439,7.249585880191319,85
Ifangni,2.7264537442754375,6.577953350011987,54
Soroko,2.324043214908327,11.34930031044054,113
Location #14482,2.648096036322451,11.360504507218634,49
Beket,1.9964163035347133,10.25021673009945,2291
Kalalé,3.088418176504932,10.129412721701927,224
Houédamè,2.548367438956303,6.940608453576389,165
Location #13875,2.4017258217665756,11.052160381074804,52
Location #17097,3.056663231975709,10.772441718451843,21
Sô-Ava,2.4020893861507147,6.504749677198227,52
Kossou,2.0585906126085796,10.535999903542512,70
Savalou,1.7234410619756373,7.771417833796474,312
Nikki,3.234687180646477,9.985523633580154,59
TININGOU,1.3672029899801026,9.908743802868397,57
Location #11627,2.3934859424603077,11.114752655982246,64
Location #13920,2.4154763672015784,6.976165641910966,52
Location #8527,1.263398157788211,10.06732038705894,98
Location #13899,2.2966699090294465,11.063231870140768,52
Sèmèrè II,1.381197224556211,9.530562512772327,191
Sontou,2.825867273647602,9.745885777632934,18
Location #15790,1.3369703201383816,10.020703634417213,39
Ouidah,2.0837830806064925,6.431614014900776,134
Location #9569,1.2026177080972116,10.28075509115126,85
Location #14777,1.8849208555357646,7.445055461681141,46
Pobè,2.744154294255509,7.12643028493188,57
Kérou,2.0466780745427435,10.809182239181778,44
Balimboli,1.6391385824953628,9.072637759526167,304
Iboto,2.4495965496567713,11.388472252756408,52
Thio,2.3077932457864683,8.056096494076181,338
Location #6933,2.2174077511611894,7.1092604519422755,129
Dédomè,2.0497275772081136,6.558150255709046,201
Manta,1.095879515419988,10.386701507736877,36
Location #8143,3.444608872888003,11.359914560517346,106
Ifangni,2.7028926910048634,6.690618041260135,258
Djidja,1.8762580058050091,7.360486612975801,211
Location #3273,1.0771465225349715,10.434803279301075,332
Natitingou,1.4005815780744517,10.362068961078608,88
Location #2282,2.0466582291602022,6.510192249745118,510
Kokey,2.5468587705378094,11.409073008520204,57
Location #12359,2.761160387481695,10.119202007526658,59
Biguina 1,1.6402404926046252,8.9224999015311,278
Lokossa,1.8529194601454917,6.755123880391875,397
Dassari,1.1119816440671353,10.792967047767997,459
Location #16724,2.79486240658144,10.636002314696311,31
Location #11681,1.0408591558037914,10.613790474363622,64
Location #13519,1.8962600951793702,7.166693727230693,54
Location #16057,2.1960154866933985,11.338146045676089,39
Location #8344,2.192211730199554,11.32127932004406,101
Kouaba,1.2294283320679702,10.240585171838857,381
Kétou,2.532941134922815,7.221970904577224,57
Sontou,2.822300560724555,9.761395762856827,168
Tchafrico,3.0641355759919753,10.130506603904378,95
Location #16122,1.6827475637239908,9.348936773466976,36
Hlagba-Lanmè,2.2215733451762114,6.978789506645894,46
Location #13693,1.6029289611877082,9.937715122767017,52
Kokiborou,2.1950682193014175,10.924644952468421,77
Serou,1.702479677874422,9.659096489791718,1232
Alfa-Kpara,1.7788557656316033,9.643053394967326,62
Alafiarou,2.4244537117298948,8.994744662563331,147
Hio Houta,2.1452546287957115,6.33757370019661,134
Ounet,2.415704303459095,11.251254235203707,59
PERANGOU BAGRI,3.445542176462181,10.11128586138418,46
Borodarou,2.8636374173108567,10.953272405112692,46
Sompérekou,2.5222074656089135,11.250615831931187,34
Ounet,2.4392532853581654,11.215982762808963,44
Sakété,2.715552514858,6.766808220611803,119
Komiguea,2.5358620639465785,9.505459590944072,201
Koutangou,1.039851953491809,10.359415369236508,77
Tokpadomè,2.013810970294588,6.509950390471766,72
Kalalé,3.1905637478468165,10.464174535907976,49
Za-Gohoumé,2.2217192943949278,7.177156113190641,492
Sakarou,2.377908408639362,10.112852872238435,1611
Pobè,2.6834871744002258,7.133553648384706,322
Location #15348,2.4117662725807274,10.880815382940956,44
Allada,2.223360568016217,6.758720532829324,650
Ouèssè,2.573840784506455,8.722723395699385,44
Didi,2.2280368385576335,10.308933585940498,204
Sampèto,2.3816343618121643,11.64859157765358,70
Allada,2.1199752113250137,6.631296525910917,36
Tchaourou,2.8730017067605247,9.123599206319902,82
Koutangou,1.0787868753188927,10.353414926747284,80
Location #8493,1.9520009642896683,7.43232714799454,101
Nazoumè,1.97582503214298,6.38823501802319,98
Zounzonmè,2.0155560764300944,7.13871038093811,170
Location #10187,1.579192272961045,10.4822934715901,77
Location #12511,2.3878971104669455,7.904210299626323,59
Kétou,2.5208174786372575,7.340480814597808,214
Tchakama,3.260324281706429,10.906579334964112,49
Location #16010,2.582309198928351,10.708490569567312,39
Location #13909,2.7276289481864677,11.348848209985373,52
Kokey,2.560979909017479,11.394096075375792,41
Materi,1.0039775946939589,10.652394252473538,39
Location #15700,2.7498672116902405,11.337970681792505,41
Kalalé,3.1607388408457986,10.22305784673138,49
Zè,2.3090766168484893,6.7370806892798525,2026
Kandi,2.8871494281933665,11.250562842899912,62
Kouandé,1.6449165780067956,10.7595164800449,36
Oko-Akaré,2.6615470953779985,6.94454073408886,52
Location #2675,2.2669339274255798,6.884781042922013,425
Sakété,2.6982803190521825,6.76708471268519,139
Parakou,2.588884474325956,9.383607355123374,72
GNELKIRADJE,3.357076569354667,9.944317000755976,237
Dassa-Zoumé,2.2944696800217876,7.6275514293301,178
GOUSSOUNON KPEROU,3.1522455115831702,9.89681589779756,588
Agonkanmè,1.9860581931012518,6.404325575689445,95
Djanglanmey,1.8055902656061569,6.429582467285558,412
Location #1267,1.5338822484156167,10.189198029664128,977
Location #8390,2.0278876952489573,8.250093326065524,101
Beroubouay Peulh,2.7067551144881663,10.492572338181908,28
Location #2631,2.2967470922848365,6.763803999827884,433
Barei,1.436829581023679,9.641854277789015,173
Location #4960,1.5486588212096355,9.53940582568307,198
Location #9017,2.0508997535496296,6.47967128418332,90
Sakété,2.702082725260583,6.787881360875779,52
Location #14437,2.886302892185444,9.479882958058186,49
Location #2414,0.9927020353963784,10.380113550136867,477
Location #15672,1.5942269401366729,9.412847652488496,41
Ouèssè,2.745744010935216,8.602928301885726,39
Sakété,2.6481290506628374,6.819085354039415,57
Bohicon,2.036677052260494,7.251603121269641,198
Location #8361,2.687306618071519,11.250299953914064,101
Founougo,2.614521448131003,11.542147593445856,103
Allada,2.1747389425553236,6.636695725354107,57
Location #15691,2.684065103665982,11.395856990585509,41
Kalalé,3.2980645604817913,10.186386150227985,214
Location #14097,1.8442742363030924,9.695307534119193,49
Banikoara,2.578600116639938,11.315077117690336,62
Location #9222,1.3760750153071393,10.022559473741136,88
Kalalé,3.2496711592026357,10.238204474020911,75
Mékrou,2.19835087277058,11.350717526073392,44
Dassa-Zoumé,2.145231974309657,7.810072955837609,57
Location #14548,2.4204193161825565,10.87319378897682,49
Kofounon,3.0917872206988806,11.9980511294417,34
Yoko,2.618000669433138,6.682899823552582,763
Location #11738,1.6636269952105531,9.902904006401997,64
Ita-Djebou,2.620517356480962,6.7957372593113945,1129
Ouidah,2.122789073188269,6.417126521836374,900
Kandérou,2.542056381489938,11.648215085691715,735
Sè,1.8358991200007009,6.497539165482769,88
Location #5056,2.0377936520280016,6.413898572017647,193
Ifangni,2.769213033343239,6.685502425134468,518
Djondji,2.0358886536449554,6.313991711082984,211
Pobè,2.682996953145079,7.026362851369792,54
Kouandé,1.5595990661270482,10.039796070726474,188
Location #15988,2.0404592916058064,10.97507395992568,39
Ouokon,2.4355343337986426,7.116119830803849,554
Mari Gouangoun,2.9029109994524602,12.347555275237271,34
Guénéssama,3.4225827148954324,10.79114872627377,75
Tori-Bossito,2.089381456949132,6.531438380808718,340
Location #3930,2.130833301147245,7.413818602783563,263
Materi,1.0412757551858574,10.674778232507961,52
Aïdo Village,1.999612329484987,6.317529172324803,90
Boumoussou,3.4235520516005438,11.009991504979006,44
Kerou Bagou,2.7268759376323493,10.757891326527043,34
Malanville,3.437663357283666,11.693402267935545,330
Parakou,2.5876992595823443,9.376221313551119,52
Location #9762,1.1747105105888611,10.252503254903255,82
Ounet,2.409929562392189,11.250969087251242,41
Location #7255,3.0363817117032412,9.369784386320458,121
Affèssèda,2.6004885830081683,6.915330798540537,201
Location #4363,2.272632176167517,7.196775184764394,232
Location #451,2.4003970696828048,6.579908621803487,2652
Kouandé,1.906048943378529,10.624527187746299,62
Korontière,0.9504484953893083,10.313001144638777,309
Ichaagba Adoundoun,2.619454327748257,7.161108956282169,46
Ganoussirou,2.5142022940279256,11.421817042973904,72
Location #6866,2.864041625670995,11.012527189406308,129
Ouenou,3.4131472953478936,9.981603350500063,75
Abomey,1.9416759587315033,7.173833179729322,165
Goutéré,2.1407409704888507,10.887318207022329,88
Location #12485,2.5995289710220315,11.470695007178058,59
Location #5532,1.4463627395988394,10.640342103601412,173
Manta,1.1123922672668687,10.386464404203986,209
Pélébina,1.6760713986292624,9.45735845310029,64
Sakété,2.715663306294084,6.758305894549278,147
Banigouré,2.768077530854146,10.873319299578787,85
Location #1945,1.4477195915484187,10.610102685579925,611
Bopa,1.9452955778897383,6.700440093416277,72
Location #4582,2.1786628335472455,6.966993936585803,217
Nikki,3.41150310583194,10.064888702187194,52
Grand-Popo,1.7979189985180613,6.3179657782743615,52
Location #13164,1.8998310563739196,7.471247997689247,54
Kabagbèdè,3.0774823431883855,11.34740543576317,36
Kétou,2.523379221058434,7.3303349937067805,219
Toussako,2.289772915465666,11.238530453864717,31
Davègo,2.160724523932166,7.296775585652885,214
Donwari,2.801488264027263,11.104387246901178,57
Agonkanmè,1.9881528230211742,6.360759234552233,137
Tabota,1.0586346185629005,10.414494692637273,39
Lobogo,1.8871437389598065,6.7183580210800224,85
Lobogo,1.911182450329409,6.603144952051569,124
Lokossa,1.6110219709875908,6.681725825114838,402
Taba,1.6810852600757624,9.289720215243491,41
Malanville,3.1980622369125196,11.88325108743656,168
Somè,2.133086865358352,7.282415179242329,610
Location #15198,1.0805315711839625,10.530582452301745,44
Parakou,2.7641565683739495,9.387394315982691,101
Dangoussar,1.5466950907002368,9.665663771998398,82
Dogbo,1.8325030161430051,6.81506247951246,137
Malanville,3.122798192172842,11.553548825705823,302
Location #7602,1.7976787284717586,8.210123132447809,116
Pédé,2.9389035196002182,11.197364185523174,191
Lokossa,1.650751115585037,6.629426450258826,291
Location #9586,2.4119887778208873,7.410869932965125,85
Location #3434,2.0589335895312653,6.800272728348082,314
Koumagou,1.109150846308837,10.151067271417539,111
Kouandé,1.568478914782708,10.29958181480517,351
Location #9831,2.1699406636746854,7.504783999360393,82
Damè-Centre,2.2847601396546597,6.839494287702434,85
Tori-Bossito,2.2061842113384382,6.5012692117664175,80
Location #6217,2.363463041559454,6.655761989142897,147
Kouporgou,1.0682766016194378,10.262797022983891,41
Beket,1.9831499287182257,10.261381482217615,62
Ouidah,2.0760456003759518,6.441461006999165,106
Kassakou,2.9229671218678805,11.06813602689168,67
Ounet,2.385370659953525,11.161200627109839,28
Savalou,1.985581068015184,7.661306385166878,52
Location #1851,1.1242761040088471,10.576126137301628,644
Agonvy,2.5984927241018547,6.874344076404559,116
Ouèssè,2.59314635154131,8.727765020235346,62
Gbassè,3.3315817038541096,10.958010455764075,44
Location #9556,1.5650284172274556,9.523359596059342,85
Location #14573,2.6069939937293003,11.381847534522809,49
Location #4705,2.1501039588956385,9.769101352128498,211
Wédémé,2.090481420527064,8.120049885322322,54
Location #6811,2.086309367378715,6.757017273253368,131
Kétou,2.761030410764828,7.1866829440397035,121
Location #8825,2.2437510985274236,7.36193440276572,95
Location #5266,3.533311324702163,11.18830810187864,183
Nikki,3.3922159520529185,10.039433314872586,198
Houéyogbé,1.8753490844634624,6.588945319201302,381
Aklampa,2.156891926238191,8.185543001684158,75
Natitingou,1.3211797208592888,10.359013570845848,39
Boudoro Kparou,2.7358227104038377,9.641352529759608,77
Diguidirou,3.140068415453547,9.580789565669798,52
Dérassi,3.22082847621263,10.187423033102768,642
Abomey,2.0624425529226484,7.130020893795169,624
Location #6987,0.9893594690114821,10.761811393460539,126
Allada,2.024447433917147,6.666770130961338,152
Damè-Centre,2.2478378068629654,6.822391350923829,144
Location #3369,2.040049487412385,6.516821224098329,320
Founougo,2.5500788811528237,11.526967101856059,108
Kwara Tégui,3.107953460307539,12.135266646263082,304
Borodarou,2.90106540169935,10.950316175205206,57
Location #6474,1.782359781904085,9.648731838725716,142
Natitingou,1.37226254392049,10.26123487620529,101
Location #6322,3.224698555259482,9.632930211827736,144
Dassa-Zoumé,2.2418540521259622,7.631006318523314,165
Dogbo,1.8303902613250322,6.765098427532636,113
Kokourogou,2.265473790875338,11.260385375322558,675
Location #6400,1.82919832714194,7.555375820011853,144
Kalalé,3.1915890724823246,10.34704536374908,108
Malanville,3.177896619912675,11.605611887858123,387
Location #14145,2.62252148943008,11.474292234399313,49
Founougo,2.5832081603985304,11.461248650161334,131
Kouandé,1.9652547697244158,10.481714999397461,57
Gninsy,3.0553910252046963,9.694275701942034,44
Toffo,2.066503348282568,6.77978166689477,90
Savalou,1.885985529368598,7.691605442778344,142
Location #14955,2.217213415625287,10.821873591123849,46
Toko Toko,2.0111217988907426,9.741998001654132,133
Location #11973,1.6392957317327497,9.889740429975724,62
Savalou,1.874238109855141,7.9155426941649525,183
Lafiarou,2.993215761513296,11.18165659984959,57
Tchaourou,2.3738487829206054,9.222851398344375,62
Location #13650,2.745475108837083,10.72748819572889,52
Dipoli,0.9924498077321704,10.33703527109689,157
Nikki,3.305363363034972,10.019141923702744,162
Location #6863,2.46302003883379,7.890701516351936,131
Location #6968,1.2872752403277272,10.090014808565389,129
Houègbo,2.1969060965991813,6.802707828020204,95
Location #15716,1.6711169335786522,9.547280257675911,41
Ganoussirou,2.515190233022932,11.424629234270057,44
Location #576,1.345391681828802,10.422435649353812,2152
Bouroubourou,2.386112212657837,11.456758384164242,70
Nikki,3.1733971362561224,10.019305447254494,255
Kandi,2.8297317181618586,11.036813952879587,54
Tori-Bossito,2.146479305018163,6.479617038143443,116
Location #12762,2.6617353924241796,11.321484795194415,57
Location #8339,2.6289059240172077,11.497572535111617,103
Parakou,2.526657600752535,9.472771275861263,46
Bopa,1.9231106214583344,6.623679904919164,52
Dassa-Zoumé,2.261539935850838,7.64277828308327,332
Location #16926,2.156372760068111,10.729186032769906,26
Sinzi,3.521729456938434,11.250396299961885,54
Barei,1.4836849131778975,9.634910278922884,64
Ouinhi,2.5338624804938608,7.063149858966767,10
Abeokouta,2.4479797153401517,6.8050315773284895,72
Pobè,2.7248909577696554,7.174094322841811,72
Gomè,2.02469795350182,6.3641582648373625,57
Agadjaligbo,2.1277616016159007,6.974972558327711,57
Location #10086,3.5565709283769835,11.199470669971674,77
Allada,2.0707069957548105,6.688553627929895,284
Location #10679,2.703934152722006,11.053492499813995,72
Location #2045,1.008816796593196,10.876631102032066,575
Location #15981,1.6858219783294006,8.892863171398332,39
Mafouta-Waassarè,3.668322302345063,11.12408260344767,1085
Domè,2.1913633795513663,7.096284116840693,54
Dogbo,1.7841996166787104,6.83992249046345,49
Takotiéta,1.0343340929859484,10.342908312288959,59
Kandi,2.925294671618923,11.086760963513562,54
Ouenou,3.2813492621180025,9.82375558801882,59
Abidomey,2.5827000184744846,6.732723319634663,113
Location #4802,0.919029298054799,10.520411568068479,206
Sanrou,2.8565856893312933,11.194441871863187,75
Kandi,2.9395647810179355,11.226474068692099,52
Ouenou,3.4044368249559995,9.97832774663326,1201
Allada,2.083827225130121,6.710894210131422,67
Péhunco,1.9337777650063916,10.250663054353804,67
Location #13379,1.0489930129372744,10.575260410511005,54
Allada,2.2084751164315577,6.720281724843962,124
Sekere,2.460338858600067,10.435104431574471,59
Illosso-Saharo,2.5769226318624123,6.761644096831033,521
Kossou,2.082379201574971,10.629452400496852,31
Ouenou,3.3088362700011626,9.872040455573774,28
Location #7683,2.647114103539818,10.58911412459476,113
Pobè,2.674660931169874,7.072968676999977,41
Location #16646,2.1618299220653006,10.950616848695383,31
Houéyogbé,1.8444080321035605,6.545099696474492,85
Dékanmè,2.023714270086005,6.541428782736055,255
Location #16909,2.616982506922772,11.303770232652745,26
Gogoro,2.6704914273851066,8.303025284465058,80
Kouandé,1.7134538203097203,10.313979578390414,88
Ouara,2.6927434017263865,10.660471077378066,108
Sakété,2.687364022745667,6.729413566230994,52
